company_number,name,postcode,region,sic_codes,status,cluster
SC036181,GALLOWAY GROUP LTD.,G2 1DY,G2,"25990,43210,43999",active,electrical
12098003,PROVISION ELECTRIC’S LTD,SL4 4JU,SL,"43210,61900",active,electrical
12013809,WN NETWORKS LTD,S5 9LG,S5,43210,active,electrical
11804301,HHS ELECTRICAL LIMITED,NG16 2EH,NG,43210,active,electrical
11320227,HRH BUILDING CONTRACTORS LTD,RH10 9FZ,RH,"43210,43220,43390,43910",active,electrical
11346812,MERSEY ELECTRICAL LTD,L3 9LQ,L3,43210,active,electrical
SC564792,HALES (SCOTLAND) LIMITED,KA12 8HL,KA,"43210,43220,43320,43330",active,electrical
SC590091,MCKINNON ELECTRICAL LTD,AB11 7XU,AB,43210,active,electrical
12402299,HARLEY-JAMES ELECTRICAL SERVICES LTD,OX4 1HE,OX,43210,active,electrical
10108876,LAJ ELECTRICAL LIMITED,LD1 5HF,LD,43210,active,electrical
11700135,AUTO ASSIST PLUS LTD,EN3 7EH,EN,"43210,45200,45320",active,electrical
11982005,S G ELECTRICAL (MANCHESTER) LTD,M7 4HP,M7,43210,active,electrical
08449561,ROBERTS CONTRACTING LTD,NG11 6FQ,NG,43210,active,electrical
11790012,MGEC NORTH WEST LTD,CW12 4TR,CW,43210,active,electrical
05793769,GBC ELECTRICAL ENGINEERING LIMITED,OL12 8RX,OL,43210,active,electrical
11321076,CRC RAIL LTD,RM1 3JT,RM,"42120,43210",active,electrical
12578229,ALARM MAINTENANCE CAMBRIDGE LIMITED,CB23 7AE,CB,43210,active,electrical
05810674,OPUS BUILDING SERVICES LIMITED,NE35 9LZ,NE,43210,active,electrical
12458714,EGHIMMEL LTD,CF14 8LH,CF,43210,active,electrical
14690900,AJRG ELECTRICAL LIMITED,DA14 4DT,DA,43210,active,electrical
NI623937,PETER MCCLAREY ELECTRICS LIMITED,BT51 3EQ,BT,43210,active,electrical
12633634,ALI PLUMBING AND HEATING SERVICES LTD,BB4 8SB,BB,"43210,43220,43290,46740",active,electrical
11699448,C & L ELECTRICAL SOLUTIONS LTD,OL4 2SY,OL,43210,active,electrical
11360120,SCJ ELECTRICAL LIMITED,NR25 6EF,NR,43210,active,electrical
NI664401,BRITE SPARK ELECTRICAL LTD,BT23 8XS,BT,43210,active,electrical
NI663845,PRECISION ELECTRICAL  CONTRACTS LTD,BT44 9ER,BT,43210,active,electrical
NI661763,JW ELECTRICS LTD,BT47 5NZ,BT,"33140,43210",active,electrical
NI658277,KGT SERVICES LIMITED,BT47 4LW,BT,43210,active,electrical
NI666778,GWW ELECTRICAL LTD,BT42 2NY,BT,43210,active,electrical
SC542816,ROSEMOUNT INDUSTRIAL LIMITED,DD1 5RR,DD,43210,active,electrical
10770880,W F ELECTRICAL SOLUTIONS LIMITED,SW1V 2DB,SW,43210,active,electrical
SC549380,ABRUCE POWER LTD,PA8 7EY,PA,43210,active,electrical
SC532560,MK FIRE PROTECTION ENGINEERS LTD,G2 6LD,G2,43210,active,electrical
SC530016,WIRE IN ELECTRICAL SERVICES LIMITED,ML2 0BG,ML,43210,active,electrical
10125810,LONDON CIRCUITS LTD,DA13 9JH,DA,43210,active,electrical
SC386356,WHITELAW ELECTRICAL SERVICES LIMITED,G45 9QT,G4,43210,active,electrical
SC389225,TD ELECTRICS LIMITED,G64 1HN,G6,43210,active,electrical
SC418771,IVERS ELECTRICAL LTD,AB25 3RT,AB,43210,active,electrical
10932726,G & B ELECTRICAL LIMITED,CV31 1XA,CV,43210,active,electrical
SC389361,FIRTH ELECTRICAL AND PROPERTY SERVICES LIMITED,EH48 2QN,EH,43210,active,electrical
SC585677,NWR ELECTRICAL PERTH LIMITED,DD1 5RR,DD,43210,active,electrical
SC587135,GMCL CONTRACTS LTD,G5 0GZ,G5,43210,active,electrical
SC559990,S MALONEY ELECTRICAL LTD,G75 8UW,G7,43210,active,electrical
SC559245,APTMS ELECTRICAL LIMITED,IV2 3RQ,IV,43210,active,electrical
10643043,LTV LIGHTING LTD,FY6 8EG,FY,43210,active,electrical
SC613344,NU-TECH SOLUTIONS LTD,IV3 5JT,IV,43210,active,electrical
SC610414,REL FIRE SYSTEMS LIMITED,ML1 2RT,ML,43210,active,electrical
SC623609,BON ACCORD ELECTRICAL & PLUMBING LIMITED,AB25 2XA,AB,"43210,43220",active,electrical
SC613952,G1 PROPERTY MAINTENANCE LTD,G40 2QF,G4,"43210,43220,43310,43320",active,electrical
SC626396,SL ELECTRICS LTD,G74 5BA,G7,43210,active,electrical
09018436,OSBISTON ELECTRICAL SERVICES LIMITED,EN6 1HS,EN,43210,active,electrical
10846997,OXFORD INSTALLATIONS LTD,OX25 5BL,OX,43210,active,electrical
08879239,BK DOOR INSTALLATIONS LIMITED,BL1 7HP,BL,43210,active,electrical
SC769185,ECOHANCE GROUP LTD,EH10 7DS,EH,43210,active,electrical
12452452,C&G HOME IMPROVEMENTS LTD,SA11 1PG,SA,"16230,38110,43210,43390",active,electrical
SC508684,SCOTT MCDADE LTD,G21 4JJ,G2,"33170,43210",active,electrical
SC483392,OEB ELECTRICAL SERVICES LTD,G66 3SR,G6,43210,active,electrical
SC451621,REBELI ELECTRICAL LTD,G75 8LB,G7,43210,active,electrical
SC462362,JM HUTT SERVICES LIMITED,DD3 0SS,DD,"09100,43210",active,electrical
SC509029,MG TECHNICAL LIMITED,G69 0LQ,G6,43210,active,electrical
SC599984,M & G BROWN ELECTRICAL LTD,G20 0LX,G2,43210,active,electrical
SC603664,CKA ELECTRICAL SERVICES LIMITED,IV30 8UJ,IV,43210,active,electrical
13546775,NISS INSTALLATION LIMITED,HA8 0RE,HA,"43210,80200",active,electrical
SC626791,ROBERT WALKER ELECTRICAL LIMITED,EH23 4SW,EH,"43210,43220",active,electrical
11549371,ELECTRITEC LTD,DE4 3JQ,DE,43210,active,electrical
09756709,CALLEVA BUILDING SERVICES LTD,RG26 3UD,RG,43210,active,electrical
09924782,S J ROSE ELECTRICAL CONTRACTORS LTD,LE13 0NQ,LE,43210,active,electrical
10110489,BUXTON ELECTRICAL CONTRACTORS LTD,SK17 6SY,SK,43210,active,electrical
10116419,LUCAS LARMOND ELECTRICAL SERVICES LTD,SW2 3BF,SW,"43210,61100,61200,61900",active,electrical
10682172,AP WOOD LIMITED,BS11 9AR,BS,43210,active,electrical
10656075,OLYMPUS ELECTRICAL & BUILDING SERVICES LTD,SS16 6TB,SS,"43210,43290,96090",active,electrical
11292698,GREATEST ON EARTH LTD,NE22 7LD,NE,43210,active,electrical
11199515,INTER SPECTRUM LTD,EC1V 2NX,EC,"41202,42120,42220,43210",active,electrical
11206868,KEARNEY ELECTRICAL LIMITED,M20 1JB,M2,43210,active,electrical
11304068,DULOVO LTD,SW20 9NS,SW,43210,active,electrical
11187150,SAFE BRIGHT LIMITED,S1 4RE,S1,43210,active,electrical
07789330,ELITE ELECTRICAL CONNECT LIMITED,LU6 3HS,LU,43210,active,electrical
05850592,M.S.B. INTERIORS LTD,TN21 8LS,TN,43210,active,electrical
SC641221,HOME FIRE PROTECTION SCOTLAND LTD,PA1 1BG,PA,43210,active,electrical
SC640595,EUROCAM FACILITIES MANAGEMENT LIMITED,G5 8NT,G5,43210,active,electrical
SC650349,DTC FUTURE INDUSTRIES LTD,G2 2QZ,G2,43210,active,electrical
04437153,G.M.S. ELECTRICAL LTD,BR3 3AX,BR,43210,active,electrical
09038773,EMC LIGHTING AND ELECTRICAL LTD,WA14 2QG,WA,43210,active,electrical
09034397,D.T.WATKINS ELECTRICS LIMITED,EN5 5SU,EN,43210,active,electrical
SC638474,STANFORD TECH SERVICES LTD,IV2 4YR,IV,43210,active,electrical
SC638368,PITREAVIE ELECTRICAL SERVICES LTD,DD3 9ED,DD,43210,active,electrical
SC637064,SUPREME INNOVATIVE SOLUTIONS LIMITED,G52 1PJ,G5,"43210,43220,43310,43320",active,electrical
SC638455,ANDREW D SCOTT LTD,KY12 8YP,KY,43210,active,electrical
10583020,CPF ELECTRICAL SERVICES LIMITED,ME3 9PP,ME,43210,active,electrical
10375054,PLUMMER ELECTRICAL & ROPE ACCESS LTD,FY4 5LZ,FY,43210,active,electrical
10339427,EASTARC SERVICES LIMITED,WC2H 9JQ,WC,"43210,43220",active,electrical
NI659738,JED ELECTRICAL CONTRACTS LTD,BT60 2HP,BT,43210,active,electrical
12525821,NATIONAL PLUMBERS DIRECT LTD,WC2H 9JQ,WC,"43210,43220",active,electrical
06592366,C S CABLING LIMITED,CR0 1NG,CR,43210,active,electrical
09570087,HS ELECTRICAL CONTRACTORS LTD,RM1 1DA,RM,43210,active,electrical
12355442,QUALITY REPAIRS LTD,HA9 6JN,HA,43210,active,electrical
04206772,WHITTLE ELECTRICAL CONTRACTORS LIMITED,PO7 7AN,PO,43210,active,electrical
12252983,MONISH RAJAGOPAL UK LTD,DN9 1TF,DN,"43210,43290",active,electrical
12260410,A C ELECTRICAL SERVICES ESSEX LIMITED,CM3 3JJ,CM,43210,active,electrical
03366967,P J ELECTRICAL LIMITED,TN12 7LP,TN,43210,active,electrical
04641036,ADVANCED CONNECTIONS LIMITED,BN3 2DJ,BN,43210,active,electrical
12150802,JMGL ELECTRICAL LTD,SE27 9LZ,SE,43210,active,electrical
15443698,ARLAS CONSTRUCTION LTD,E4 9LD,E4,"41202,43210,43220,81300",active,electrical
14087630,REFFELL ELECTRICAL LTD,CO4 5WR,CO,43210,active,electrical
12391852,EVO CHARGE LTD,PE32 1QR,PE,43210,active,electrical
12389678,SEKAR ELECTRICAL SERVICES LTD,CR0 6XE,CR,"43210,43220",active,electrical
12404282,MGM ELECTRICS MIDLANDS LTD,WS13 7AU,WS,43210,active,electrical
SC596431,MELLISH INDUSTRIAL SYSTEMS LTD,AB42 1BY,AB,"33140,43210",active,electrical
12330968,S AND J ELECTRICAL SERVICES ESSEX LIMITED,SS17 0JU,SS,43210,active,electrical
12325069,DON. W ELECTRICAL LIMITED,SS14 3JJ,SS,43210,active,electrical
11516883,HARMONYZ LTD,M8 0PF,M8,"43210,43290,43999",active,electrical
12302590,ELECSPUR LTD,PE32 1AG,PE,43210,active,electrical
12378755,ELECMECH LTD,CM8 1YR,CM,43210,active,electrical
12268243,TRIPLE BB LIMITED,RM1 3JT,RM,43210,active,electrical
12285350,THOMAS CAVANAGH ELECTRICAL SERVICES LTD,SK7 4LF,SK,43210,active,electrical
NI060442,GOH ELECTRICAL CONTRACTS LTD,BT34 5XU,BT,43210,active,electrical
08505835,TRANSFORM ENERGY MAINTENANCE SERVICES LIMITED,WS7 0LB,WS,43210,active,electrical
12002022,PHS ELECTRICS LIMITED,WS14 9TZ,WS,43210,active,electrical
10750739,BICKERTON ELECTRICAL SERVICES LIMITED,PO5 2NH,PO,43210,active,electrical
04518794,APPLETON ELECTRICAL SERVICES LTD,DL6 2AA,DL,43210,active,electrical
08062816,J WHITE ELECTRICAL SERVICES LIMITED,BS39 6YB,BS,43210,active,electrical
12325510,PENNINE DATA & ELECTRIC LIMITED,S36 1GN,S3,43210,active,electrical
11364746,GREEN POWER ENGINEERING LTD,BS37 7ED,BS,43210,active,electrical
12110103,THE ELIO GROUP LTD,CO1 1TG,CO,"43210,96090",active,electrical
11785993,BOUNTY ENERGY SOLUTIONS AND TECHNOLOGIES LTD,BS9 4PN,BS,"35110,35300,43210,43220",active,electrical
14840134,JAKE BRINDLEY ELECTRICAL LTD,CV12 9RA,CV,43210,active,electrical
11968486,KMCMAHON ELECTRICAL LTD,L13 9BN,L1,43210,active,electrical
12204334,M&E F.L. LTD,W10 6EN,W1,43210,active,electrical
12208185,BELYSE LTD,PL6 5XR,PL,43210,active,electrical
12210044,DENTON BUILDING SOLUTIONS LIMITED,WC2H 9JQ,WC,"43210,43220,43290,43310",active,electrical
12173274,ISLADORE LIMITED,L12 7JB,L1,43210,active,electrical
12179644,SENATHIPATHI EKA ELECTRICAL LTD,EC1V 2NX,EC,"43210,71129",active,electrical
12169366,JMS DATA SOLUTIONS LIMITED,MK14 5AB,MK,43210,active,electrical
11839971,INSTASONIC LIMITED,IG11 7GH,IG,"43210,43220,43290,43999",active,electrical
15719344,ECS PREMIUM ELECTRICIANS LIMITED,E4 9HL,E4,43210,active,electrical
12237287,SONIC PLUMBING AND ELECTRICAL LIMITED,BD4 8JL,BD,"43210,43220",active,electrical
11904586,BEECHCROFT SERVICES LIMITED,N3 2LT,N3,43210,active,electrical
12199561,E&G BUSINESS SERVICES LTD,RM6 6BU,RM,"41100,43210,43220,43320",active,electrical
12193177,MAD JACK'S CUSTOM'S LTD,BB5 3JL,BB,"29100,43210,49410,80100",active,electrical
12218361,NORTH WEST ELECTRICIAN LTD,PR4 6SN,PR,43210,active,electrical
12035298,J F B ELECTRICAL LTD,RH12 4TH,RH,43210,active,electrical
12031969,ELECTRICS 24 -7 LIMITED,N3 1DP,N3,43210,active,electrical
12037894,HAUTE VOLTAGE LTD,SE22 9BA,SE,"27320,27510,33140,43210",active,electrical
12037070,RIZE9 LTD,E9 5DX,E9,"43210,90010,96090",active,electrical
12033781,E&J HEATING AND ELECTRIC CONTRACTORS LTD,B73 5TR,B7,"43210,43220",active,electrical
12126244,ESSEX STREET LIGHTING LTD,PO3 5RJ,PO,43210,active,electrical
14095513,MP DISTRIBUTION SERVICES LIMITED,NN10 0UP,NN,43210,active,electrical
05814700,UXF PROPERTIES LIMITED,ST11 9HH,ST,"43210,82110",active,electrical
12104387,DE VERE ELECTRICAL SOLUTIONS LTD,SL7 1NT,SL,43210,active,electrical
12106265,OAKHOMESLONDON LTD,E14 9QT,E1,"41202,43210,43220,68100",active,electrical
12116313,BOSSO66 DESIGN LTD,E18 2LW,E1,"43210,43330,43341,43390",active,electrical
13987169,GIGAS 22 LTD,RM10 7PL,RM,"41202,43210,81300",active,electrical
12113298,BRADBURY IMPROVEMENTS LTD,WS1 1TJ,WS,43210,active,electrical
12086413,LM ELECTRICAL & MAINTENANCE SERVICES LTD,SR5 5AA,SR,43210,active,electrical
12069367,TEVCC LIMITED,SG1 1RG,SG,43210,active,electrical
12012029,D & M ELECTRICAL & MEDIA LIMITED,FY5 5EU,FY,"43210,61300",active,electrical
11362320,DSM ELECTRICAL & PROPERTY SERVICES LIMITED,RG1 4QA,RG,43210,active,electrical
12029505,TONI ELECTRICS LTD,CF14 8LH,CF,"35140,42220,43210",active,electrical
12044977,DRV ELECTRICAL LTD,BB11 4BS,BB,43210,active,electrical
12044880,JF ELECTRICS LTD,L18 1DG,L1,43210,active,electrical
12050159,DEX-ELEC LTD,SA5 8JQ,SA,43210,active,electrical
12139235,JAY GEE SPARKS LIMITED,LU4 0UY,LU,43210,active,electrical
12126626,BSB CONSTRUCTION AND DESIGN LTD,RG2 7TY,RG,"41201,41202,43210,43220",active,electrical
09948966,SAFE HOME ELECTRICAL SERVICES LTD,NG19 0LD,NG,43210,active,electrical
03978640,S.J. PHILIP LIMITED,SO53 3AP,SO,43210,active,electrical
06582780,ALBAVISHA LTD,RM7 9QD,RM,43210,active,electrical
10183864,IC ELECTRICAL SOLUTIONS LTD,OL2 5PA,OL,43210,active,electrical
03985577,DISSTECH SOLUTIONS LIMITED,SK8 3TD,SK,"43210,82990",active,electrical
06202909,BROWNS DESIGN & BUILD LIMITED,GU1 3NH,GU,43210,active,electrical
12203035,WORCESTER PARK ELECTRICAL LTD,SM1 2NB,SM,43210,active,electrical
07917780,KEYWORTH ELECTRICAL LIMITED,S64 8AP,S6,43210,active,electrical
14300991,ATREUS LTD,S1 2BJ,S1,43210,active,electrical
07228100,G HOPWOOD ELECTRICAL CONTRACTORS LIMITED,LS29 0PD,LS,43210,active,electrical
12566550,KRIS ELECTRICAL LIMITED,NN3 2SQ,NN,43210,active,electrical
12112196,EES CONTRACTS LTD,L37 3NP,L3,43210,active,electrical
NI678979,N.BROWN ELECTRICAL LTD,BT16 1JX,BT,43210,active,electrical
10702654,RUTHERFORD ELECTRICAL DESIGN LIMITED,CM6 3FD,CM,43210,active,electrical
07017694,SUN CARE MAINTENANCE LTD,NE40 4HR,NE,"33190,43210",active,electrical
12424974,CLS ELECTRICAL SERVICES LTD,NN10 0RA,NN,43210,active,electrical
06596777,GOODAIR LIMITED,SS17 9AA,SS,"35300,43210",active,electrical
06287805,J K ELECTRICS LTD,ME8 8PA,ME,43210,active,electrical
14841706,GWL COMPLIANCE LTD,LE67 9TR,LE,"43210,71200",active,electrical
12154968,KW ELECTRICAL LTD,LL11 4ZA,LL,43210,active,electrical
11631167,LEWIS CABLING SOLUTIONS LTD,LL18 5NT,LL,43210,active,electrical
09852825,SHROPSHIRE ELECTRICAL SOLUTIONS LTD,SY4 4NZ,SY,43210,active,electrical
14701712,UNITY ELECTRICAL CONTRACTORS LTD,B77 3LZ,B7,43210,active,electrical
05513604,NPS ENERGY LIMITED,OL2 6XR,OL,43210,active,electrical
11989406,KPJ ELECTRICAL SERVICES LIMITED,SN3 4TB,SN,43210,active,electrical
14126219,GILLIGAN ELECTRICAL LTD,IP12 4HU,IP,43210,active,electrical
10782166,CLOUD 9 CONSTRUCTION LTD,PO16 7BB,PO,43210,active,electrical
06786837,BALMER ELECTRICAL SERVICES LIMITED,E1 0SG,E1,43210,active,electrical
09655667,ARTISTRA RENOVATIONS LIMITED,RH17 7RE,RH,"41202,43210,43220,43390",active,electrical
13461909,BOND CONSTRUCTION AND JOINERY LTD,WC2A 2JR,WC,"43210,43220,43290,43320",active,electrical
07975353,ELECTRICAL INSTALLATIONS & TESTING LTD,H12 0TG,H1,43210,active,electrical
07505994,EURO ELECTRICAL CONTRACTORS LIMITED,DY6 9HS,DY,43210,active,electrical
10318557,ETMINOZA 6 LIMITED,HA1 3EX,HA,43210,active,electrical
11233104,INSTAHEAT BUILDERS LIMITED,NW10 2LJ,NW,"41202,43210,43220,43310",active,electrical
03786975,FIRST STRIKE ELECTRICAL LTD.,W1H 1PJ,W1,43210,active,electrical
08033097,MARK PETERS ELECTRICAL LIMITED,TA1 5AA,TA,43210,active,electrical
08062144,F H P ELECTRICAL LIMITED,LS20 8NH,LS,43210,active,electrical
14106906,F L S MIDLANDS LTD,B42 2NB,B4,43210,active,electrical
06556840,M S PROPERTY DEVELOPERS LTD,B90 3SD,B9,"41201,43210",active,electrical
06302560,MINSTER ALARMS LTD,YO32 9NQ,YO,43210,active,electrical
SC372533,CLYDE COAST ACCESS SERVICES LIMITED,KA25 7DR,KA,43210,active,electrical
08595326,UNITEC BUILDING SERVICES LTD,DA14 5FE,DA,"43210,43220,43999",active,electrical
12221357,EV COMPLETE LTD,TQ3 1PT,TQ,43210,active,electrical
12006153,FIXED ELECTRICAL SERVICES LTD,TN9 2UZ,TN,43210,active,electrical
11756603,J & K MECHANICAL LTD,ST5 6BX,ST,"43210,43220",active,electrical
14065232,SOUTH WALES ELECTRIC HEATING LIMITED,CF81 9EP,CF,43210,active,electrical
11833844,ASJ ELECTRICAL LIMITED,LU1 3BE,LU,43210,active,electrical
10839263,B&Y LTD,ME7 1QW,ME,"43210,43220,53202",active,electrical
06760327,MADLEC LIMITED,NG18 1QH,NG,43210,active,electrical
10656262,NORTHERN SPRINKLER SYSTEMS LIMITED,NE26 3QX,NE,43210,active,electrical
13606977,A-Z ELECTRICAL CONTRACTORS LTD,FY8 1QG,FY,43210,active,electrical
11995344,HMS AUTOMATED GATES LTD,HR2 7SL,HR,"43210,71129",active,electrical
14877203,RACKHAM ELECTRICAL LTD,SN4 0JB,SN,43210,active,electrical
14316116,A404 ELECTRICAL SERVICES LIMITED,HP7 0UT,HP,43210,active,electrical
04529231,D.J. & G.S. GARDNER LIMITED,ME5 0AP,ME,43210,active,electrical
11299273,FUTURE SHAPES LONDON LTD,E10 7AH,E1,"41202,43210,43310,43330",active,electrical
05363056,BAILEYS ELECTRICAL SERVICES LTD,PO2 9NH,PO,43210,active,electrical
09036767,NIKRO ELECTRICAL LTD,EX37 9QE,EX,43210,active,electrical
06199443,GARY MOSELEY LIMITED,NE34 8PN,NE,43210,active,electrical
14806457,JDCW LTD,DE65 5NE,DE,43210,active,electrical
09046749,PREMIER ELECTRICIANS LTD,OX26 3EE,OX,43210,active,electrical
10777273,G WEBB ELECTRICS LTD,DY13 8XX,DY,43210,active,electrical
14351405,TILLOTSON ELECTRICAL LIMITED,WS13 6BZ,WS,43210,active,electrical
10740009,STAYSAFE M&E LIMITED,S25 2XJ,S2,"43210,43220,43390",active,electrical
14826230,JM SPARROWS ELECTRICAL LTD,SG5 4ET,SG,"43210,43390",active,electrical
SC125061,JOHN HEANEY (ELECTRICAL) LIMITED,EH54 9DR,EH,43210,active,electrical
14141784,AIGBURTH ELECTRICAL LTD,L17 9PS,L1,43210,active,electrical
10329832,ZACK ELECTRICAL MAINTENANCE LTD,SE1 6PW,SE,"43210,43390",active,electrical
SC731473,NGA ECO SOLUTIONS LTD,G5 0YE,G5,43210,active,electrical
11730145,ABEM SERVICES LTD,RM14 3TS,RM,"43210,43220",active,electrical
03646350,B S ENTWISTLE ELECTRICAL CONTRACTORS LIMITED,OL9 9XB,OL,43210,active,electrical
14309164,M STAR PROPERTY SOLUTIONS LTD,HA3 9NA,HA,"41100,41202,43210,43220",active,electrical
SC811182,G KEENAN ELECTRICAL SERVICES LTD,ML6 6GB,ML,43210,active,electrical
12164598,SOUTHERN ALARM SERVICES LIMITED,EX39 1TW,EX,43210,active,electrical
04679743,HARVEY SYKES LTD,BH8 0DN,BH,43210,active,electrical
04051139,CLIFFORD GREEN ELECTRICAL LIMITED,ST13 5NS,ST,43210,active,electrical
15733800,TRUE VOLT ELECTRICAL LTD,NP19 9JF,NP,43210,active,electrical
14295003,EDELEC SERVICES LIMITED,RM1 1DA,RM,43210,active,electrical
09082764,A BINNS ELECTRICAL LTD,SS9 2UA,SS,43210,active,electrical
12039292,AMPLE POWER ELECTRICAL LIMITED,DN10 6AE,DN,43210,active,electrical
14862097,DB ELECTRICAL (CORNWALL) LTD,PL25 5AG,PL,43210,active,electrical
SC731682,OZLEC LTD,FK10 1RA,FK,"33140,43210",active,electrical
SC239399,A J CABLE SERVICES LIMITED,G75 0YL,G7,43210,active,electrical
12334004,NEW SYSTEM GROUP LIMITED,GU22 0HF,GU,43210,active,electrical
10733300,CJL ELECTRICAL SERVICES LTD,OL10 1JZ,OL,43210,active,electrical
09972990,REH ELECTRICAL SOLUTIONS LIMITED,AL10 9LB,AL,43210,active,electrical
05277201,FACILITEC PROPERTIES LIMITED,CR0 4WF,CR,"41201,43210",active,electrical
12640939,WHITE KNIGHT ELECTRICAL CONTRACTORS LTD,GU14 0RU,GU,43210,active,electrical
SC731024,DC ELECTRICAL SCOTLAND LIMITED,G46 8PZ,G4,"33140,43210,43999,59113",active,electrical
06581003,DENNIS GARDINER & CO LTD,BS21 6UH,BS,43210,active,electrical
11355851,ZANETTI BUILDING SERVICES LTD,BS25 5PB,BS,"43210,43220,43290",active,electrical
12832840,DINES INSTALLATIONS LTD,HX3 6AS,HX,43210,active,electrical
09009382,ANDREW GRIMSTEAD LIMITED,NP19 4EJ,NP,43210,active,electrical
11323272,NELIDE LTD,CV21 2HN,CV,43210,active,electrical
11959343,FINEFIX ELECTRICAL LTD,WC2A 2JR,WC,43210,active,electrical
SC628305,AA CIVILWORK LTD,G81 6AP,G8,"42990,43210,61100",active,electrical
05910431,B & MC LIGHTING LIMITED,NG22 9FE,NG,43210,active,electrical
07228993,LEACH-ELECTRICS LIMITED,AL3 7LR,AL,43210,active,electrical
14835068,ELECTRICAL INSPECTION TESTING LTD,SM6 8AL,SM,43210,active,electrical
04748078,WR ELECTRICAL CONTRACTORS LIMITED,DE1 1TJ,DE,43210,active,electrical
14118156,FIXED WIRE TESTERS LIMITED,LN2 4UZ,LN,43210,active,electrical
12136208,4EVER FLASH LTD,SM4 5BX,SM,43210,active,electrical
13373879,J.B ELECTRICAL SERVICES LTD,LE12 7RJ,LE,43210,active,electrical
08398253,MM ELECTRICAL CONTRACTING LIMITED,S60 8AP,S6,43210,active,electrical
09139367,PAUL SWANWICK LIMITED,NG11 0GZ,NG,43210,active,electrical
13961417,OMNI ELECTRICAL SERVICES LTD,KT8 1TN,KT,"43210,43390",active,electrical
06876456,PENDLE PERFORMANCE LTD,BB18 5PX,BB,43210,active,electrical
10215282,SBC ELECTRICIANS LTD,N12 8PG,N1,43210,active,electrical
13244940,VELEC LTD,LS25 1HB,LS,43210,active,electrical
10940177,WORKPLACE CHARGING LIMITED,NR35 2RJ,NR,43210,active,electrical
12048428,TAUNTON ELECTRICAL SOLUTIONS LIMITED,TA1 2PX,TA,43210,active,electrical
14815595,ELITE FIRE & ELECTRICAL LTD,BS36 1RH,BS,"43210,84250",active,electrical
13344667,FINEST ELECTRICAL LIMITED,BS37 6RJ,BS,"43210,70229,74100",active,electrical
08035640,BESPOKE SERVICE SOLUTIONS LIMITED,WC1N 3AX,WC,"43210,70229,71200",active,electrical
01194153,ROGER BUDGE (ELECTRICAL ENGINEERING) LIMITED,PE21 7NX,PE,43210,active,electrical
03982489,SBC ELECTRICAL SERVICES LIMITED,BS3 2DD,BS,43210,active,electrical
14813524,CAMBRIDGE SMART LTD,NR1 3DY,NR,43210,active,electrical
10102978,DW VENTURES LIMITED,CM1 2QE,CM,43210,active,electrical
13704965,MCNALLY RENEWABLES LIMITED,BD23 4QP,BD,43210,active,electrical
07125916,CDR ELECTRICAL (MIDLANDS) LTD,B91 2SX,B9,43210,active,electrical
07336653,SIMLEC LIMITED,CR2 9BW,CR,43210,active,electrical
10178952,L A K ELECTRICAL SERVICES LIMITED,NR1 3GE,NR,"43210,43999",active,electrical
08033997,TAGG INSTALLATIONS LTD,DA14 6NE,DA,43210,active,electrical
09548041,CME CONTRACTORS LTD,GL52 6JL,GL,43210,active,electrical
10632372,ALECT ELECTRICAL SERVICES LIMITED,DE7 5UE,DE,"43210,55209,68100,68209",active,electrical
10129233,3C ELECTRICAL LTD,CO6 1TW,CO,43210,active,electrical
04841773,M & R ELECTRICAL SERVICES LIMITED,SO40 9DP,SO,43210,active,electrical
14404692,INFUSED ELECTRICAL SERVICES LTD,RH12 4HT,RH,43210,active,electrical
05799110,PROTECTORCOMMS LIMITED,CF83 3HU,CF,43210,active,electrical
11333441,WATSON ELECTRICAL (SW) LTD,TA22 9PY,TA,43210,active,electrical
13702266,A DENNIS CONTRACTING LIMITED,DL14 6HX,DL,"43210,43320",active,electrical
09045652,HIBBS ELECTRICS LIMITED,B23 7DL,B2,43210,active,electrical
10316791,JCD ELECTRICAL SERVICES LTD,CV34 6LX,CV,43210,active,electrical
15721912,AMP ELECTRICAL CONTRACTING MCR LIMITED,BL4 7NS,BL,43210,active,electrical
03554881,M A L CONTRACT SERVICES LIMITED,IP1 2HA,IP,43210,active,electrical
07011441,TYKO ELECTRICAL SERVICES LTD,B79 7QB,B7,43210,active,electrical
11986948,SJCOEN ELECTRICAL SERVICES LIMITED,B31 5AX,B3,43210,active,electrical
04713536,LEES ELECTRICAL CONTRACTORS LIMITED,WA7 5EU,WA,43210,active,electrical
SC253721,ROBON LIMITED,ML3 0BP,ML,43210,active,electrical
14082736,TAB ELECTRICIANS LIMITED,BN14 7SJ,BN,43210,active,electrical
10111920,AJD GROUP LIMITED,NE4 9BA,NE,43210,active,electrical
13180321,ESSENTIAL ELECTRICAL NORTH EAST LIMITED,SR3 3PJ,SR,43210,active,electrical
12193847,A JONES ELECTRICS LTD,CH49 4QD,CH,43210,active,electrical
14696041,LM ELECTRICS LTD,N1 7GU,N1,43210,active,electrical
SC628155,ABE1875 LIMITED,EH22 2BL,EH,43210,active,electrical
12387025,ROBERT ALEXANDER ELECTRICAL LTD,TN11 9FD,TN,43210,active,electrical
13103541,BAILEY POWER SERVICES LTD,BN10 8JQ,BN,43210,active,electrical
SC477026,RWM ELECTRICAL SOLUTIONS LTD,IV2 5AF,IV,43210,active,electrical
10750126,W T OLLINGTON SERVICES LTD,CB25 0RA,CB,43210,active,electrical
11788905,MO POWER ELECTRICAL LTD,RM10 9YX,RM,43210,active,electrical
06446815,ESSEX GROUP HOLDINGS LIMITED,RM7 0HL,RM,43210,active,electrical
14679111,DESA CONTRACTORS LIMITED,E11 1HT,E1,"43210,43310,43341,43999",active,electrical
10847938,WORLD PROPERTY DEVELOPERS LTD,W1H 4PF,W1,"41202,43210",active,electrical
10159360,KFF ELECTRICAL LTD,S75 3LS,S7,43210,active,electrical
15722127,SEVEN HILLS SOLAR LTD,S1 4FW,S1,43210,active,electrical
08021656,BEECHWOOD ELECTRICAL CONTRACTING LIMITED,L20 7DA,L2,43210,active,electrical
07643708,ELVAC CONTROLS LTD,LN6 3AB,LN,"43210,43290",active,electrical
05767082,TOPSPARKS (UK) LIMITED,DT6 4RZ,DT,43210,active,electrical
10736457,PH INSTALL LIMITED,TN25 4AZ,TN,43210,active,electrical
09574297,ROYSTON ELECTRICAL SERVICES LIMITED,S75 5PT,S7,43210,active,electrical
11332133,STEVE DURR PLUMBING & HEATING LTD,CB8 9PG,CB,"43210,43220",active,electrical
12896914,ABE ELECTRICAL LTD,GU16 6LY,GU,"43210,71200",active,electrical
12533058,JLT ELECTRICAL CONTRACTORS LIMITED,SR8 2QJ,SR,43210,active,electrical
05887339,ROCKWELL ELECTRICAL LIMITED,HX4 9EJ,HX,43210,active,electrical
11978211,TOM JENKINS ELECTRICAL LTD,SA7 0AJ,SA,43210,active,electrical
07333088,T-CONNECT ELECTRICAL LIMITED,LE67 5QB,LE,43210,active,electrical
NI681980,FINLAY ELECTRICAL LTD,BT23 7DW,BT,43210,active,electrical
02685568,EUROFLAM LIMITED,OL11 2SL,OL,"43210,43999",active,electrical
05893432,K J BELL ELECTRICAL LIMITED,CA4 8ND,CA,43210,active,electrical
SC286174,CALDER ELECTRICS LIMITED,PA12 4AH,PA,43210,active,electrical
14092609,KHARAZM LTD,LS15 9EN,LS,"43210,71122,71129,82990",active,electrical
05457756,CHARGED 4 LIMITED,RM5 3BS,RM,43210,active,electrical
07723377,PLUMBFAST DES LTD,BD1 3JL,BD,"43210,43220",active,electrical
03272889,ADVANCED ELECTRICAL LIMITED,PE13 1EH,PE,43210,active,electrical
09593764,HLD CONSULTANTS LIMITED,WN6 9RX,WN,43210,active,electrical
03769187,TERRY BAKER ELECTRICAL CONTRACTOR LIMITED,TN23 1LJ,TN,43210,active,electrical
07013647,J BRACEY ELECTRICAL LIMITED,BA3 2DZ,BA,43210,active,electrical
05145686,RYDER ELECTRICAL LIMITED,CM7 1AD,CM,43210,active,electrical
09723797,M.A.C. INSTALL LTD,CR7 7QG,CR,43210,active,electrical
15721439,AIRE & WHARFE ELECTRICAL SERVICES LIMITED,BD16 3BN,BD,43210,active,electrical
13396193,WTF ELECTRICAL SERVICES LTD,SO15 2JU,SO,43210,active,electrical
10671428,CCS ELECTRICAL COMPANY LTD,S13 9XW,S1,43210,active,electrical
14382037,GALES ELECTRICAL SERVICES LTD,BH8 9RT,BH,43210,active,electrical
14635815,LCW ELECTRICIANS LTD,SE9 3RE,SE,43210,active,electrical
SC639314,C MAIN ELECTRICAL SERVICES LTD,G44 4BD,G4,"43210,61200",active,electrical
10771023,KENNY EVANS ELECTRICAL LTD,CM20 2DB,CM,43210,active,electrical
SC484334,GL ELECTRICAL CONTRACTORS LIMITED,G3 8AU,G3,43210,active,electrical
14876955,EARTHRISE ENERGY LIMITED,E1 0SG,E1,"42220,43210,43290",active,electrical
04534075,J & J HOMES LTD,L18 1DG,L1,"41100,43210,68209,68320",active,electrical
12409095,EFFICIENT ENERGY (NEWCASTLE) LTD,W1B 1PN,W1,43210,active,electrical
15723081,POWERMANN LTD,BH13 6DF,BH,43210,active,electrical
11022419,NRG SUSSEX LTD,BN12 4AD,BN,43210,active,electrical
08027438,BUYSCO LIMITED,WD3 3QQ,WD,"43210,43220,43290,47910",active,electrical
14077494,IJL ELECTRICAL SERVICES LIMITED,HX3 7PD,HX,43210,active,electrical
09030900,K. SUNG LIMITED,ME14 2AD,ME,"33200,43210,71121",active,electrical
03575411,BROOKS ELECTRICAL ENGINEERING SERVICES LTD,TW19 6BD,TW,43210,active,electrical
09185588,UNIELECTRIC SERVICES LTD,CR7 8AU,CR,43210,active,electrical
13567706,NORTH DEVON ELECTRICAL SERVICES LTD,EX31 4NQ,EX,43210,active,electrical
09004276,K DYSON ELECTRICAL LTD.,WF10 4PL,WF,43210,active,electrical
15723248,PLUGS OF ELECTRICS LTD,E14 0GQ,E1,43210,active,electrical
13937338,B A CABLING LTD,CM9 8LZ,CM,43210,active,electrical
10403431,AKJ ELECTRICAL LIMITED,BH8 9PL,BH,43210,active,electrical
14029911,WIN A BUILDER UK LIMITED,L33 7UY,L3,"41100,43210,43220,96090",active,electrical
09749890,LUQMAR LIMITED,E16 4AJ,E1,43210,active,electrical
14072910,SAM SAUNDERS LIMITED,BR6 7PR,BR,43210,active,electrical
12091044,HURRELL SOLUTIONS LTD,HP21 7NZ,HP,"33140,41202,43210,43220",active,electrical
14846836,ALMA ELECTRICAL LTD,BR5 3JN,BR,43210,active,electrical
14652387,NART ELECTRICAL LTD,BR4 0HR,BR,43210,active,electrical
14553748,ALL YOUR GAS PLUMBING & ELECTRIC NEEDS LTD,SO50 4RR,SO,"43210,43220",active,electrical
14297363,AM ELECTRICAL GROUP LTD,SS6 7HG,SS,43210,active,electrical
SC810529,SOBIE SPARK LTD,AB55 5AT,AB,43210,active,electrical
04275232,POWERLINK HOUSE LIMITED,BN13 3QS,BN,"43210,47990,69202,82110",active,electrical
12009755,HOBKIRK ELECTRICAL LIMITED,S8 7BS,S8,43210,active,electrical
12279359,NORRIS WHITE SERVICES LTD,WD17 4PT,WD,43210,active,electrical
08009670,CUTTS ELECTRICAL LTD,GU51 3AR,GU,43210,active,electrical
13271573,ELECTRIC MANN LIMITED,HA1 3EX,HA,43210,active,electrical
08419605,MARK HENDEN ELECTRICAL LIMITED,BA1 2FJ,BA,43210,active,electrical
09328513,MACLEC LIMITED,L2 2DY,L2,43210,active,electrical
07217781,HARRISON ELECTRICAL CONTRACTORS LTD,OL12 7HZ,OL,43210,active,electrical
08176987,DW ELECTRICS LTD,CR0 2TL,CR,43210,active,electrical
11373426,NORTH POINT ELECTRICAL LTD,OX5 1SD,OX,43210,active,electrical
07349100,SJ NEWTON ELECTRICAL LIMITED,TQ12 2QA,TQ,43210,active,electrical
06895527,AMP ELECTRICAL SERVICES LIMITED,SM3 9AG,SM,43210,active,electrical
10796647,PAUL BUCKLEY ENGINEERING SERVICES LIMITED,UB10 8PP,UB,43210,active,electrical
08548902,LEWIS CONTRACTORS LIMITED,GU1 1RU,GU,43210,active,electrical
SC447025,MCB ELECTRICAL LIMITED,KA12 8AN,KA,43210,active,electrical
05420786,LSC ELECTRICAL LIMITED,SO53 3TG,SO,43210,active,electrical
08367533,ALPHA ELECTRICAL CONTRACTOR LTD,TW4 5ER,TW,43210,active,electrical
04441132,SCL MANAGED SERVICES LIMITED,W1W 5PF,W1,"43210,43220,43290,81100",active,electrical
13224764,ADM ELECTRICAL SUSSEX LTD,PO20 8PS,PO,43210,active,electrical
06896734,MATT BROWNING LIMITED,RG42 5LD,RG,"43210,43290,43999",active,electrical
08164200,S E MANSFIELD ELECTRICAL SERVICES LTD.,GU27 2HW,GU,43210,active,electrical
06683415,POLARITY ELECTRICAL LIMITED,BH9 2DW,BH,43210,active,electrical
10904305,HM ELECTRICAL CONTRACTORS LIMITED,EN6 1QP,EN,43210,active,electrical
06830343,TLS ELECTRICAL LIMITED,CR5 1LR,CR,43210,active,electrical
04449701,CAM JOINERY LIMITED,SK8 1DR,SK,"41202,43210,43320",active,electrical
05083838,P & J SECURITY & ELECTRICAL SYSTEMS LIMITED,CW1 4NR,CW,43210,active,electrical
01636820,W. M. B. (INSTALLATIONS) LIMITED,M6 7NW,M6,43210,active,electrical
14345982,POWERWORKS EVC LTD,PO20 0QB,PO,43210,active,electrical
11368459,JAC INSTALLATIONS LTD,NE9 7TS,NE,43210,active,electrical
07604546,P H D ELECTRICAL SERVICES (LEEDS) LIMITED,LS28 6JP,LS,43210,active,electrical
08924084,K1 ELECTRICAL SERVICES LTD,BR1 5JY,BR,43210,active,electrical
12222813,BAILEY SPARKS LTD,LU6 2NT,LU,"43210,43999",active,electrical
14339953,TRL ELECTRICAL SERVICES LTD,BR5 4NE,BR,43210,active,electrical
SC617467,LAWSON E&I SERVICES LTD,G2 4JR,G2,43210,active,electrical
11965431,CIRRUS ELECTRICAL LIMITED,GL10 2AR,GL,43210,active,electrical
06381705,BEE ELECTRICAL LIMITED,BS15 3JT,BS,43210,active,electrical
14365436,EDSP SOLUTIONS LIMITED,DH4 5NL,DH,43210,active,electrical
09195391,R W P SOLUTIONS (MIDLANDS) LIMITED,WS11 0DB,WS,43210,active,electrical
14904137,ECOLECT TECHNICAL SERVICES UK LTD,DN6 8DA,DN,43210,active,electrical
14449930,MCB ELECTRICAL CONTRACTORS LTD,BD12 0NB,BD,43210,active,electrical
09187996,T. J. E ELECTRICAL SERVICES LIMITED,WS11 0DB,WS,43210,active,electrical
11379119,ELECTRICAL MANAGEMENT LTD,ME5 8UD,ME,43210,active,electrical
SC151215,ONE CALL LIMITED,AB10 1YL,AB,"41201,43210,43320",active,electrical
12481783,MAY CONNECTIONS LTD,BN26 6QH,BN,43210,active,electrical
12012437,A&P ELECTRICAL SERVICES LTD,GU21 6ET,GU,43210,active,electrical
12143790,HAMPTONS ELECTRICAL LTD,TF1 6QG,TF,43210,active,electrical
SC103346,A.J. ROBSON (ELECTRICAL) LIMITED,AB10 1UR,AB,43210,active,electrical
14879126,SOLEC GENERATION LTD,DY2 9HB,DY,43210,active,electrical
12827259,PRIME MEP SOLUTIONS LTD.,CR0 6TL,CR,"43210,71129",active,electrical
12166693,VITA GROUP (NW) LTD,M29 8AL,M2,43210,active,electrical
06260569,RIVERS ELECTRICAL LIMITED,BB10 4AL,BB,43210,active,electrical
06125873,EDUCATION DATA SERVICES (UK) LIMITED,SE23 3SR,SE,43210,active,electrical
13523877,HANDY ELECTRICS LTD,CM8 2JJ,CM,43210,active,electrical
13423737,GHOST FIRE & SECURITY LTD,BB4 8NF,BB,43210,active,electrical
10793251,DANTECH MEDIA LIMITED,ST8 6UL,ST,43210,active,electrical
12822174,H-MARC SAFETY SOLUTIONS LTD,EC1V 2NX,EC,"43210,61100,61200,80200",active,electrical
10750890,CAMS INSTALLATIONS LTD,DA9 9RS,DA,43210,active,electrical
14082725,EDWARDS POWER LIMITED,HP17 8EX,HP,"43210,70229",active,electrical
10751785,HEIGHT-EX NORTH WEST LIMITED,FY5 5HT,FY,43210,active,electrical
14119817,AL RASEF ROADS CONTRACTING UK LIMITED,E14 4QA,E1,"41100,42110,43210,43999",active,electrical
05831940,A.J.L. MIDLANDS ELECTRICAL SERVICES LTD,B92 8LJ,B9,43210,active,electrical
14327980,ARTEL ELECTRIC LIMITED,N20 9AB,N2,"42220,43210,43290,96090",active,electrical
03206124,ELLIS INTEGRATED SYSTEMS LIMITED,PO16 8XT,PO,43210,active,electrical
09165077,CERTIFIER LTD,SS11 8QS,SS,43210,active,electrical
10338730,ETJ ELECTRICAL LIMITED,ME14 4HR,ME,43210,active,electrical
05472261,ICAN PROJECT SOLUTIONS LTD,NE11 9SY,NE,43210,active,electrical
11545901,HAYK CORPORATION LTD,HA4 0RF,HA,"33140,33200,43210",active,electrical
SC544212,SHINNIE ELECTRICAL LIMITED,AB23 8BZ,AB,43210,active,electrical
10178707,S. C. ELECTRICAL (NORTH WEST) LIMITED,PR7 6DE,PR,43210,active,electrical
03378239,ELECTROMATION LIMITED,SN15 3HR,SN,43210,active,electrical
10720861,S&S ELECTRICAL INSTALLATIONS LTD,NN1 4EP,NN,43210,active,electrical
12020127,LBC NEW HOMES LTD,MK42 7QX,MK,43210,active,electrical
04478289,EBS ELECTRICAL LIMITED,MK45 4EB,MK,43210,active,electrical
10184690,INVICTA ELECTRICAL & BUILDING SERVICES LIMITED,ME15 6TF,ME,"43210,43390",active,electrical
13258810,HOME DESIGN ELECTRICAL LTD,EN7 6PQ,EN,43210,active,electrical
12216048,JLO PROJECTS LTD,ST6 7NG,ST,"43210,43320,70229",active,electrical
13996142,M-LEX LONDON LIMITED,SW17 9NJ,SW,43210,active,electrical
14907250,LONG'S ELECTRICAL SERVICES LTD,CM12 0DU,CM,43210,active,electrical
10319360,HARLINGTON ELECTRICAL SERVICE LTD,TW14 9RQ,TW,43210,active,electrical
11746865,ANGMERING ELECTRICAL SERVICES LTD,BN12 6PH,BN,43210,active,electrical
SC531319,PT NETWORKS LTD,AB32 6SY,AB,43210,active,electrical
08646108,J & M ELECTRICAL WEST LONDON LTD,UB7 9BP,UB,43210,active,electrical
SC281917,C & J ELECTRICAL INSTALLATIONS LTD.,G72 7XR,G7,43210,active,electrical
09043137,A WEAVER ELECTRICAL LIMITED,B34 7LD,B3,43210,active,electrical
07597723,IRH ELECTRICAL SERVICES LTD,SO53 3AP,SO,43210,active,electrical
14356152,RFG ELEC SERVICES LIMITED,BL6 7AF,BL,43210,active,electrical
10925113,DTC ELECTRICS LIMITED,SE6 1JL,SE,43210,active,electrical
10774373,GRANGE HOME SOLUTIONS LTD,SR5 1NT,SR,43210,active,electrical
05816238,GRAY SCOTT LTD,PO20 1ND,PO,43210,active,electrical
14340140,RAYLEIGH SERVICES LTD,CM12 0DU,CM,43210,active,electrical
03202850,ACCTIVE SYSTEMS LIMITED,TN8 5NB,TN,43210,active,electrical
11864632,INGERLITE ELECTRICAL & PROPERTY SERVICES LIMITED,BS21 7NR,BS,43210,active,electrical
04505601,RICHARD YARDY (2002) LIMITED,PE15 0RW,PE,43210,active,electrical
14322771,TUONO TECH SERVICES LTD,EN5 1AH,EN,"43210,43390,71129",active,electrical
13405725,TJ ELECTRICAL SOLUTIONS LTD,SE26 5BN,SE,43210,active,electrical
11587237,TNS ELECTRICAL CONTRACTORS LTD,N16 7UR,N1,43210,active,electrical
NI647228,SF ELECTRICS LIMITED,BT35 8RH,BT,43210,active,electrical
12011087,NOTTING HILL ELECTRICAL SERVICES LIMITED,W11 4SH,W1,43210,active,electrical
09057476,K.W. ELECTRICAL (HEREFORD) LTD,HR1 2LL,HR,43210,active,electrical
09220326,APS ELECTRICAL (LONDON) LTD,DA12 5HA,DA,43210,active,electrical
06391033,ONSITE ELECTRICAL LIMITED,PE30 2EU,PE,43210,active,electrical
13552515,WOLLATON ELECTRICAL LTD,NG8 2JH,NG,43210,active,electrical
13582816,JASMAN ELECTRICS LTD,LE4 1DW,LE,"33140,43210",active,electrical
11162832,THORNDEAN PROJECTS LTD,RH17 5SL,RH,43210,active,electrical
09540310,KRASI 23 ELECTRICAL LIMITED,N14 4QW,N1,43210,active,electrical
13583466,DFB ELECTRICS LTD,SS16 4SG,SS,43210,active,electrical
13574474,LOGOS CONTROLS LTD,CW11 3DQ,CW,"43210,63990",active,electrical
13590816,MV ELECTRICS LTD,SN12 6EE,SN,43210,active,electrical
14014243,CARROLL ELECTRICAL CONTRACTORS LTD,GL4 4UY,GL,43210,active,electrical
14081082,BUILDING MAINTENANCE AND ELECTRICAL LTD,CV21 2PD,CV,43210,active,electrical
04459649,DART ELECTRICS LIMITED,EX16 8TA,EX,43210,active,electrical
01873018,DELRON SERVICES LIMITED,ME14 2DZ,ME,"43210,43220,43999",active,electrical
09002284,CC ELECTRICS LTD,WC2H 9JQ,WC,43210,active,electrical
14887260,RD ELECTRICAL & MAINTENANCE SERVICES LTD,BD23 4EA,BD,"33140,43210,95210",active,electrical
12610272,AFH ELECTRICAL LIMITED,B64 5HJ,B6,43210,active,electrical
14887995,CCM MECHANICAL SOLUTIONS LIMITED,FY5 5HT,FY,43210,active,electrical
11881677,PRIME ELECTRICAL ENERGY LTD,HP19 9QE,HP,43210,active,electrical
13983290,AMPLE ELECTRICAL SERVICES LIMITED,CM2 6QG,CM,43210,active,electrical
09224291,S.L.H.C. ELECTRICAL LTD,SN10 5DQ,SN,43210,active,electrical
14838858,L.A. HARFORD ELECTRICAL LTD,PR7 3AA,PR,43210,active,electrical
08301952,K-SPARKS ELECTRICAL SERVICES LTD,CM23 3AR,CM,43210,active,electrical
02000305,CASS ELECTRIC COMPANY LIMITED,S62 6LL,S6,43210,active,electrical
04852764,EXCEL GAS SERVICES LIMITED,YO30 4XG,YO,43210,active,electrical
SC568307,CMC ELECTRICAL SERVICES LIMITED,G61 1LY,G6,43210,active,electrical
05712942,M D P ELECTRICAL SERVICES LIMITED,NR32 2HD,NR,43210,active,electrical
06251485,A&S ELECTRICAL SERVICES (MIDLANDS) LIMITED,B94 5HW,B9,43210,active,electrical
15737233,BLACKROCK ELECTRICAL ENGINEERS LTD,E17 7LX,E1,43210,active,electrical
08064529,S G ELECTRICAL(SUFFOLK) LTD,CB9 7FS,CB,43210,active,electrical
05133668,KESSY STEEL STRUCTURES LIMITED,NW9 6JG,NW,"41202,43210",active,electrical
09591552,ELECTRIX CELUTIONS (LINCS) LIMITED,PE20 2HG,PE,43210,active,electrical
SC811472,PHOENIX SOLAR ENERGY LIMITED,DG8 6ND,DG,43210,active,electrical
14804035,EXCELSIOR ELECTRICAL LTD,M18 8RN,M1,43210,active,electrical
11836442,THE WILTSHIRE GROUP LTD,SN10 1PW,SN,43210,active,electrical
12155791,ROY GELL ELECTRICAL INSTALLATIONS LTD,DL17 8JH,DL,43210,active,electrical
13887950,P&K CONTRACTING LIMITED,DN16 3GY,DN,"41100,41202,43210,43220",active,electrical
02772557,LEECH MECHANICAL SERVICES LIMITED,CM3 6LG,CM,"43210,43220,82990",active,electrical
04623720,POSITIVE FACILITIES MAINTENANCE LTD,CM3 6LG,CM,43210,active,electrical
15737857,ISORENOVATE LIMITED,TF3 3BA,TF,"43210,43290",active,electrical
10787589,BASELINE ELECTRICAL CONTRACTING LIMITED,SK8 7QH,SK,43210,active,electrical
08184031,UTILITY PROS (UK) LIMITED,HP18 0QJ,HP,"43210,43220",active,electrical
NI697047,CAMPBELL ELECTRICAL LTD,BT45 8LF,BT,43210,active,electrical
05350642,MECHURION LIMITED,CF44 0PY,CF,43210,active,electrical
12611449,ANGLO COMMERCIAL ELECTRICS LIMITED,NR30 2QP,NR,43210,active,electrical
13848671,DMC ELECTRICAL CONTRACTING LTD,BH5 1HN,BH,43210,active,electrical
11515131,SIGMAA ELECTRICAL LTD,E6 7AE,E6,43210,active,electrical
SC334454,MARLIN SPRINKLER INSTALLATION LIMITED,G53 7NP,G5,43210,active,electrical
12633601,ROHAN ELECTRICAL & MECHANICAL LIMITED,LS10 1NL,LS,43210,active,electrical
11517413,RALLY ELECTRICAL SERVICES LTD,CV2 2AH,CV,43210,active,electrical
15751065,CAW ELECTRICAL SERVICES LTD,M8 5AE,M8,43210,active,electrical
12791866,MMS ELECTRICAL LTD,N1 7GU,N1,43210,active,electrical
SC384253,GLAMAIG RAIL LIMITED,ML4 1JL,ML,"43210,71122",active,electrical
09045449,JW ELECTRICAL STAFFORDSHIRE LIMITED,ST4 8UR,ST,"33140,43210",active,electrical
13410575,VINCENT ELECTRICAL SERVICES LIMITED,NR30 5TP,NR,43210,active,electrical
03615130,LONDON & ESSEX ELECTRICAL CONTRACTORS LIMITED,BN11 1XE,BN,43210,active,electrical
08171663,MU2 ELECTRICAL LIMITED,HX2 9RT,HX,43210,active,electrical
11497454,SJA ELECTRICAL & SONS LTD.,OL16 4UD,OL,43210,active,electrical
12548826,PROTEST ELECTRICAL SERVICES LIMITED,NN7 4HD,NN,43210,active,electrical
12844831,AR INCORPORATED CONTRACTORS LIMITED,CV12 8RW,CV,43210,active,electrical
12673208,VOLTLOGIC LIMITED,NN7 4HD,NN,43210,active,electrical
12346378,BUNDY SERVICES LTD,SO45 6LA,SO,"43210,69202",active,electrical
11237669,EDWARDS ELECTRICAL SOUTH COAST LIMITED,BH23 1HB,BH,43210,active,electrical
07265249,HOPWOOD ELECTRICAL SOLUTIONS LTD,SO40 2NA,SO,43210,active,electrical
SC663133,CBI ELECTRICAL LTD,TD1 1RF,TD,43210,active,electrical
11056068,MDE ELECTRICAL SERVICES LTD,WA11 0JQ,WA,43210,active,electrical
09817307,EVERYTRADE NUNEATON LIMITED,CV10 9JL,CV,"43210,43220,43310,43390",active,electrical
14418419,UBIQUE ELECTRICS LTD,SK4 2ND,SK,43210,active,electrical
11704747,ELEKTROWE SOLUTIONS LIMITED,WN6 9HB,WN,43210,active,electrical
14733526,JET POWER & LIGHT COMMERCIAL LTD,HX3 6AS,HX,43210,active,electrical
03399251,J & B (ELECTRICAL) CONTRACTORS LIMITED,CV6 5PL,CV,43210,active,electrical
SC536634,STARKSTROM (SCOTLAND) LIMITED,PA3 1QG,PA,43210,active,electrical
15760990,CRESTVIEW TS LTD,SE24 9LR,SE,"43210,43220",active,electrical
08948179,SP LUNN ELECTRICAL LTD,IP31 1HG,IP,43210,active,electrical
11346019,ADM ELECTRICAL & GAS LTD,NW2 7TD,NW,"43210,43220",active,electrical
SC289016,GUS MACDONALD ELECTRICAL LTD.,FK17 8DX,FK,43210,active,electrical
05831765,QUALITY ELECTRICAL (BRISTOL) LIMITED,BS16 3TE,BS,43210,active,electrical
12858868,JC ELECTRICAL (BRIGHTON & HOVE) LTD,BN41 2YJ,BN,43210,active,electrical
12794042,SIMMONS ELECTRICAL SERVICES LTD,DA1 4NE,DA,43210,active,electrical
09612795,HK ELECTRICS LIMITED,TS5 7DY,TS,43210,active,electrical
10113556,DESA ELECTRICAL LTD,B76 1NB,B7,43210,active,electrical
08476987,GRACES ELECTRICAL LIMITED,RM8 3BL,RM,43210,active,electrical
11533025,RFP CONSTRUCTION LTD,MK13 7NZ,MK,"41201,42220,43210,43390",active,electrical
11987639,LONDON AND ESSEX ELECTRICAL LIMITED,RM13 9TX,RM,43210,active,electrical
15761199,MJ HACKETT ELECTRICAL LTD,WC2H 9JQ,WC,43210,active,electrical
11196647,RAW ELECTRICAL ENGINEERING SOLUTIONS LIMITED,CF48 1SA,CF,43210,active,electrical
14741958,PRO AC POWER LTD,TW4 5EZ,TW,"43210,43290",active,electrical
14567904,PLANET POWER ELECTRICAL LIMITED,BB12 8UW,BB,43210,active,electrical
12014561,JPF ELEC LTD,S75 2QQ,S7,43210,active,electrical
13315603,UNIVERSE HOME IMPROVEMENTS LIMITED,IG6 3SZ,IG,"43210,43220,43342",active,electrical
08921154,BLUE WIRE MECHANICAL & ELECTRICAL LTD,LS12 4JD,LS,43210,active,electrical
12234433,RIDGEWELL ELECTRICAL SERVICES LTD,RM12 5AG,RM,43210,active,electrical
05135608,J.L. CLARK & SON LIMITED,CV11 6SD,CV,43210,active,electrical
11170616,OPTIONS ELECTRICAL & MECHANICAL SERVICES LIMITED,BS15 3LA,BS,43210,active,electrical
12001950,G & G MAINTENANCE AND ELECTRICAL SERVICES LTD,N17 7NA,N1,"33140,41201,43210,47990",active,electrical
13419782,J BARKER ELECTRICAL LTD,YO25 5GE,YO,43210,active,electrical
04005625,S J DUBAS LIMITED,DT8 3AU,DT,43210,active,electrical
09780839,PJ ELECTRICAL MIDLANDS LTD,CV2 3AY,CV,43210,active,electrical
08088641,MULTIFORM CONSULTING LIMITED,N22 8RB,N2,"43210,70229",active,electrical
11434692,Y&H ELECTRICAL LTD,BL3 3JN,BL,43210,active,electrical
10422782,RLA ELECTRICAL SERVICES LIMITED,NE21 6NA,NE,43210,active,electrical
06522629,JON WRIGHT ELECTRICAL LTD,WN5 8ED,WN,43210,active,electrical
13121341,CPR CONTROLS LTD,RH2 7JN,RH,43210,active,electrical
14226314,TRUSTMARK ELECTRICAL LTD,CV4 9JX,CV,43210,active,electrical
SC425422,DWR ELECTRICAL LIMITED,KA1 5LA,KA,43210,active,electrical
07025393,G D A ELECTRICAL LIMITED,SG18 9QA,SG,43210,active,electrical
11995566,EDWARDS ELECTRICAL INSTALLATIONS LTD,ST8 6EW,ST,"33140,43210,71200",active,electrical
06610387,J BARSBY ELECTRICAL LTD,NG18 1BL,NG,43210,active,electrical
14614991,LIGHTFANTASIA LIMITED,IG11 7XD,IG,"43210,47540",active,electrical
14335611,HVN LIMITED,TN17 2DL,TN,"43210,43220",active,electrical
11368761,BARNET ELECTRICAL SERVICES LTD,W4 5PY,W4,43210,active,electrical
10214625,J&J ELECTRICAL LTD,WV4 6SY,WV,43210,active,electrical
13998934,ELEVATE ELECTRICAL SERVICES LIMITED,BB4 6RP,BB,43210,active,electrical
11854689,LJM ELECTRICAL SERVICES LIMITED,BN14 9JE,BN,43210,active,electrical
SC627602,CML ELECTRICAL SOLUTIONS LTD,G61 4NW,G6,43210,active,electrical
04112173,MARK STRINGER BUILDING LIMITED,YO21 3DY,YO,"43210,43320,43390",active,electrical
06623965,AC ELECTRICAL CONTRACTS (UK) LTD,HA3 0HD,HA,43210,active,electrical
10210976,JOHN CLAYTON ELECTRICAL SERVICES LTD,BD22 0NA,BD,43210,active,electrical
15760827,SPARX ELECTRICAL LIMITED,SS16 6HH,SS,43210,active,electrical
12748555,K-ELECTRICS (MIDLANDS) LTD,WV13 1PB,WV,"43210,43290,64929",active,electrical
09731552,ANGLIAN ELECTRICAL SERVICES LIMITED,SS11 7AT,SS,43210,active,electrical
03622848,M + E ENGINEERS LIMITED,ME1 3TS,ME,"33200,43210,71122,71200",active,electrical
15754686,AMPUP ELECTRICAL SOLUTIONS LTD,SK13 7TP,SK,43210,active,electrical
05594858,S D G ELECTRICAL SERVICES LIMITED,DA18 4AL,DA,43210,active,electrical
11980545,CUPRUM ELECTRICAL LIMITED,M18 7LP,M1,43210,active,electrical
12762786,WE POWER HOLDINGS LTD,BD16 1WA,BD,"33140,43210,47910",active,electrical
14235731,ENO’S ELECTRICS LTD,W5 3DW,W5,43210,active,electrical
12453928,FMJ SOLUTIONS LIMITED,RG10 9TZ,RG,43210,active,electrical
09256052,MARVEL ELECTRICAL LIMITED,N7 7QR,N7,43210,active,electrical
14156635,HJS ELECTRICS LTD,WF9 2NN,WF,43210,active,electrical
06921739,ORACLE SURVEILLANCE LTD,NG14 6LT,NG,43210,active,electrical
SC619434,ENVEVO LIMITED,ML4 3AD,ML,43210,active,electrical
04815365,NANTWICH ELECTRICAL LIMITED,CW5 6LE,CW,43210,active,electrical
13432236,LAZIMI ELECTRICAL SERVICES LIMITED,N22 8DF,N2,43210,active,electrical
09043299,HR ELECTRICS (UK) LTD,B42 2RG,B4,43210,active,electrical
05846159,ACAM ELECTRICAL LTD,SE28 8AL,SE,43210,active,electrical
08058437,COMMAND ELECTRICAL LTD,BR2 8NH,BR,43210,active,electrical
06895299,A R R ELECTRICAL LIMITED,NG7 6LB,NG,43210,active,electrical
03159852,C. AITKEN BUILDERS LIMITED,SW18 1PE,SW,"41202,43210",active,electrical
12350407,WEST HERTS ELECTRICAL LTD,DE24 8AA,DE,43210,active,electrical
09068515,G S JONES ELECTRICAL LIMITED,BS3 2NG,BS,43210,active,electrical
SC770541,DREAMY TRADES LTD,G84 7UE,G8,43210,active,electrical
09053306,NY BUILDERS LTD,SM4 6PQ,SM,43210,active,electrical
07285169,SPARKS PROPERTY SERVICES LIMITED,BS20 7LF,BS,"43210,43290",active,electrical
14854682,ETSE GROUP LTD,BN15 8TU,BN,"41100,41202,43210,43999",active,electrical
06757561,MPE GENERAL HOLDINGS LIMITED,SS16 6HH,SS,"43210,59112,74201",active,electrical
07272957,SILVESTERS ELECTRICAL CONTRACTORS LTD,HD8 8EL,HD,43210,active,electrical
11061143,DMW ELECTRICAL SERVICES LTD,RG10 0RQ,RG,43210,active,electrical
SC744478,SAFE CONTRACTING LTD,IV2 4GW,IV,43210,active,electrical
06118413,CAPITAL POWER & DATA LIMITED,SS9 1PE,SS,43210,active,electrical
15633133,TSF ELECTRICAL (DEARNE VALLEY) LTD,DN5 7JD,DN,43210,active,electrical
SC237350,RICHARD M. MACKENZIE LTD.,IV19 1BJ,IV,43210,active,electrical
07699851,SMW ENERGY LIMITED,GL4 4RQ,GL,43210,active,electrical
05117298,CALDER TEMPERATURE CONTROLS LIMITED,HX5 9DU,HX,"25990,27900,43210",active,electrical
13364662,UNITED NETWORKS SYSTEM LTD,TF3 2JF,TF,"33140,42220,43210,46520",active,electrical
12613849,N1 ELECTRICAL LTD,N1 7GU,N1,43210,active,electrical
01204553,S. COWLE ELECTRICAL LIMITED,IP7 6RN,IP,43210,active,electrical
13412359,PULSE ELECTRIC (LONDON) LIMITED,NW6 2EB,NW,"33140,43210",active,electrical
03781279,ENGINEERING SOLUTIONS & AUTOMATION LIMITED,L34 9AB,L3,"43210,62090,70229,82990",active,electrical
10714276,SHAF ELECTRICAL LIMITED,IG11 9LR,IG,43210,active,electrical
12044913,CHECKED ELECTRIC LTD,CR2 7AD,CR,43210,active,electrical
12615917,BREARLEY CONTRACTING LIMITED,LS13 4RT,LS,43210,active,electrical
13999113,PRO VOLT ELECTRICAL SERVICES LIMITED,LE67 1AD,LE,43210,active,electrical
14340887,EMERGENCY ELECTRICIAN CHELSEA LTD,SW3 5TX,SW,43210,active,electrical
NI046424,SB ELECTRICS LIMITED,BT33 0HR,BT,43210,active,electrical
15758990,T J SANDERS ELECTRICAL LTD,PO19 8RN,PO,43210,active,electrical
14751753,DATASERVIS LTD,RM11 1TX,RM,"42220,43210",active,electrical
NI059470,LCS ELECTRICAL LIMITED,BT44 0RW,BT,43210,active,electrical
NI618309,ADVANCED ENGINEERING GROUP LTD,BT79 0JS,BT,43210,active,electrical
03781589,MCLANE SPECIALIST INSTALLATION SERVICES LIMITED,RG45 7JD,RG,43210,active,electrical
SC742803,PAC MARKETING LIMITED,G66 5LX,G6,43210,active,electrical
04444083,ROTHWELL GROUP LTD,YO10 3DR,YO,43210,active,electrical
09511868,EUROPEAN REAL ESTATE GROUP LTD,EC1V 2NX,EC,43210,active,electrical
14511284,IA SOLUTIONS LIMITED,B98 7YZ,B9,43210,active,electrical
05173427,GARRY FENTON ELECTRICAL LIMITED,HA6 1LL,HA,43210,active,electrical
03378613,ARMSTRONG LIMITED,BS15 1AD,BS,"41201,43210,98000",active,electrical
14889836,CHARGE INSTALLATIONS LTD,WA10 2TF,WA,"43210,43910",active,electrical
10803736,H&B ELECTRICAL LTD,NE7 7ED,NE,43210,active,electrical
10186135,MKR ELECTRICAL LTD,N9 8EY,N9,43210,active,electrical
15744029,NLC ELECTRICAL LTD,PO7 7DT,PO,"43210,43290",active,electrical
13408945,MEC SOLUTIONS LONDON LTD,CR7 7JW,CR,43210,active,electrical
08400562,SHIRE ELECTRICAL LIMITED,NN15 6WJ,NN,43210,active,electrical
SC723423,BRODEN LTD,PH1 3DZ,PH,"41201,41202,43210",active,electrical
14913591,CSP ELECTRICAL CONTRACTORS LTD,EN8 0XL,EN,43210,active,electrical
08103518,SMG ELECTRICAL SERVICES LTD,CR2 9BW,CR,43210,active,electrical
09028302,EXPERT TRADE SERVICES LIMITED,ST5 6BX,ST,43210,active,electrical
NI652837,IMPERIUM ELECTRICAL IRELAND LTD,BT47 3XF,BT,43210,active,electrical
11985877,BARKER ELECTRICAL SOLUTIONS LIMITED,SS4 1PL,SS,43210,active,electrical
SC631899,ATD ELECTRICAL CONTRACTORS LIMITED,DG8 6EQ,DG,43210,active,electrical
14888469,MAER AUTOMATION LIMITED,SS7 5PW,SS,43210,active,electrical
07653689,ROBINSON & LOWE (ELECTRICAL) LTD,BL1 4BY,BL,43210,active,electrical
11987449,GLO ELECTRICAL SOLUTIONS LIMITED,HU17 9GW,HU,43210,active,electrical
01820959,TENCER LIMITED,HP12 3RD,HP,"43210,43220",active,electrical
03615465,R. YATES & CO LTD.,WV3 0EZ,WV,43210,active,electrical
14150473,DR SMART HOMES LTD,BN14 7AE,BN,43210,active,electrical
08844045,ALL SPARKS ELECTRICAL SERVICES LTD,DH6 1JE,DH,43210,active,electrical
11526795,A.F PROPERTY SOLUTIONS LTD,SE6 1UE,SE,"41202,43210,49420",active,electrical
11376969,A R E ELECTRICAL SERVICES LIMITED,LL11 3ES,LL,43210,active,electrical
08484668,PBE ELECTRICAL LIMITED,RH15 9AE,RH,43210,active,electrical
04219002,M.G. ELECTRICS LIMITED,CR0 1NG,CR,43210,active,electrical
07077520,GB ELECTRICAL INSTALLATIONS LTD,BN41 2DG,BN,43210,active,electrical
10792680,LIAM NEILL ELECTRICAL LTD,ME20 6BY,ME,43210,active,electrical
13109031,ZAP EV LIMITED,NN1 1TB,NN,43210,active,electrical
12167699,SMC ELECTRICAL DIVISION LTD,LS25 6EQ,LS,43210,active,electrical
13588784,MRE SERVICES LTD,DA14 4BG,DA,43210,active,electrical
10164893,RICHINGS ELECTRICS LTD,PO10 7BT,PO,43210,active,electrical
10755578,EL ELECTRICAL SERVICES LTD,E16 1TN,E1,43210,active,electrical
09516297,M W S ELECTRICAL (NW) LTD,L15 5AF,L1,43210,active,electrical
10167487,AJR MECHANICAL & ELECTRICAL LTD,EN1 1BX,EN,43210,active,electrical
07209201,DGD ELECTRICAL SERVICES LTD,SM2 5QE,SM,43210,active,electrical
15756429,MIDLANDS ECO INSTALLERS LTD,B23 7RJ,B2,"33140,43210,43290",active,electrical
10790128,HUBS SOLUTIONS LIMITED,CB25 0DU,CB,"43210,43220",active,electrical
SC477007,SC ELECTRICAL SPECIALISTS LTD,AB12 4TP,AB,43210,active,electrical
07364687,CETEC SYSTEMS LIMITED,BS21 6UH,BS,"43210,43290",active,electrical
04441557,SELECT ELECTRICS LIMITED,BS3 2NA,BS,43210,active,electrical
14366389,SS TESTING HULL LTD,HU8 0TU,HU,43210,active,electrical
14765100,BRADGATE ELECTRICAL DESIGN & SERVICES LIMITED,EN6 4AT,EN,43210,active,electrical
12205843,I-LECTRICIAN LIMITED,S6 2TS,S6,43210,active,electrical
10326153,D CLIXBY E & I TECHNICAL LIMITED,DN37 9PA,DN,43210,active,electrical
11504030,PFE DIRECT LIMITED,DA14 4DT,DA,43210,active,electrical
12824280,DOME ELECTRICAL SERVICES LIMITED,ME10 2JR,ME,43210,active,electrical
11302101,ELLIOTT MILBURN ELECTRICAL LIMITED,NE26 4DG,NE,43210,active,electrical
12604733,BMS ELECTRICAL TRAINING CIC,CO5 0QE,CO,43210,active,electrical
09025926,AM ELECTRICAL & BUILDINGS SERVICES LIMITED,SE26 6UN,SE,43210,active,electrical
13432885,BDJ PROJECTS LIMITED,E4 6HX,E4,"43210,80100",active,electrical
13853996,FCS CONCEPTS LIMITED,PO21 2DY,PO,"43210,43290",active,electrical
09054195,ANTHONY SELF LIMITED,N4 3AB,N4,43210,active,electrical
12052177,OHM SMART LTD,BB5 6SB,BB,43210,active,electrical
11722065,AMPERE ELECTRICAL SERVICES LIMITED,RG14 2LJ,RG,43210,active,electrical
13594249,SA SPARKS LTD,HA4 6LQ,HA,43210,active,electrical
06264155,QUARRYHILL LTD,IG4 5NX,IG,43210,active,electrical
10573633,DDK ELECTRICAL SERVICES LTD,M13 9UL,M1,43210,active,electrical
13038519,GIGO ELECTRICAL LTD,WR4 9AJ,WR,43210,active,electrical
14911243,J.C LIGHTING & ENTERTAINMENT LTD,BS5 8AB,BS,"33130,43210,60200,77291",active,electrical
14881998,WMG ELECTRICAL (SW) LIMITED,EX33 2LP,EX,43210,active,electrical
06676007,G N H ELECTRICAL SERVICES LTD,NN15 5YJ,NN,43210,active,electrical
10172830,EFT ELECTRICAL INSTALLATIONS LTD,PR9 7TR,PR,43210,active,electrical
SC812477,SM CABLE JOINTING LIMITED,KA7 2AY,KA,43210,active,electrical
12524032,TRIDENT MARINE ELECTRICAL LTD,NR31 9JN,NR,"27900,33140,43210,71200",active,electrical
SC768478,SHAUN LOGIE ELECTRICAL LTD,DD5 4UA,DD,43210,active,electrical
12712351,MODULAR SYSTEMS CONSTRUCTION LTD,WC2H 9JQ,WC,"41201,43120,43210,43220",active,electrical
14877143,IMPERIUM ELECTRICAL LTD,AL9 5ET,AL,43210,active,electrical
14489595,WIRRAL ELECTRICS LTD,CH41 0EF,CH,43210,active,electrical
15756536,CINEMATIC ELECTRICAL LTD,KT24 6RZ,KT,43210,active,electrical
03582893,HANSON ELECTRICAL SERVICES LIMITED,CO16 9LZ,CO,43210,active,electrical
06259923,MURRAYLECTRICS LTD,RG24 7DG,RG,"27900,43210",active,electrical
04452335,G T L INTERIORS LTD,CM4 9DW,CM,43210,active,electrical
04452693,GOLD ELECTRICAL LTD,SM6 9LU,SM,43210,active,electrical
08706134,S.P.T. ELECTRICAL INSTALLATIONS LTD,EN11 0FJ,EN,43210,active,electrical
11735309,COMFORT CONTROLS (GROUP) LIMITED,EC4A 1AN,EC,"43210,43220",active,electrical
07253661,GEOGREEN POWER LIMITED,NG5 1AY,NG,"43210,43220,43290",active,electrical
10182041,S & S ELECTRICAL (YORKSHIRE) LTD,DN11 8DH,DN,43210,active,electrical
14199669,MLT ELECTRICAL LIMITED,RM1 3JT,RM,43210,active,electrical
14145971,DTA ELECTRICAL MECHANICAL LIMITED,WC2H 9JQ,WC,"43210,43220",active,electrical
13353936,AMAZON GARAGE DOORS LIMITED,L2 2DY,L2,43210,active,electrical
13955856,RAGLESS ELECTRICAL SERVICES LIMITED,PO21 2ET,PO,43210,active,electrical
06602984,CAPITAL CITY SOLUTIONS LIMITED,NG10 1NJ,NG,"43210,43220,43290,43390",active,electrical
13194241,GARNER ELECTRICAL SERVICES LTD,NR19 1AD,NR,43210,active,electrical
09156071,S P ELECTRICAL (SW) LIMITED,BS4 3SZ,BS,43210,active,electrical
15078573,HALL ELECTRICAL LTD,LL65 1PE,LL,43210,active,electrical
SC698123,HENDERSON ELECTRICAL SCOTLAND LTD,DD2 1JU,DD,43210,active,electrical
12625261,SEVERN SPARKS LTD,GL3 2AP,GL,43210,active,electrical
14535290,MJ SECURITY (BRIGHOUSE) LIMITED,HD6 3EQ,HD,43210,active,electrical
12530071,ELECTRICAL EXPERTS LIMITED,CV5 8HL,CV,43210,active,electrical
SC771355,DAY & NIGHT ELECTRICAL SERVICES LTD,G42 8JN,G4,43210,active,electrical
04767274,PEARMAIN ELECTRICAL LIMITED,CM3 6YD,CM,43210,active,electrical
15764857,ALEX FLOWER ELECTRICAL LTD,BS48 2DU,BS,43210,active,electrical
10789665,4A ENGINEERING AND TECHNOLOGY LIMITED,N17 9LJ,N1,"43210,43999,71122,71129",active,electrical
SC618294,RVCS DEVELOPMENTS LTD,AB12 3SZ,AB,"43210,43390,62090,68209",active,electrical
03943847,DOUGLAS D.B.S. LIMITED,WF17 7LE,WF,43210,active,electrical
12269336,R WAINE ELECTRICAL LIMITED,PR7 5SW,PR,43210,active,electrical
08405734,A ALLEN ELECTRICAL LTD,TA20 2SW,TA,43210,active,electrical
12642705,G ROBINSON ELECTRICAL LIMITED,HU3 6UU,HU,43210,active,electrical
10375903,A.C.E. SOLAR GREEN BUILDING SERVICES LTD,RM2 6JN,RM,43210,active,electrical
05832754,GILDEN TEST & INSPECTION LIMITED,TN13 3TQ,TN,43210,active,electrical
14390852,RLMTS CONTROLS LTD,NP20 4EL,NP,"33140,43210,71121",active,electrical
08912297,ELECTRICIAN OF LONDON LIMITED,IG7 4BS,IG,43210,active,electrical
09540592,NICKLIN ELECTRICAL CONTRACTING LIMITED,DY6 8BQ,DY,43210,active,electrical
07155193,SPARKLIFE LTD,RG27 8NY,RG,43210,active,electrical
09945768,S E (NE) ELECTRICAL LTD,NE3 4LP,NE,43210,active,electrical
12876655,EVOLUTION ELECTRICAL YORK LTD,YO30 4XF,YO,43210,active,electrical
09352584,SAFEZONE ELECTRICAL LIMITED,PE12 7LR,PE,43210,active,electrical
13010960,S2K INDUSTRIAL SERVICES LIMITED,S80 3AF,S8,"33110,33120,43210",active,electrical
12708085,STARBUCKS ELECTRICAL SERVICES LTD,DE13 0JJ,DE,43210,active,electrical
15764865,J BOWLES ELECTRICAL LTD,CB24 6BG,CB,43210,active,electrical
07861578,J1 ELECTRICAL LIMITED,L12 9LE,L1,43210,active,electrical
13798664,KMC BUILDERS & FIRE CONTRACTORS LTD,EX8 3LH,EX,"43210,43390",active,electrical
14340069,PH RENEWABLES LIMITED,HU10 7RS,HU,43210,active,electrical
15765229,GRAFTER SERVICES LIMITED,HP18 0QJ,HP,"16230,43210,43220,81210",active,electrical
12117811,SUB ZERO HOLDINGS LIMITED,S7 2QD,S7,"35300,43210,64209,71129",active,electrical
11401901,DMD LIGHTING LIMITED,NE20 9QW,NE,43210,active,electrical
11383264,GLOUCESTERSHIRE ELECTRICAL SERVICES LTD,GL20 7SF,GL,43210,active,electrical
12032310,TOTAL REWIRE NW LTD,PR6 7BN,PR,43210,active,electrical
11844186,EKKO INSTAL LTD,DN2 4EX,DN,43210,active,electrical
12857090,DANIEL ELECTRICAL SERVICES LIMITED,RG2 7TD,RG,43210,active,electrical
15764719,STERRY ELECTRICAL SOLUTIONS LTD,IG10 2ER,IG,43210,active,electrical
13941176,AFTERGLOW ELECTRICAL LIMITED,CM14 4BA,CM,43210,active,electrical
06919678,FARRAR ELECTRICAL LIMITED,HD4 7LW,HD,43210,active,electrical
13327540,BRAYLAND ELECTRICAL LTD,DA1 5BU,DA,43210,active,electrical
08357498,EIC SERVICES LIMITED,MK45 4PU,MK,43210,active,electrical
12544754,COSMIC INTEGRATED LTD,GU17 0NJ,GU,"43210,80200",active,electrical
05857024,PHASE ELECTRICAL CONTRACTORS LTD,KT19 8RS,KT,43210,active,electrical
14035237,JPO PROPERTY SERVICES LTD,SW19 3NW,SW,"41202,43210",active,electrical
13145809,EHU POWER LTD,NE65 9HJ,NE,43210,active,electrical
08085605,MGH ELECTRICAL (UK) LTD,WA10 1FZ,WA,43210,active,electrical
04185776,BADGER CONTROLS LIMITED,SG14 1BP,SG,43210,active,electrical
09065450,T PHIPPS CONSTRUCTION SERVICES LIMITED,S81 8EB,S8,43210,active,electrical
14296894,XLEC SERVICES LTD,CH5 2SD,CH,43210,active,electrical
08630884,NEIL STEVENS LIMITED,BH22 9AU,BH,43210,active,electrical
14501833,JUICED MECHANICAL & ELECTRICAL LTD,EC2A 4NE,EC,"43210,43220",active,electrical
05165641,WARNER SERVICES LIMITED,GL52 3NG,GL,43210,active,electrical
14909758,NEWLEC ELECTRICAL LTD,SS11 8GH,SS,43210,active,electrical
06966708,JRA INSTALLATIONS LIMITED,IP20 9PD,IP,43210,active,electrical
13424459,IPOWER LONDON LTD,RM16 4EL,RM,43210,active,electrical
14859041,J WALLIS ELECTRICS LIMITED,CB8 7BW,CB,43210,active,electrical
13438966,P D LIDGE LTD,SG8 9EX,SG,43210,active,electrical
06611424,MBE CONTRACTING LTD,PR3 1WZ,PR,43210,active,electrical
11374373,R L ELECTRICAL (SWINDON) LTD,SN1 4BA,SN,43210,active,electrical
14524639,PROGRESSIVE ELECTRICAL SOLUTIONS LTD,S12 2TN,S1,43210,active,electrical
10650341,INTER-AFRIC GROUP LTD,N17 9QU,N1,"43210,68100",active,electrical
10805105,FLOW ELECTRICS LTD,RH17 7RU,RH,43210,active,electrical
12965287,CONNECT AUTOMATION LIMITED,BR4 9DZ,BR,43210,active,electrical
07077416,OJ POOLE ELECTRICAL SERVICES LIMITED,AL1 4XE,AL,43210,active,electrical
05459825,E WALKER LIMITED,M1 1HR,M1,43210,active,electrical
10764162,J.S.G ELECTRICAL SERVICES LTD.,SE18 6SS,SE,43210,active,electrical
11645035,JL SECURITY (NW) LTD,CW6 0UL,CW,"43210,43341,80200",active,electrical
10896017,CRAZE ELECTRICAL SERVICES LTD,EX39 3AZ,EX,43210,active,electrical
NI663516,MGE ELECTRICS LTD,BT70 1LN,BT,43210,active,electrical
08057386,OHM ASSOCIATES LIMITED,HA2 7HJ,HA,"43210,62090",active,electrical
12873003,EASTGRAND LIMITED,EC1V 2NX,EC,"41201,43210,43290,43390",active,electrical
14890954,LCH ELECTRICAL SERVICES LTD,NN5 6BT,NN,"43210,43390",active,electrical
09546250,ALLIBONE ELECTRICAL SERVICES LIMITED,GU9 9FT,GU,43210,active,electrical
05827520,COCKELL ELECTRICAL LTD,NG18 1BL,NG,43210,active,electrical
14039093,GRICE ELECTRICAL LTD,YO32 9US,YO,43210,active,electrical
15763975,ELECGEN SERVICES LIMITED,WD19 7QN,WD,43210,active,electrical
14349872,BIRLING PROPERTY SERVICES SUSSEX LTD,BN20 0DL,BN,43210,active,electrical
11534395,BARRETT’S ELECTRICAL LTD,IP12 4EZ,IP,43210,active,electrical
06731331,DDR ELECTRICAL LIMITED,DL9 4QN,DL,43210,active,electrical
05470469,PHASE ELECTRICAL SERVICES LIMITED,EN8 7AN,EN,43210,active,electrical
13791481,ECO VEHICLE CHARGES (EVC) LTD,EC2N 4AH,EC,43210,active,electrical
06294877,ABCA SYSTEMS LIMITED,NE27 0QJ,NE,43210,active,electrical
02514932,ENERGI CABLE SERVICES LIMITED,SS15 6PX,SS,43210,active,electrical
08536462,DPL LIGHTING LTD,RG21 8EN,RG,43210,active,electrical
09049535,TONGUE ELECTRICAL SERVICES LIMITED,LE67 4BF,LE,43210,active,electrical
10791504,CU29 ELECTRICAL LIMITED,ME2 2BF,ME,43210,active,electrical
SC680279,ALLAN BRYCELAND ELECTRICAL LTD,G61 1JB,G6,43210,active,electrical
14353882,EMPIRE ELECTRICAL GROUP LTD,WF10 5US,WF,43210,active,electrical
08688439,SERVO AUTOMATION LTD,WS9 8PT,WS,43210,active,electrical
07995071,S M HARROP LIMITED,SW19 8JG,SW,43210,active,electrical
05456381,VISUALIZATION LIMITED,SL6 7QU,SL,"43210,61900",active,electrical
12162264,IJB ELECTRICAL LIMITED,IG1 4TG,IG,43210,active,electrical
10765948,RICKABY POWER SERVICES LIMITED,DN3 1EH,DN,43210,active,electrical
00859843,"STALLARD & CO,(ELECTRICAL)LIMITED",GL53 0HS,GL,43210,active,electrical
11137810,BCH ELECTRICAL LTD,L18 1DG,L1,43210,active,electrical
10163131,SYNTEC ELECTRICAL SERVICES LTD,W13 9AA,W1,43210,active,electrical
15724045,NRS NETWORK INSTALLATIONS LTD,ME15 6JD,ME,"43210,43290",active,electrical
06068658,PAUL HALLAS ELECTRICAL SERVICES LIMITED,OL4 4ED,OL,43210,active,electrical
14311249,CJ ELECTRICAL ENGINEERING LTD,BS34 7QU,BS,43210,active,electrical
09008180,LONDON LIGHTING AND FACILITIES MANAGEMENT LIMITED,RM10 7XJ,RM,43210,active,electrical
11706890,JLEC LTD,GL50 1NW,GL,43210,active,electrical
05800344,BLACKMOOR KNIGHT LTD,CM12 0BZ,CM,"43210,43220,43390",active,electrical
12001384,MA ELECTRICAL & SECURITY LTD,SW3 2NX,SW,43210,active,electrical
13547609,GREENLIGHT ELECTRICAL SERVICES LTD,RG5 3NY,RG,43210,active,electrical
14870569,TOWN ELECTRICAL SOLUTIONS LTD,NN2 7AZ,NN,43210,active,electrical
14839369,FAB UK MAINTENANCE LTD,RM17 5DS,RM,"43210,43999",active,electrical
10352656,R NUNN ELECTRICAL LTD,DA14 4DT,DA,43210,active,electrical
13268784,B KELLY ELECTRICAL LTD,L16 7QR,L1,43210,active,electrical
06899665,GLOWZONE SUSSEX LTD,KT14 6SD,KT,"43210,43220",active,electrical
SC592987,CLYDE ELECTRICAL SOLUTIONS LIMITED,ML6 7QS,ML,43210,active,electrical
08994141,ASHWOOD ELECTRICAL LIMITED,KT13 0NY,KT,43210,active,electrical
13373150,PURE POWER ELECTRICAL LTD,E1 5NP,E1,43210,active,electrical
07236173,VOLT ELECTRICAL CONTRACTORS LTD,NG10 1NJ,NG,43210,active,electrical
08533923,HASLUCKS GREEN ELECTRICAL LIMITED,B90 3RQ,B9,43210,active,electrical
09180466,O AND M ELECTRICAL SOLUTIONS LTD,B26 1AR,B2,43210,active,electrical
11321507,G VALLEY ELECTRICAL LTD,RH11 0PR,RH,43210,active,electrical
04518683,IAN RIDLER ELECTRICAL LIMITED,GL5 3TS,GL,43210,active,electrical
09496131,KS MILLS ELECTRICAL CONTRACTOR LIMITED,DN9 3HS,DN,43210,active,electrical
06682902,SLAV LIMITED,BR2 7JN,BR,43210,active,electrical
SC474753,RP ELECTRICAL SOLUTIONS LIMITED,DD4 9FP,DD,"09100,43210",active,electrical
14865105,ELCO TECH LTD,N13 5QX,N1,"42220,43210",active,electrical
SC672333,SMARTECH ELECTRICAL LTD,IV30 6NG,IV,43210,active,electrical
07412355,SPD ELECTRICAL CONTRACTORS LIMITED,TN25 6EJ,TN,43210,active,electrical
09304584,INNOX ELECTRICAL LTD,GU6 8RE,GU,"43210,43999,96090",active,electrical
09172999,S.S. ELECTRICAL CONTRACTORS LIMITED,S64 8AP,S6,43210,active,electrical
04880487,JAM ELECTRICAL SERVICES LTD.,DA1 1BB,DA,43210,active,electrical
03368960,GPC NETWORK SERVICES LIMITED,NG1 4JA,NG,43210,active,electrical
07936591,PORTSMOUTH ELECTRICAL LTD,PO3 5RJ,PO,43210,active,electrical
13052229,SEC CONTRACTING LTD,HA3 8DP,HA,43210,active,electrical
10329215,FUSETEC LIMITED,LL17 0JA,LL,43210,active,electrical
15724160,NORTHERN COMPLIANCE SERVICES LIMITED,S3 8DG,S3,"43210,84250",active,electrical
12065246,BLUESQUARE BUILDING SERVICES LIMITED,CM9 8NX,CM,"41100,43210,43220,68209",active,electrical
08327842,A L ELECTRICS LTD,LE13 1TT,LE,43210,active,electrical
04613540,A.G.E. ELECTRICAL SERVICES (AYLESBURY) LIMITED,HP16 0HB,HP,43210,active,electrical
11694819,B&M S4U LIMITED,PE29 1PP,PE,"35300,43210,43220,49410",active,electrical
13899529,JAL ELECTRICAL SOLUTIONS LTD,PR9 8BL,PR,43210,active,electrical
12836863,G-LEC ELECTRICAL SOLUTIONS LTD,OL16 2AX,OL,"43210,43999",active,electrical
NI645706,ARK INTEGRATED SOLUTIONS LTD,BT24 8EB,BT,"26120,27900,43210,43999",active,electrical
08531447,SHIFT ELECTRICAL LIMITED,NP20 5RE,NP,43210,active,electrical
14864710,LC ELECTRICAL & PROPERTY SERVICES LTD,B13 0HY,B1,"43210,43390",active,electrical
14110349,BENZAR ELECTRONICS LTD,L24 9HZ,L2,"33140,43210,46520,95210",active,electrical
14687597,CARDO CONTRACTORS LTD (SOUTHERN) LTD,RH1 3ER,RH,"43210,43330,43341,43390",active,electrical
08262922,HIJ ELECTRICAL CONTRACTORS LTD,SY22 5HD,SY,43210,active,electrical
SC631188,MIDLOTHIAN VENTILATION SERVICES LTD,PH2 0AF,PH,"28250,43210",active,electrical
12135145,OGDEN & HARRIS ELECTRICAL SERVICES LTD,BN21 3XE,BN,43210,active,electrical
08302896,R LYONS ELECTRICAL LIMITED,LL30 1YY,LL,43210,active,electrical
06907464,TECHNICAL POWER AND MAINTENANCE LIMITED,DE3 0UF,DE,43210,active,electrical
14174117,IRON FLAG GLOBAL LIMITED,WC2H 9JQ,WC,"43110,43210",active,electrical
SC732713,WBMH ELECTRICAL & SERVICES SCOTLAND LTD,FK8 2LP,FK,43210,active,electrical
11125723,M. DURY AND NICH LIMITED,NW7 2LG,NW,43210,active,electrical
03751041,WESTROW SERVICES LIMITED,N13 4XE,N1,43210,active,electrical
09690677,AJC ELECTRICAL INSTALLATIONS LTD,HP19 9GN,HP,43210,active,electrical
07602755,BUNN ELECTRICAL CONTRACTORS LIMITED,CT1 1DL,CT,43210,active,electrical
10753759,P.M. ELECTRICAL ESSEX LTD,CO3 9EJ,CO,43210,active,electrical
11027183,HARMONY ELECTRICAL LIMITED,PE7 3JD,PE,43210,active,electrical
07229468,ELECTRON DEVELOPMENTS LIMITED,PO14 4SY,PO,43210,active,electrical
07080756,IEC LEEDS LTD,WF8 2RN,WF,43210,active,electrical
14874046,STAFFORDSHIRE SOLAR LTD,ST15 0RZ,ST,"43210,43290",active,electrical
14834681,MJD LIMITED,SS12 9HA,SS,43210,active,electrical
11341649,TRIEX LIMITED,WC2H 9JQ,WC,"42220,43210",active,electrical
15725446,DENEV ELECTRICAL LIMITED,L36 1XG,L3,43210,active,electrical
14867530,PHOTON RENEWABLES LIMITED,PO5 2ET,PO,43210,active,electrical
04061405,D-TECT SECURITY SYSTEMS LTD,S71 3HR,S7,43210,active,electrical
SC364061,MME ELECTRICAL SERVICE LTD.,PA1 1TJ,PA,43210,active,electrical
14306413,BEACON ELECTRIC LTD,DN10 5AE,DN,43210,active,electrical
14086924,SWANAGE SPARKS LTD,BH19 2SE,BH,43210,active,electrical
09035497,REEVES ELECTRICAL SERVICES LIMITED,ME7 2DH,ME,43210,active,electrical
12072321,OCEAN ELECTRICAL/SWIMMING POOL SOLUTIONS LTD,DN11 0QX,DN,43210,active,electrical
NI602154,KGB ALARMS LIMITED,BT4 3EU,BT,43210,active,electrical
08980915,WALLS ELECTRICAL LIMITED,RG7 1EE,RG,43210,active,electrical
13550227,BROWN ELECTRICAL CONTRACTORS LTD,SS9 2UA,SS,43210,active,electrical
01737690,MARPAUL HOLDINGS LIMITED,IG8 8HD,IG,"43210,96090",active,electrical
06398943,SOLMAN DAVIS LIMITED,EX31 1AG,EX,43210,active,electrical
11974895,PCD ELECTRICAL LTD,IP33 1XZ,IP,43210,active,electrical
SC597324,PEAK ELECTRICAL SOL LTD,G32 8FH,G3,43210,active,electrical
11548043,OUTPUT ELECTRICAL LTD,DA1 3AB,DA,43210,active,electrical
09732936,SMART ELECTRICAL RAIL LTD,CF45 4SN,CF,43210,active,electrical
15727363,JC ELECTRICS & RENEWABLES LTD,BH22 8LF,BH,43210,active,electrical
04754691,KELTON ELECTRICAL LTD.,CA26 3UX,CA,43210,active,electrical
15728279,WIREWORX ELECTRICAL SOLUTIONS LTD,LL16 4SD,LL,43210,active,electrical
14870890,LM SUBSTATIONS LTD,WV12 4DP,WV,43210,active,electrical
08664322,MILLIWAY ELECTRICAL LTD,RG5 4AH,RG,43210,active,electrical
05133032,A.Q. SERVICES LIMITED,ME5 0AP,ME,43210,active,electrical
13395485,OODLES ENTERTAINMENT LTD.,PE38 0AL,PE,"43210,74202,90020",active,electrical
14328038,DGM CONTROLS LIMITED,WN8 9PL,WN,"33120,33140,43210",active,electrical
13093247,FORTEX ELECTRICAL SERVICES LTD,IG3 8AD,IG,43210,active,electrical
14848629,TSP ELECTRICAL LIMITED,M33 6WF,M3,43210,active,electrical
12486180,DENYER ELECTRICAL SERVICES LIMITED,GL51 9ES,GL,43210,active,electrical
09920704,BONDELL ELECTRICAL LIMITED,S75 1PP,S7,43210,active,electrical
05659740,JN BUSH ELECTRICAL SERVICES LIMITED,NR6 7LP,NR,43210,active,electrical
05204968,DDD DESIGN LIMITED,ME9 8PX,ME,43210,active,electrical
09666536,ALAN COLLINS LIMITED,SP7 8TH,SP,43210,active,electrical
10116999,ALLSPARK DOMESTIC SERVICES LTD,CR5 3DS,CR,"43210,43320",active,electrical
SC766272,BT ELEC LTD,G65 0NH,G6,"33140,43210",active,electrical
08965592,IPH ELECTRICAL LIMITED,BB4 5HL,BB,43210,active,electrical
14092407,ECOWATTS LTD,BH23 2DH,BH,43210,active,electrical
13442557,VALIMED LTD,BS22 6AR,BS,"43210,82990",active,electrical
07723548,PDI ELECTRICAL LIMITED,CV6 4JA,CV,43210,active,electrical
10923644,SPI-TEK ELECTRICAL SERVICES LIMITED,SM5 2LN,SM,43210,active,electrical
14880660,J JONES ELECTRICAL & FACILITY SERVICES LIMITED,B44 8LS,B4,43210,active,electrical
04754638,LAKESIDE ELECTRICAL LIMITED,S18 1YF,S1,43210,active,electrical
15729206,ELECYTECH LIMITED,DN34 4PF,DN,43210,active,electrical
15729899,PIVOTAL ELECTRICAL GROUP LTD,CR5 3AF,CR,43210,active,electrical
15730075,RJH ELECTRICAL JOINTING SOLUTIONS LTD,EN8 7AP,EN,43210,active,electrical
08967204,RW ELECTRICAL SERVICES AND PROPERTY LIMITED,TS6 0AD,TS,43210,active,electrical
12944823,QJB LIMITED,MK14 6GD,MK,"43210,71121",active,electrical
14094872,KYDD ELECTRICAL LTD,SW15 5DS,SW,"43210,43220",active,electrical
04682193,ITCHEN ELECTRICAL SERVICES LIMITED,PO15 5TJ,PO,43210,active,electrical
03416241,SECURCOM SYSTEMS LIMITED,HR6 9RW,HR,43210,active,electrical
SC810910,MCCANN ELECTRICAL LTD,G53 7QS,G5,43210,active,electrical
12548082,ORB FACILITIES MAINTENANCE LTD,B24 9ND,B2,"43210,46730,46740",active,electrical
14339592,EAST MIDLAND ELECTRICAL CONTRACTORS LTD,LE5 1SA,LE,43210,active,electrical
11928240,SWALES ELECTRICAL SERVICES LTD,DN11 0JZ,DN,43210,active,electrical
03428437,KONECT ELECTRICAL SERVICES LTD,SK8 2PE,SK,43210,active,electrical
06911599,WENDOVER GREEN LIMITED,HP22 6NQ,HP,"43210,43220,71122,74901",active,electrical
06448545,MCH ELECTRICS (NORTH EAST) LTD,NE25 9QA,NE,43210,active,electrical
14615335,LB ELECTRICS LTD,N17 6HX,N1,43210,active,electrical
12616538,VB ELECTRICAL NW LTD,L31 8AP,L3,43210,active,electrical
SC256400,CPC ELECTRICAL CONTRACTORS LIMITED,DG12 6BD,DG,43210,active,electrical
05239259,FOSTER ELECTRICAL (ILKESTON) LIMITED,DE5 8NE,DE,43210,active,electrical
13389928,IMPULSE ELECTRICAL (BEDFORD) LTD,NN2 7AZ,NN,43210,active,electrical
04708348,P L ELECTRICAL LIMITED,PR2 9WT,PR,43210,active,electrical
09229250,LEWIS-SHELTON ELECTRICAL LIMITED,W1W 7LT,W1,43210,active,electrical
SC447561,TES ELECTRICAL & MECHANICAL LIMITED,ML5 2QA,ML,43210,active,electrical
03988965,BARMAC ELECTRICAL LIMITED,CA1 1RZ,CA,43210,active,electrical
06883175,WHITESTAKE ELECTRICAL LIMITED,WA14 5NQ,WA,43210,active,electrical
09553863,OULTON ELECTRICAL LIMITED,IP20 9BB,IP,43210,active,electrical
SC565260,BALDELECTRICIAN LIMITED,KA1 3NF,KA,43210,active,electrical
14064370,KD ELECTRIC UK LTD,E17 6HE,E1,43210,active,electrical
06687378,CRANDON (M & E) LIMITED,SS9 1PE,SS,43210,active,electrical
06011597,O'NEILL ELECTRICAL LIMITED,B61 0DD,B6,43210,active,electrical
SC625113,GRC ACCESS LTD,IV4 7AH,IV,43210,active,electrical
NI014309,J.D. MCGEOWN LIMITED,BT1 3BG,BT,43210,active,electrical
04756794,G & J ELECTRICAL LIMITED,BH10 6JH,BH,43210,active,electrical
13392965,IGNITE DEVELOPERS LTD,W1W 5PF,W1,"41100,41201,43210,82990",active,electrical
14164769,AEG ENERGY LTD,DE23 8JQ,DE,"43210,43220,43999,74902",active,electrical
06254397,ANB ELECTRICAL LIMITED,DT3 6AA,DT,43210,active,electrical
12839619,GFED ELECTRICAL LTD,M24 1FP,M2,43210,active,electrical
10141800,HENLEY ELECTRICALS LTD,E17 7DG,E1,43210,active,electrical
14062870,ECONOMY SOLAR LTD,SA2 7AL,SA,43210,active,electrical
14868032,LONDON LECKY LIMITED,E11 2ED,E1,43210,active,electrical
06915133,ELTAX LTD,RM13 9AT,RM,43210,active,electrical
10705911,THE WARRENZ LIMITED,LE9 7AJ,LE,43210,active,electrical
06146871,R D E SERVICES LIMITED,BH22 9PH,BH,43210,active,electrical
10765942,B WHITEHEAD LIMITED,HX3 6AS,HX,43210,active,electrical
02917026,EURODATA BUILDING SERVICES LTD,HP4 1EF,HP,43210,active,electrical
SC544238,T J MCCABE ELECTRICAL SERVICES LIMITED,DD3 8EJ,DD,43210,active,electrical
11186736,AMD ELECTRIC LIMITED,NG19 8TX,NG,"33140,43210",active,electrical
13314606,MARSDEN BAY ELECTRICAL SERVICES LIMITED,NE33 2RB,NE,43210,active,electrical
12155183,SPARK GROUP LTD,TN8 5QQ,TN,"43210,43390",active,electrical
09718638,RER SMITH LIMITED,CV5 9AZ,CV,43210,active,electrical
12609501,RJS EC&I LTD,L12 7LJ,L1,43210,active,electrical
05056144,UTILITIES CONNECTIONS MANAGEMENT LIMITED,LL13 0JQ,LL,43210,active,electrical
08991744,K.P. LOUGHRAN ELECTRICAL LIMITED,WA15 9EJ,WA,43210,active,electrical
10758282,ACEN SOLAR & ELECTRICAL LTD,E15 1XH,E1,"41202,43210,43220",active,electrical
05448668,SAFELEC ELECTRICAL SERVICES LIMITED,CH47 7AD,CH,43210,active,electrical
11994150,MAYO ELECTRICAL SERVICES LIMITED,LN6 3QN,LN,43210,active,electrical
05079035,DAN-KIT LIMITED,SE15 3PP,SE,"42990,43210",active,electrical
12958801,TURKAN ELECTRIC AND REPAIRS LTD,EX4 8AW,EX,"33140,43210",active,electrical
09601069,STEVEN ROWELL (ELECTRICS) LTD,NE15 0JX,NE,43210,active,electrical
15730800,TLCS SOLUTIONS LTD,CF38 1NG,CF,43210,active,electrical
12826553,BRILLIANT ELECTRICAL LTD,CT6 5AE,CT,43210,active,electrical
14463019,MATRIX ELECTRICITY SERVICE LTD,KT19 9EJ,KT,"41201,41202,43210",active,electrical
14867232,PAUL'S HELP LTD,GU30 7QA,GU,"43210,43341",active,electrical
SC768815,LIMOND ELECTRICAL LTD,G33 3UH,G3,"33140,43210",active,electrical
14777765,ALFER ELECTRICS LTD,L9 3BR,L9,"43210,60200",active,electrical
11955574,TRENT VC LIMITED,NG14 5JX,NG,43210,active,electrical
12824935,SMK ELECTRICAL LIMITED,DN14 6TY,DN,43210,active,electrical
04894701,ALLIANCE PROPERTY MAINTENANCE SERVICES LIMITED,CT19 4FJ,CT,43210,active,electrical
11753501,TEMPLAR ELECTRICAL INSTALLATIONS LTD,SN15 3HR,SN,43210,active,electrical
15733935,DB ELECTRICALS (NW) LIMITED,WA10 2TF,WA,43210,active,electrical
SC306205,A H MARINE LTD,KA2 0HN,KA,43210,active,electrical
10940984,KENT ELECTRICAL SERVICES & CONSULTANCY LTD,TN16 1NL,TN,"43210,85600",active,electrical
NI042243,HUNTER ELECTRICS LIMITED,BT81 7UF,BT,43210,active,electrical
SC441293,AIRD PROJECTS LTD,IV2 3QA,IV,43210,active,electrical
09599471,ACL ELECTRICAL AND BUILDING SERVICES LIMITED,PE21 9AD,PE,43210,active,electrical
14042781,PC ELECTRICAL SOLUTIONS LTD,L35 7NW,L3,43210,active,electrical
14881855,EXCEL RENEWABLES LTD,EC1V 2NX,EC,"43210,43220",active,electrical
11368474,AMLK ELECTRICAL LIMITED,TS3 9BD,TS,43210,active,electrical
13388279,JOHNSON R ELECTRICALS LTD,WD6 1QX,WD,43210,active,electrical
14864331,RIGTON ELECTRICAL LTD,LS17 0AE,LS,43210,active,electrical
10298315,FAULTLESS LIMITED,W12 9EE,W1,"43210,43390",active,electrical
12753400,ELITE EV CHARGE LIMITED,SM2 7BD,SM,43210,active,electrical
12618224,ELITE TRADE SERVICES LIMITED,PE11 2TA,PE,43210,active,electrical
14877129,JCSPECIALIST LTD,HU3 2TU,HU,43210,active,electrical
07696129,S M ELECTRICAL SERVICES (MERSEYSIDE) LIMITED,L12 4YQ,L1,43210,active,electrical
12195535,BLACK ELECTRICAL LTD,PE2 6FT,PE,43210,active,electrical
07267489,GARY MURPHY ELECTRICAL LTD,PR8 5JD,PR,43210,active,electrical
13843999,GRC SOLAR LTD,L20 7BZ,L2,"43210,43220",active,electrical
03044398,TILBURY DOUGLAS ENGINEERING LIMITED,EC3M 1HD,EC,"43210,43220",active,electrical
05778713,IAN FLAMSON ELECTRICAL SERVICES LIMITED,DE14 2DH,DE,43210,active,electrical
12013502,S E MAINTENANCE LTD,MK14 7DW,MK,"43210,43390",active,electrical
14311784,INFRASTRUCTURE ELECTRICAL LIMITED,DN4 9LJ,DN,43210,active,electrical
13575566,BH ELECTRICAL SOLUTIONS LTD,DN5 0PY,DN,43210,active,electrical
09904787,ELECTROTECH (SLOUGH) LIMITED,UB3 4DX,UB,"43210,46520",active,electrical
08663382,PMJ ELECTRICAL CONTRACTORS LTD,M19 2HG,M1,43210,active,electrical
SC698061,ECO CABLE PROTECT UK LTD,PH22 1ST,PH,"43210,43290",active,electrical
12181110,RHOBOK CONTRACTORS LIMITED,IG10 2AN,IG,43210,active,electrical
02504389,MELCON HEREFORD LIMITED,HR2 6FE,HR,43210,active,electrical
11564248,DANIEL WATTS LIMITED,SO18 5GN,SO,"33150,43210",active,electrical
14682679,AH RELIANT ENERGY LTD,IG1 4NH,IG,"43210,43220,43290",active,electrical
15734374,L GREEN ELECTRICAL SOLUTIONS YORKSHIRE LTD,LS28 7QD,LS,43210,active,electrical
09591864,SEREN INSTALLS LTD,CF82 8FR,CF,43210,active,electrical
SC443703,BRUCE JAMIESON ELECTRICAL LTD,DD3 6QT,DD,43210,active,electrical
04808580,PEACEHAVEN ELECTRICAL SERVICES LIMITED,BN10 7BT,BN,43210,active,electrical
06837188,EXPRESS GAS & ELECTRICAL LTD,AL3 5UF,AL,"43210,43220",active,electrical
03363874,ABBEY ELECTRICS LIMITED,UB9 6DL,UB,43210,active,electrical
08804726,HEATABLE LTD,WA8 5SQ,WA,"43210,43220,96090",active,electrical
12213998,WEIRS DROVE DEVELOPMENT LIMITED,GL6 8JB,GL,43210,active,electrical
15733996,CCT ELECTRICAL LTD,TS10 1NN,TS,43210,active,electrical
07845783,HES WIMBORNE LTD,BH21 2QW,BH,43210,active,electrical
06246348,ALIAN ENERGY SOLUTIONS LIMITED,LA1 5QP,LA,43210,active,electrical
06596907,ATLANTIC ELECTRICAL NORTHWEST LIMITED,L33 7SQ,L3,43210,active,electrical
15734306,KHL ELECTRICAL CONTRACTORS LTD,SK8 1NZ,SK,43210,active,electrical
10936676,AMBERJACK ELECTRICAL CONTRACTORS LTD,SS17 8RT,SS,43210,active,electrical
NI647634,PCML ELECTRICAL LTD,BT44 0SQ,BT,43210,active,electrical
07335426,HI-SPEC ELECTRICAL SOLUTIONS LIMITED,SG16 6EJ,SG,43210,active,electrical
15734661,J&W SOLAR LTD,LL57 4AU,LL,43210,active,electrical
06255584,RENOW INSTALLATIONS (UK) LIMITED,TW11 8ST,TW,43210,active,electrical
08540232,D & C ELECTRICAL (SWANSEA) LTD,SA5 8HS,SA,43210,active,electrical
00857251,ABEL ALARM COMPANY LIMITED,LE1 4ST,LE,"43210,80200",active,electrical
09172649,M RODD ELECTRICAL LIMITED,MK43 8JE,MK,43210,active,electrical
10703453,JD ELECTRIC COMMERCIAL INSTALLATIONS LTD,M27 9PZ,M2,43210,active,electrical
03764704,HAVANT ELECTRICS LIMITED,PO3 5DE,PO,43210,active,electrical
05448593,PENNINE ELECTRICAL SERVICES (STOCKPORT) LIMITED,SK6 1JR,SK,43210,active,electrical
15726511,BOBBALEC ELECTRICAL & SAFETY SOLUTIONS LTD,DN22 9EG,DN,43210,active,electrical
11630359,E-VERVE ENERGY LTD,WA9 4TR,WA,43210,active,electrical
11369219,RYDERS ELECTRICAL SOLUTIONS LTD,GU9 7UD,GU,43210,active,electrical
SC721663,ECO ONE ELECTRICAL LTD,TD12 4BJ,TD,43210,active,electrical
SC546859,ANNANDALE ELECTRICAL SERVICES LTD,G3 7PR,G3,43210,active,electrical
09556072,EMDO ELECTRICAL LIMITED,BL9 9DP,BL,43210,active,electrical
10737007,A&N ELECTRICIANS LIMITED,OL7 9QT,OL,43210,active,electrical
09688193,EMI SOUTH WEST LIMITED,TR15 3SF,TR,"43210,43220,43290",active,electrical
10415062,AMIGO ELECTRICAL LIMITED,BS15 3PW,BS,"33140,43210,95210,96090",active,electrical
14112765,180 TRADING LTD,N1 7GU,N1,43210,active,electrical
08423395,PLPI SERVICES LIMITED,BH21 7SF,BH,"43210,43341,43342,43390",active,electrical
09734459,CHEALY SERVICES LTD,NE11 0RU,NE,"43210,47710",active,electrical
09153676,IPS ELECTRICAL LTD,S80 2DE,S8,43210,active,electrical
SC477607,THOMSON ELECTRICAL SERVICES (HIGHLAND) LTD,IV2 7DY,IV,43210,active,electrical
11493678,SARFMON ELECTRICAL LTD,WC2H 9JQ,WC,43210,active,electrical
04766595,B & T ELECTRICAL SERVICES LIMITED,GU35 0NH,GU,43210,active,electrical
NI605597,M & K ELECTRICAL LTD,BT78 3ER,BT,43210,active,electrical
11610105,RJT ELECTRICAL SERVICES LTD,PO6 1JT,PO,43210,active,electrical
05131205,MULTI ROOM MEDIA LIMITED,TN28 8XQ,TN,43210,active,electrical
11325985,KEYPROCESSOR LTD,SN3 5AN,SN,"42220,43210",active,electrical
09007237,AAI ELECTRICAL LIMITED,WA10 5JA,WA,43210,active,electrical
11349042,ABSOLUTE ELECTRICIANS LTD,IG6 2SQ,IG,43210,active,electrical
08499730,R&R ELECTRICAL CONTRACTORS LTD,GL2 9NT,GL,43210,active,electrical
08479244,SPH ELECTRICAL SERVICES (NW) LIMITED,BL1 7EQ,BL,43210,active,electrical
SC519031,GLOBAL STORAGE LIMITED,G2 2SZ,G2,"41100,43210,43390,98000",active,electrical
11995540,GOLDBORNE ELECTRICAL & COMMUNICATIONS LTD,SK8 3GP,SK,"43210,61900",active,electrical
SC533485,CAIRNS ELECTRICAL LTD,EH22 2DT,EH,43210,active,electrical
09547398,ELECTRICAL CONTRACTORS (WALES) LTD,SA12 6PF,SA,43210,active,electrical
02820419,MACHINE TOOL AND ENGINEERING SERVICES LIMITED,PO12 4LJ,PO,"33120,33140,33200,43210",active,electrical
03310055,POWERPOINT ELECTRICAL CONTRACTORS LIMITED,BH24 1HD,BH,43210,active,electrical
SC367705,NORTH STAR ELECTRIC LIMITED,G21 4PR,G2,43210,active,electrical
NI696985,MTM ENGINEERING (UK) LIMITED,BT60 1NF,BT,43210,active,electrical
07627648,ELECTRICAL BUILDING SERVICES (NW) LIMITED,PR2 2DX,PR,43210,active,electrical
14170587,EBS ELECTRICAL BUILDING SOLUTIONS LTD,B16 0JX,B1,43210,active,electrical
12494961,ANDREW SHEPHERD ELECTRICS LIMITED,PO20 2EW,PO,43210,active,electrical
08528382,ECO ELECTRIX LTD,DT1 3QY,DT,43210,active,electrical
05035183,M. C. ELECTRICAL SERVICES (LONDON) LIMITED,SS2 6GE,SS,43210,active,electrical
12136656,A-TEC ELECTRICAL LIMITED,NE34 7PT,NE,43210,active,electrical
03568589,CLARITY UK LTD,CB10 1AF,CB,"43210,43999",active,electrical
04769817,M TILEY ELECTRICAL LIMITED,BS36 1AP,BS,43210,active,electrical
04530252,J  & J HENNERLEY LIMITED,WA15 7TF,WA,43210,active,electrical
NI612825,BEC ELECTRICAL LTD,BT24 8YW,BT,43210,active,electrical
07638178,L&M ELECTRICAL SERVICES LTD,WS10 9BZ,WS,43210,active,electrical
13414074,MALEKOS ELECTRICAL SERVICES LIMITED,SE24 9DA,SE,43210,active,electrical
11319054,PAW BUILDING SERVICES LIMITED,NW10 6RF,NW,"41201,43210",active,electrical
04218116,FARRENDALE LTD,NG22 9GW,NG,43210,active,electrical
09035761,RWS ELECTRICAL LTD,DE75 7QL,DE,43210,active,electrical
10952549,PM ELECTRICAL CONTRACTORS (WAKEFIELD) LTD,WF12 7NN,WF,43210,active,electrical
05188987,TOPGRADE SECURITY SYSTEMS LIMITED,B67 7NA,B6,43210,active,electrical
03159227,PEAK CIRCUIT LIMITED,LE11 3AQ,LE,43210,active,electrical
08970733,AVJ ELECTRICAL LTD,RM12 5AS,RM,43210,active,electrical
09746761,CLOUGHFIN ELECTRICAL SERVICES LTD,SW19 2UR,SW,43210,active,electrical
08262145,I.C.T. ELECTRICAL LIMITED,ST7 2EW,ST,43210,active,electrical
12630800,COAST ELECTRICAL LTD,S66 2BL,S6,43210,active,electrical
09786829,JJ ELECTRICAL & PLUMBING CONTRACTORS LIMITED,TR7 1AD,TR,"43210,43220",active,electrical
10937336,UK SAFETY AND COMPLIANCE LTD,W14 9NL,W1,43210,active,electrical
14622225,GTC ELECTRICAL LTD,SS7 5HA,SS,43210,active,electrical
14828612,CROWLEY & SON ELECTRICAL LTD,SY23 5BF,SY,"33140,43210,95210",active,electrical
SC600879,PRO FORM SERVICES LTD,G51 1NE,G5,43210,active,electrical
SC528606,RYAN MASON ELECTRICAL SERVICES LTD,DG11 3LU,DG,43210,active,electrical
03637402,COMPLETE LIFT SERVICES LIMITED,BN11 1QR,BN,43210,active,electrical
09535651,N.E.T ELECTRICAL LTD,M30 0QZ,M3,43210,active,electrical
14609391,IAG MECHANICAL LTD,BD7 1JZ,BD,"43210,43220",active,electrical
07628956,DARRYL BATES LIMITED,HR7 4BP,HR,43210,active,electrical
NI624264,S SHIELDS LTD,BT34 4TX,BT,43210,active,electrical
14313104,DB ENERGY GROUP LTD,OL2 5PA,OL,43210,active,electrical
08655279,GARY BURTON LIMITED,WV6 7AQ,WV,43210,active,electrical
05779732,M. A. CABLE SERVICES LIMITED,WS9 0LE,WS,43210,active,electrical
00877262,GREENHILLS ELECTRIC LIMITED,HP1 1QL,HP,43210,active,electrical
07708402,MORTON BROTHERS LIMITED,LS1 2HH,LS,43210,active,electrical
14114671,LJ ENERGY LTD,NE34 7SE,NE,43210,active,electrical
09046832,PAUL WOOD ELECTRICAL LIMITED,L12 0RU,L1,43210,active,electrical
14568438,SCARLET TIGER CONTROLS LIMITED,BS30 5ST,BS,43210,active,electrical
14118042,JT ELECTRICAL CONTRACTORS LTD,SR6 9JR,SR,43210,active,electrical
NI602711,GRAHAM & PERCIVAL LIMITED,BT62 1LY,BT,43210,active,electrical
09832920,ALDOUS ELECTRICAL FELIXSTOWE LIMITED,CO3 3AD,CO,43210,active,electrical
11387509,INDUSTRIAL SERVICES & CONTROLS LIMITED,CM3 5RY,CM,43210,active,electrical
04875389,B. Y. LIMITED,SM1 4LA,SM,43210,active,electrical
04282414,ACM SYSTEMS (UK) LIMITED,PR2 9PL,PR,43210,active,electrical
11998591,SJCONNOLLY ELECTRICAL LTD,IG10 2EX,IG,43210,active,electrical
08512858,EN-FUSE ELECTRICAL LIMITED,PO7 7AN,PO,43210,active,electrical
14890855,CLEANER SOLAR LTD,WF4 5FH,WF,43210,active,electrical
03997926,CEMA SOLUTIONS LIMITED,NG1 5GF,NG,43210,active,electrical
09376351,MORTER ELECTRICAL LTD,TN39 4QN,TN,43210,active,electrical
15736632,MARK'S PLUMBING & HEATING CONTRACTORS LIMITED,ME19 6GA,ME,"43210,43220",active,electrical
14883188,ZZELECTRICALSERVICES LTD,EN3 4FE,EN,43210,active,electrical
10670060,ASHFIELD ELECTRICAL CONTRACTING LTD,LS15 8TJ,LS,43210,active,electrical
11525501,MODERN BUILDING SERVICES LTD,DA14 6NE,DA,43210,active,electrical
03358640,P.J. ELECTRICAL INSTALLATIONS LTD,L3 5NW,L3,43210,active,electrical
13658803,DART ELECTRICS RENEWABLES LIMITED,EX16 8TA,EX,43210,active,electrical
13589041,SDM CONTRACTING (NW) LTD,M43 7SY,M4,43210,active,electrical
NI679037,EMERALD ELECTRICAL LTD,BT44 8NU,BT,43210,active,electrical
11498297,ZTC ELECTRICAL LTD,WV14 9EH,WV,43210,active,electrical
14884361,WEST WICKHAM ELECTRICAL LTD,BR2 0JN,BR,43210,active,electrical
07629512,ROSS JAMES ELECTRICAL LIMITED,SS7 3QL,SS,43210,active,electrical
07580294,DNS ELECTRICAL LTD,S63 0PL,S6,43210,active,electrical
06527966,SNELLING ELECTRICAL LTD,SL1 6JY,SL,43210,active,electrical
14300739,MIKE THOULD ELECTRICAL SERVICES LTD,CF31 5EL,CF,43210,active,electrical
10744011,EMTSS LTD,PE19 8HJ,PE,43210,active,electrical
07092330,SOWDEN ELECTRICAL SERVICES LIMITED,LS29 7RQ,LS,43210,active,electrical
03056630,PMS ELECTRICAL SERVICES LIMITED,NG1 1JU,NG,43210,active,electrical
13205811,JNM ELECTRICAL SERVICES LTD,RH13 9LA,RH,43210,active,electrical
11762285,JWEC LTD,BN26 6QH,BN,43210,active,electrical
09364415,JMC MECHANICAL ELECTRICAL & AIR CONDITIONING LIMITED,PL6 7TL,PL,"43210,43220",active,electrical
12461075,WALSALL ENERGY LTD,B70 6QG,B7,"43210,43220",active,electrical
10339795,NTEC ELECTRICAL LTD,DN22 7WN,DN,43210,active,electrical
14123995,RPN ELECTRICALS LTD,GL2 9BW,GL,43210,active,electrical
12081496,TAILOR MADE INSTALLS LIMITED,CR3 6LW,CR,43210,active,electrical
14613739,JOE BRIDGER ELECTRICAL CONTRACTOR LTD,SS7 5HA,SS,43210,active,electrical
SC811395,NET ZERO OFFICE LTD,ML5 4FR,ML,"43210,43910,43999",active,electrical
14140147,MAYBERRY ELECTRICAL LIMITED,SO20 8HN,SO,43210,active,electrical
04445295,ALARM-TECH INSTALLATIONS LIMITED,PO8 9GY,PO,43210,active,electrical
11977439,BSJ ELECTRICAL LIMITED,CM2 7QJ,CM,43210,active,electrical
10780327,ARC UTILITIES LTD,WF14 9AG,WF,"42220,43210",active,electrical
11697272,PEARSON D ELECTRICAL LIMITED,WF16 0BJ,WF,"33140,41100,43210,43999",active,electrical
13590886,J COUNSEL ELECTRICAL LTD,M32 8FA,M3,43210,active,electrical
11964273,NATION ELECTRICAL TESTING LTD,CH66 2RA,CH,43210,active,electrical
14830688,AV11 LTD,W13 9RJ,W1,43210,active,electrical
11965654,EVERYTHING WERX LTD,W12 9EE,W1,"41202,43210,43220,43290",active,electrical
11965127,CONTROL4 LTD,EC1V 2NX,EC,"43210,46520,62090,80200",active,electrical
12882630,CHESHIRE ELEC CONTRACTORS LTD,OL8 3QL,OL,43210,active,electrical
08657492,NGR ELECTRICAL LIMITED,E14 7AF,E1,43210,active,electrical
14936040,M & W ELECTRICAL SERVICES LIMITED,GU21 3JX,GU,43210,active,electrical
09048201,M A WAKERS ELECTRICAL LIMITED,RM17 5NL,RM,43210,active,electrical
14631922,RMK ELECTRICAL CONTRACTORS LTD,TQ12 5ND,TQ,43210,active,electrical
06605203,MJL ELECTRICS (NW) LIMITED,BB1 2PP,BB,43210,active,electrical
11385045,D WELCH ELECTRICAL SERVICES LIMITED,NN11 3HD,NN,43210,active,electrical
02705193,LINDALE BUILDING SERVICES LIMITED,TF10 8NQ,TF,43210,active,electrical
15771373,IMPRESSIA CONSTRUCTION LTD,UB6 7AE,UB,"41202,43210,43220,43390",active,electrical
13429424,RYELEC ELECTRICAL SOLUTIONS LIMITED,WA4 6NU,WA,43210,active,electrical
04795522,ALAN CHAMBERS ELECTRICAL LTD,DE7 8LA,DE,43210,active,electrical
SC587772,EXPRESS CONTROL SYSTEMS LTD,G76 8SE,G7,43210,active,electrical
06610051,SUPRE SOFTWARE LTD,TS11 6HB,TS,"43210,62020,62090,95110",active,electrical
15771283,F R INSTALLATIONS LTD,RM17 5NL,RM,43210,active,electrical
10186892,OBS ELECTRICAL INSTALLATIONS & TESTING LIMITED,WF4 5DU,WF,43210,active,electrical
10508722,ROOT ELECTRICAL LTD,SS7 1ED,SS,43210,active,electrical
10962536,AGENCY UN LIMITED,L5 6RW,L5,"43210,90030",active,electrical
11166520,SWITCH ON LIGHT LTD,HA8 7JU,HA,43210,active,electrical
11722225,D GALLAGHER ELECTRICAL LIMITED,HA4 8NQ,HA,43210,active,electrical
10819881,BEN TIBBETTS ELECTRICAL LIMITED,SO32 1ES,SO,43210,active,electrical
06274422,SHEFFIELD ELECTRICAL ACCESS LIMITED,FY4 5LZ,FY,43210,active,electrical
13650925,D.P. SLATTER LTD,SL6 1RR,SL,43210,active,electrical
10204079,LED LIGHTING MAINTENANCE LIMITED,PO13 0FG,PO,43210,active,electrical
07381260,CONTROLS COMM LIMITED,LU3 4BJ,LU,43210,active,electrical
12604907,EVOKE ELECTRICAL CONTRACTORS LTD,LU4 8EF,LU,43210,active,electrical
11389280,THOMAS REYNOLDS LTD,TF11 8EL,TF,43210,active,electrical
08087503,A J HEERAN LIMITED,HA4 6EW,HA,43210,active,electrical
09506204,T J HALL ELECTRICAL & MECHANICAL SERVICES LIMITED,LE4 8EY,LE,43210,active,electrical
09589593,RTF IMAGING LIMITED,PO21 2NW,PO,43210,active,electrical
14421012,FIT SOLAR LTD,GL5 5EY,GL,43210,active,electrical
10806752,SMART ELECTRONS LTD,GU8 5RF,GU,"43210,43390,43999",active,electrical
04496945,C S H ELECTRICAL LIMITED,OL6 6QU,OL,43210,active,electrical
NI661860,A GORMLEY LTD,BT70 2PN,BT,43210,active,electrical
10244725,DJ ELECTRICAL SUNDERLAND LIMITED,SR6 8HG,SR,43210,active,electrical
06202718,C TOMLINSON ELECTRICAL SERVICES LIMITED,DE56 1HJ,DE,43210,active,electrical
08067948,NETWORK CCTV SYSTEMS LTD.,LS26 8LF,LS,"33140,43210,80200",active,electrical
09038712,M. STOKER ELECTRICAL LTD,LS1 2JP,LS,43210,active,electrical
03118351,LNE SYSTEMS LIMITED,MK5 8FR,MK,43210,active,electrical
11949041,AXTELL ELECTRICAL LTD,OX3 8QR,OX,43210,active,electrical
10717371,LAY SOLUTIONS LTD,CA2 7XD,CA,"42120,43210",active,electrical
06923190,PLATINUM ELECTRICAL ENGINEERING LIMITED,NE11 0NJ,NE,43210,active,electrical
05562358,MILLIMETRE PERFECT INSTALLATIONS LIMITED,LU3 2AU,LU,43210,active,electrical
03376959,STEWERT ELECTRICAL SERVICES LIMITED,NN6 9BW,NN,43210,active,electrical
08088990,CEMC (ENG) LTD,OX17 1HB,OX,43210,active,electrical
13448280,J & J ELECTRICAL (SOUTH) LTD,DT11 8ST,DT,43210,active,electrical
10836513,THAMES & TAY ENERGY DIVISION LTD,L1 4AR,L1,43210,active,electrical
05977258,B&D ELECTRICAL SERVICES LIMITED,LL13 7YT,LL,43210,active,electrical
08970809,AJG FUSE LTD,BB1 9NA,BB,43210,active,electrical
14381224,DAN GROUP CONSTRUCTION LTD,L5 9PR,L5,"41100,41201,41202,43210",active,electrical
04707763,SJT ELECTRICAL SERVICES LIMITED,PO11 0QL,PO,43210,active,electrical
12233447,STEPHEN MCGUINNESS ELECTRICAL SERVICES LTD,LL19 9AS,LL,43210,active,electrical
12234216,WELESKI LTD,B3 1RB,B3,"43210,43220",active,electrical
09004320,MG M&E LTD,SA10 9PG,SA,43210,active,electrical
08002761,SPARKTRICITY (UK) LTD,UB4 0JZ,UB,43210,active,electrical
06623323,A P BRYANT ELECTRICAL LIMITED,SL6 9LJ,SL,43210,active,electrical
13974810,ARM-SPARK ELECTRICAL LTD,DH8 5SY,DH,43210,active,electrical
14355912,GREAT BRITISH SOLAR LIMITED,NG18 4ZE,NG,"43210,46520,47910",active,electrical
13415332,LIGHTYEAR ELECTRICAL LIMITED,NG7 7BQ,NG,43210,active,electrical
04882398,MARK R. STEPHENSON (ELECTRICAL) LIMITED,DL8 4DJ,DL,43210,active,electrical
06381395,IDEC LTD,SO31 7NJ,SO,43210,active,electrical
14350555,ECO NRG GROUP LIMITED,TA1 2PX,TA,43210,active,electrical
09080290,L.G.E.C. LIMITED,WN2 2QA,WN,43210,active,electrical
14844045,SPARK HEAT ELECTRICAL & HEATING SOLUTIONS LTD,ST6 4BU,ST,"41100,43210,43220",active,electrical
13624593,WRENN ELECTRICAL SERVICES LTD,CM5 9DT,CM,43210,active,electrical
12071076,GLOBAL RESELLERS & CONTRACTORS UK LTD,WC2H 9JQ,WC,"41100,42990,43210,47910",active,electrical
11411743,SVEN LTD,E6 6WP,E6,"43210,96090",active,electrical
09995543,SCE ELECTRICAL LTD,IP7 6HY,IP,43210,active,electrical
15770941,CC ELECTRICAL SERVICES CONTRACTORS LTD,SR6 7RJ,SR,43210,active,electrical
05868764,R.A. WARRINGTON LTD,YO16 4JB,YO,43210,active,electrical
05468275,S.F. ELECTRICAL LIMITED,CF3 3BD,CF,43210,active,electrical
05220773,A G H ELECTRICAL LIMITED,BL4 7NS,BL,43210,active,electrical
09847895,RJT ELECTRICAL ENGINEERING LIMITED,DN32 7AA,DN,43210,active,electrical
09228253,J ROCHE ELECTRICAL LIMITED,BS13 8NW,BS,43210,active,electrical
08949174,BERNARD TATUM & SON LTD,IP22 4GT,IP,43210,active,electrical
13876632,MUS ELECTRICAL LTD,CR0 2ES,CR,43210,active,electrical
02018379,CROSBY ELECTRICAL SERVICES LIMITED,EN3 7JX,EN,43210,active,electrical
12209929,BROMEX ENGINEERING LTD,EC1V 2NX,EC,"43210,43220,43999",active,electrical
15770036,MKD ELECTRICAL LTD,LS14 6AW,LS,43210,active,electrical
10117280,ALS FIRE PROTECTION LIMITED,RH11 9NW,RH,43210,active,electrical
12180895,PROSOLAR RENEWABLES LTD,BH7 7RH,BH,43210,active,electrical
12787581,VICOV ELECTRICAL LTD,LE3 2PA,LE,43210,active,electrical
11574995,"MRM BUILDING, MAINTENANCE & ELECTRICAL LIMITED",PR7 4QF,PR,"41202,43210,43320,43910",active,electrical
06923938,ROWE ELECTRICAL ENGINEERS LIMITED,PL6 5BX,PL,43210,active,electrical
13434556,SAM BATHO ELECTRICAL LTD,SK12 1QG,SK,43210,active,electrical
09060396,INDUSTRIAL EFFICIENCY II LIMITED,SE1 9SG,SE,43210,active,electrical
14433604,ARKHAM M&E LTD,L9 4RE,L9,"41201,41202,43210",active,electrical
03729645,ROADWAY LIGHTING LTD,M46 0FY,M4,43210,active,electrical
03265837,SOUTHERN BUSINESS NETWORKS LIMITED,CR0 0YN,CR,43210,active,electrical
14546906,EVOLTX LTD,MK7 8PN,MK,43210,active,electrical
15772543,APDI LTD,SN8 2AW,SN,"43210,43290,43320",active,electrical
11272682,SECURE ELECTRICAL ENGINEERING LTD,HA9 8PX,HA,43210,active,electrical
09846198,NIH ELECTRICAL LTD,HA2 9PH,HA,43210,active,electrical
04445984,DSEC LIMITED,LS28 6EY,LS,43210,active,electrical
SC749107,K2 AYRSHIRE LIMITED,KA1 5LA,KA,43210,active,electrical
14716238,ELWOOD ELECTRICAL SOLUTIONS LTD,S21 1HR,S2,43210,active,electrical
09092177,A WRIGHT ELECTRICAL SOLUTIONS LTD,CO16 9NH,CO,43210,active,electrical
06666770,APPLEBY ELECTRICAL (BIRMINGHAM) LTD,B36 9AD,B3,43210,active,electrical
04539731,POWER CIRCUITS LTD,DE56 1GF,DE,43210,active,electrical
07658159,AJL ELECTRICAL CONTRACTORS LTD,MK18 1NU,MK,43210,active,electrical
09628539,AKM ELECTRICAL SERVICES LIMITED,YO16 6RR,YO,43210,active,electrical
NI624812,LEITCH TRANS LIFT LIMITED,BT82 8QA,BT,43210,active,electrical
10814734,EDEN ELECTRICS (U.K.) LTD,TN8 7PF,TN,43210,active,electrical
05847259,A W ELECTRICAL CONTRACTORS LIMITED,PO7 6XP,PO,43210,active,electrical
05839927,PETER SHALE ELECTRICAL LIMITED,S8 7RS,S8,43210,active,electrical
SC813855,SALTIRE ELECTRICAL SERVICES LIMITED,IV10 8AA,IV,43210,active,electrical
15235121,WSC ELECTRICAL & COMMISSIONING LTD,CM3 3JS,CM,43210,active,electrical
12033093,TCR CONTROLS LTD,GL7 6BA,GL,43210,active,electrical
13959739,PROP ME UP EVENTS SUPPLIERS LTD,CV1 2NT,CV,"16230,31090,43210",active,electrical
11257270,M.R.F ELECTRICAL SERVICES LIMITED,M40 5HL,M4,43210,active,electrical
14555305,MCL MECHANICAL & ELECTRICAL LTD,HA1 2RF,HA,"43210,43220,43290",active,electrical
15785175,RICH ELECTRICS AND RENEWABLES LIMITED,S13 9QD,S1,43210,active,electrical
07952350,E B D FACILITIES LIMITED,NE26 3QR,NE,43210,active,electrical
11392780,HOUND SECURITY LTD,SA7 9LA,SA,43210,active,electrical
05928353,YELLOW ELECTRICAL AND PROPERTY SERVICES LIMITED,SO19 9FZ,SO,43210,active,electrical
11423160,G L FIRE SOLUTIONS LTD,IP14 6RJ,IP,"43210,96090",active,electrical
12295517,FINDHEAT LTD,N1 6LZ,N1,"43210,43220",active,electrical
15785965,KAIR ELECTRICAL LIMITED,SL2 2NR,SL,43210,active,electrical
11565157,M HARDING ELECTRICAL LIMITED,ME2 3SZ,ME,43210,active,electrical
15784358,MAELEC LTD,HR4 0RF,HR,43210,active,electrical
14946573,BAILEY RENEWABLE SOLUTIONS LTD,YO19 6NU,YO,43210,active,electrical
13646014,JG ELECTRICAL CONTRACTORS (KENT) LTD,CT15 7LT,CT,43210,active,electrical
04908130,ROLAND CHAPMAN ELECTRICAL LIMITED,NR1 1BY,NR,43210,active,electrical
11965956,YOUR CHOICE FIRE & SECURITY LIMITED,WF6 1JU,WF,43210,active,electrical
15784981,BEAMS ELECTRICAL SERVICES LIMITED,TN6 3AE,TN,43210,active,electrical
11376745,LAL'S ELECTRICAL & COMMS SERVICES LTD,B43 6HU,B4,"43210,61100,61900",active,electrical
12012341,J WHITE TECHNICAL SERVICES LTD,SM3 8JR,SM,43210,active,electrical
10782013,PREMIER ELECTRICAL AND DATA SERVICES LTD,RM12 6LL,RM,43210,active,electrical
08737554,MARK J ELECTRICAL LTD,B60 2BA,B6,43210,active,electrical
14163753,SESC SOLUTIONS GROUP LTD,MK11 1AQ,MK,43210,active,electrical
11519696,R.COSGRAVE ELECTRICAL LTD,RG22 4BQ,RG,43210,active,electrical
11419128,MR SPARKY LTD,PE2 5PA,PE,"43210,61100,61200,71200",active,electrical
08244383,CWB ELECTRICAL ENGINEERS LIMITED,SA19 7BW,SA,43210,active,electrical
12190342,RDW ELECTRICAL LTD,B62 9NR,B6,43210,active,electrical
08090348,LAWRENCE CONTRACTORS LTD,BN1 1AL,BN,"43210,70229",active,electrical
NI689285,LEDEX LIGHTING UK LIMITED,BT82 9FR,BT,43210,active,electrical
13657146,NORTHERN CABLE INSTALLATIONS LIMITED,M28 3NJ,M2,43210,active,electrical
02769714,NETWORK COMMUNICATION SYSTEMS LIMITED,DN5 0BH,DN,"26301,26309,33130,43210",active,electrical
10702630,ROB WALTON ELECTRICAL LTD,OL10 1JZ,OL,43210,active,electrical
SC340389,CABRELLI ELECTRICAL LTD.,DD10 9EN,DD,43210,active,electrical
11558191,ULTRA ELECTRICAL LTD,DN16 2DH,DN,43210,active,electrical
12655487,IDEAL ELECTRICAL SYSTEMS LTD,GU14 9JG,GU,43210,active,electrical
13619083,HDL AUDIO VISUAL SERVICES LTD,RG4 9RP,RG,"43210,77390,90020,96090",active,electrical
06853857,PFS FIRE & SECURITY LIMITED,NG4 4FG,NG,43210,active,electrical
14915700,ENVISION ENERGY SERVICES LTD,RG7 1WY,RG,43210,active,electrical
05141314,STONECRAFT RUTLAND LIMITED,LE15 9UA,LE,"41202,43120,43210,43310",active,electrical
06754667,E-TECH SOUTHERN LIMITED,CM12 9DF,CM,43210,active,electrical
14148966,RAUCEBY ELECTRICAL LTD,NG34 8QS,NG,43210,active,electrical
15785656,LB WIREWORKS LTD,SE13 7RL,SE,"33140,43210,43290,71122",active,electrical
05246271,MMV CONTRACTING LIMITED,NN16 8QA,NN,43210,active,electrical
09169160,JENSEN ELECTRICAL LIMITED,FY3 9AA,FY,43210,active,electrical
01270585,EJ PARKER TECHNICAL SERVICES (CENTRAL) LTD,DE14 3SX,DE,"43210,43220,43999",active,electrical
NI697742,D & T ELECTRICAL INSTALLATION (NI) LTD,BT35 8NY,BT,43210,active,electrical
10225799,S.B NATIONAL ELECTRICAL CONTRACTORS LIMITED,RM14 2SJ,RM,43210,active,electrical
09068130,SEV ELECTRICAL LIMITED,CM7 3AN,CM,43210,active,electrical
04933289,RHINO ELECTRICAL NORTHWEST LTD,BL3 1EU,BL,43210,active,electrical
15772834,PVSERV LIMITED,HR1 2UA,HR,43210,active,electrical
10860368,GJK ELECTRICAL SERVICES LIMITED,CO10 7RS,CO,43210,active,electrical
12019743,BAUM CONSTRUCTION MANAGEMENT LTD,OL4 1FN,OL,43210,active,electrical
09652067,DSI ILKLEY LIMITED,LS26 8RE,LS,43210,active,electrical
10811763,DAVID MEADES ELECTRICAL LTD,GU15 3SZ,GU,43210,active,electrical
03870341,WESTGATE ELECTRICAL SERVICES LIMITED,RG10 9HG,RG,43210,active,electrical
06932787,ENERGY OPTIONS LIMITED,HU9 1RR,HU,"33170,43210",active,electrical
11412310,TS INTEGRATED SYSTEMS LTD,CT8 8PS,CT,"43210,71122,71129",active,electrical
SC407053,COLLINS ELECTRICAL (SCOTLAND) LIMITED,G12 8HN,G1,43210,active,electrical
14872355,ECHO ELECTRICAL SERVICES LIMITED,NG7 2AB,NG,43210,active,electrical
09041749,DUNNCROFT ELECTRICAL SOLUTIONS LIMITED,WF7 5AH,WF,43210,active,electrical
14873350,DEVON ELECTRICAL SOLUTIONS LIMITED,EX17 2AJ,EX,43210,active,electrical
09515075,J MURPHY ELECTRICAL LIMITED,PO20 2NA,PO,43210,active,electrical
10821774,GMSA FIRE AND SECURITY LTD,PL1 1SB,PL,43210,active,electrical
11009328,GAS'N'ELEC LTD,LU4 8BY,LU,"43210,43220",active,electrical
15772787,SOS ELECTRICAL LIMITED,CO1 1QT,CO,43210,active,electrical
15641530,HYTRON LIMITED,TW2 6NQ,TW,43210,active,electrical
09800442,M.S ELECTRICAL TESTING SOLUTIONS LTD,WC2H 9JQ,WC,43210,active,electrical
13484428,MARTRIX LIMITED,B98 0JT,B9,43210,active,electrical
04113003,LINDSAY AND BUTCHER LTD,SN6 6LT,SN,"43210,61200,71122,75000",active,electrical
15772772,SECURE FIVE LTD,EC1V 2NX,EC,43210,active,electrical
12889900,JM ELECTRICAL (SOUTHERN) LTD,SL6 0HB,SL,"42220,43210",active,electrical
10158695,KRAKOWSKI LOGISTIC LTD,N22 6LG,N2,43210,active,electrical
08529947,METHOD STORAGE (SOUTHERN) LIMITED,MK44 1LQ,MK,"43210,43330,43999",active,electrical
06906523,EVITA UK LIMITED,SL3 6EZ,SL,43210,active,electrical
12418153,FOX ELECTRICAL SERVICES LIMITED,NN7 3DW,NN,43210,active,electrical
13483399,GREAT ROCK ELECTRICAL LTD,BR1 1QE,BR,"43210,71122",active,electrical
15540377,PHOENIX ELECTRICAL CONTRACTORS LTD.,LE7 2FD,LE,43210,active,electrical
08562607,CURRENT ELECTRICAL INSTALLATIONS LTD,OX15 4NP,OX,43210,active,electrical
10693313,TWV ELECTRICAL SERVICES LIMITED,WF5 8AE,WF,43210,active,electrical
06288786,M-TECH ELECTRICAL LIMITED,CA6 5UA,CA,43210,active,electrical
09473001,R MAY LIMITED,SO45 1DD,SO,43210,active,electrical
12326878,KN ELECTRICAL CONTRACTORS LIMITED,BR1 3PJ,BR,43210,active,electrical
09292008,M.S.I ELECTRICAL LTD,L8 0RS,L8,43210,active,electrical
11364413,ALBENDJI ELECTRICAL LIMITED,BN1 7BH,BN,43210,active,electrical
12239901,BUNYARD ELECTRICAL SOLUTIONS LTD,CV32 4EA,CV,"33140,43210",active,electrical
10698478,EXEL CONTRACTING LIMITED,BS24 7JH,BS,43210,active,electrical
SC330842,STS ELECTRICAL CONTRACTORS LIMITED,ML3 7JU,ML,43210,active,electrical
11132874,EVELEC LTD,BN2 6LN,BN,43210,active,electrical
04288273,LEDSHAM LIMITED,CH1 6LW,CH,43210,active,electrical
14902319,CDA ROBOTICS AND INDUSTRIAL DEVELOPMENT LTD,EC3R 8EE,EC,"33190,43210,62012,62020",active,electrical
13640846,F SCOTT ELECTRICAL LTD,NE33 2SP,NE,43210,active,electrical
SC764399,CK INSTALLATIONS LTD,G78 1DS,G7,43210,active,electrical
11932912,BALLA CONTRACTORS LIMITED,DA16 3JQ,DA,43210,active,electrical
10200686,GEM INSTALLS LIMITED,WF14 0BQ,WF,43210,active,electrical
02119415,PELDON ROSE (MECHANICAL AND ELECTRICAL) LIMITED,SW19 4EQ,SW,"43210,43999,96090",active,electrical
01999226,A & J BARTLETT LIMITED,LE12 8DX,LE,43210,active,electrical
03146962,BAXY ELECTRICS LIMITED,L40 7TU,L4,43210,active,electrical
12021353,JEFFERSON ELECTRICAL CONTRACTORS LIMITED,TD15 1NP,TD,43210,active,electrical
11752885,YORKMAN GROUP LTD,SS13 1QF,SS,43210,active,electrical
03385107,EMICO LIMITED,HP2 7TE,HP,43210,active,electrical
12797525,MARKO ELECTRICAL LTD,M40 0ES,M4,43210,active,electrical
14350134,MEOWLIGHTS LTD,WC1N 3AX,WC,"43210,43999,49410,90020",active,electrical
12621807,TREANOR CONSTRUCTION LTD,N22 6ED,N2,"41202,43210,43341,43390",active,electrical
07267013,ELECTRICAL SOLUTIONS (GLOS) LTD,GL5 4PF,GL,43210,active,electrical
12873220,L&C ELECTRICAL LTD,EC1V 2NX,EC,43210,active,electrical
12659710,31 ELECTRICAL SERVICES LTD,NG8 6DQ,NG,43210,active,electrical
09255919,J TIERNEY ELECTRICAL LIMITED,CH3 9GA,CH,43210,active,electrical
15394907,DESTA UK LTD,NG20 8NA,NG,"41202,43210,43290,43341",active,electrical
13642427,JTS ELECTRICAL & EV CHARGING LTD,SO32 2AH,SO,43210,active,electrical
SC664777,ABR ELECTRICAL CONTRACTORS LTD,G72 8SX,G7,43210,active,electrical
SC343219,CLYDE CONTROLS LTD.,G81 2DR,G8,43210,active,electrical
10823608,OMO R EDO LTD,DA15 8PD,DA,43210,active,electrical
09063351,SENSOR ELECTRICAL SERVICES LIMITED,AL2 3TA,AL,43210,active,electrical
09635778,FARRINGTON ELECTRICS LIMITED,SA6 5EF,SA,43210,active,electrical
15775854,SPARROW MAINTENANCE LTD,WF8 3QN,WF,43210,active,electrical
06271740,MG ELECTRICAL SOLUTIONS LTD,CM15 0QX,CM,43210,active,electrical
13885872,ELEKTRICAL TESTING LTD,WF2 8LH,WF,43210,active,electrical
10803540,ECLIPSE ELECTRICAL SOLUTIONS LTD,NR34 9JA,NR,43210,active,electrical
06925235,MEKO ELECTRICAL SERVICES LIMITED,GL6 6BH,GL,"43210,71200",active,electrical
03783447,SDJ ELECTRICAL LTD,NG20 0PL,NG,43210,active,electrical
07059062,D AND K ELECTRICAL CONTRACTORS LIMITED,CH61 9PQ,CH,43210,active,electrical
09774166,POWER PROPERTY ELECTRICAL LTD,GU51 1AH,GU,43210,active,electrical
11136285,TRUE MEASURE SOLUTIONS LIMITED,RH18 5AA,RH,"43210,82990",active,electrical
04845295,MELROMA CONSULTANCY & DESIGN LIMITED,WS11 7GD,WS,43210,active,electrical
12202756,RAVEN ELECTRICAL LTD,CW1 3NU,CW,43210,active,electrical
15407619,DRAMUR ELECTRICAL SERVICES LTD,SE2 9AZ,SE,43210,active,electrical
10736566,NDL ELECTRICAL INSTALLATIONS LTD,DE7 5HX,DE,43210,active,electrical
14075763,SOLAR STORAGE UK LTD,CA28 7QF,CA,43210,active,electrical
08448567,WATTS THE FAULT LTD,GL51 6EP,GL,43210,active,electrical
05486382,LEC SERVE LIMITED,EN5 5TZ,EN,43210,active,electrical
SC598102,D & G ELECTRICAL SERVICES SCOTLAND LIMITED,ML6 8UD,ML,"33140,43210",active,electrical
11791901,BURK ELECTRICALS LIMITED,WD18 0HD,WD,43210,active,electrical
NI653414,E.V. UTILITIES LTD,BT42 1EL,BT,43210,active,electrical
07270271,MERE (UK) LIMITED,WA10 2EQ,WA,43210,active,electrical
12043341,AMBIANT BUILDING SERVICES LTD,IG1 1EJ,IG,43210,active,electrical
10183785,HOLLYGROVE ELECTRICAL LIMITED,WS11 9RN,WS,43210,active,electrical
15774377,GARY STUART ENGIEERING LTD,SA17 4BW,SA,43210,active,electrical
04373138,WOOLISCROFT ELECTRICAL CONTRACTORS LIMITED,ST4 8DL,ST,43210,active,electrical
06906473,TECHONE ELECTRONICS LTD,OL11 2ER,OL,"43210,46610,47599",active,electrical
13743441,CORDIAL ELECTRICAL LTD,TW14 9SP,TW,43210,active,electrical
09598688,JK ELECTRICAL (HORNCHURCH) LIMITED,CM13 2HW,CM,43210,active,electrical
NI695941,BMK ELECTRICS LTD,BT66 6RP,BT,"43210,43290",active,electrical
10776041,ESC INSTALLATIONS LTD,CF83 8GR,CF,43210,active,electrical
05818194,KEG UTILITIES LIMITED,PR6 0HQ,PR,43210,active,electrical
11706746,BJF ELECTRICAL SERVICES LIMITED,LS12 4JG,LS,"43210,85320",active,electrical
07210062,SIMON HOUSE ELECTRICAL SERVICES LIMITED,SP1 2DN,SP,43210,active,electrical
SC771261,H-TECH ELECTRICAL LTD,EH10 5LZ,EH,43210,active,electrical
12223648,ZACHRISSON-SMITH LIMITED,BS1 6NL,BS,43210,active,electrical
15663001,CARDO CONSULTANCY LTD,RH6 8JH,RH,"43210,43330,43341,43390",active,electrical
12870702,S-G-CHATER LTD,SY4 4PQ,SY,43210,active,electrical
14361898,KKB ELECTRICAL LTD,SO15 0LX,SO,43210,active,electrical
06939961,TAYLECTRICAL LTD,E18 1BY,E1,43210,active,electrical
05466986,A.J ELECTRICAL (POOLE) LIMITED,BH14 9HH,BH,43210,active,electrical
08681118,AUDIOLITE (UK) LTD,LE12 7PU,LE,43210,active,electrical
14931448,OUTFIT ELECTRICS LTD,EC1V 2NX,EC,43210,active,electrical
13795158,SIMPLY ELECTRICAL CONTRACTORS LTD,E18 1BY,E1,43210,active,electrical
12882111,PERREX TECHNICAL LTD,NN7 4PA,NN,43210,active,electrical
07273156,CENTRAL ELECTRICAL SERVICES (WIGGINTON) LTD,B79 9LH,B7,43210,active,electrical
07637357,MY LIGHT ELECTRICAL SERVICES LTD,IP1 4JR,IP,43210,active,electrical
14115371,CONTECH SOLUTIONS LTD,M29 7TN,M2,"41201,43210,43290",active,electrical
05820726,KPN ELECTRICAL LIMITED,CM6 2LJ,CM,43210,active,electrical
08417038,T&K ELECTRIC LTD,UB6 8HD,UB,"41202,43210",active,electrical
12607878,WOODLEY BROTHERS ELECTRIC VEHICLE CHARGING UK LTD,SP4 6GE,SP,43210,active,electrical
11974946,TAT ELECTRICS LTD,CF14 8LH,CF,43210,active,electrical
NI643651,T SCULLION ELECTRICAL LTD,BT62 3DX,BT,43210,active,electrical
13622179,SIGN WAVE ELECTRICAL LIMITED,EN3 6NN,EN,43210,active,electrical
15739768,DJC DEVELOPMENTS NORTH WEST LIMITED,FY7 8BW,FY,43210,active,electrical
05142810,KILOWATT LIMITED,E5 9LE,E5,43210,active,electrical
14925589,J M HATFIELD ELECTRICAL LTD,DY11 6ER,DY,43210,active,electrical
15777955,ANG ELECTRICAL SUSSEX LIMITED,BN3 5LL,BN,43210,active,electrical
13457547,ADS ELECTRICS LTD,BN27 4QH,BN,"42220,43210",active,electrical
09003672,NJF ELECTRICAL LTD,RG7 1WP,RG,43210,active,electrical
07668447,BRIGHT HOUSE TEAM UK LIMITED,DA6 7NL,DA,"41100,43210",active,electrical
14954007,LONDON ROAD SECURITIES LTD,SK9 2TS,SK,"43210,82990",active,electrical
10744255,ANDY HOARE ELECTRICAL LIMITED,YO30 4XG,YO,43210,active,electrical
14411745,WHITFIELD ELECTRICAL CONTRACTORS LIMITED,DL3 0ER,DL,43210,active,electrical
NI638807,CLARK & SONS ELECTRICAL CONTRACTORS LTD,BT51 3BS,BT,43210,active,electrical
13524684,LIBERTY CONTROL SERVICES LIMITED,SA6 6QW,SA,43210,active,electrical
10358175,RMJ ELECTRICAL AND BUILDING CONTRACTORS LTD,M23 1DN,M2,"43210,43390",active,electrical
10804927,MEGLEC ELECTRICAL CONTRACTORS LIMITED,NG4 2JR,NG,43210,active,electrical
13436784,BLAKE AND SONS ELECTRICAL LTD,NG4 2JR,NG,43210,active,electrical
08978025,KAAGRACE LIMITED,CF47 0YN,CF,43210,active,electrical
11207133,ELECTRO TECHNICAL MIDLANDS LTD,DE7 5GT,DE,43210,active,electrical
SC748629,ANDREW FENTON ELECTRICAL SERVICES LTD,PH2 6JL,PH,43210,active,electrical
09957606,LIGHT 'N' EASY (ESSEX) LIMITED,CM7 1JB,CM,"33140,43210",active,electrical
11887250,GREEN LANE HOLISTIC LIMITED,ST13 8SQ,ST,43210,active,electrical
12640079,FURSE ELECTRICAL SERVICES LTD,GU31 4HX,GU,43210,active,electrical
09626846,DAVID LEWIS ELECTRICAL CONTRACTORS LIMITED,BH23 2JG,BH,43210,active,electrical
12966641,AMPED ELECTRICAL DORSET LIMITED,BH7 6BQ,BH,43210,active,electrical
14160190,CHRIS EVANS GWO LTD,NE30 1AR,NE,"43210,43999",active,electrical
14355093,HUTCHON HOMES LTD,HA0 1HD,HA,43210,active,electrical
04912251,B.G.S. ELECTRICAL & BUILDING LIMITED,CB9 7TA,CB,43210,active,electrical
09615957,BESPOKE ELECTRICAL INSTALLATIONS LTD,NR32 3DX,NR,43210,active,electrical
10411322,JJ ELECTRICAL CONNECTIONS LTD,GL1 3NU,GL,43210,active,electrical
14688557,TJH ELECTRICAL LTD,HR5 3DJ,HR,43210,active,electrical
05806487,ACRE CONTRACTING LIMITED,NN6 7GA,NN,43210,active,electrical
05153237,P.J. COOPER ELECTRICAL SERVICES LIMITED,DE55 1RR,DE,43210,active,electrical
08816480,CRESTMOUNT ELECTRICAL & MECHANICAL LTD,CM13 3JP,CM,43210,active,electrical
13815012,BORDER SHIELD LIMITED,L40 8JE,L4,43210,active,electrical
14172136,MLB ELECTRICAL SERVICES LIMITED,LE1 3RW,LE,43210,active,electrical
15777206,AKSHAR ENERGY LTD,HA3 0EB,HA,"43210,43220",active,electrical
NI639646,MMA (DERRY) ELECTRICAL LTD,BT48 0LQ,BT,43210,active,electrical
12127187,AM PROPERTY MAINTENANCE LTD,NW10 9EJ,NW,"41201,41202,43210,43220",active,electrical
11399609,EVERGREEN RENEWABLE SOLUTIONS LTD,CF32 0BS,CF,43210,active,electrical
07283550,SUNGOD SOLAR LTD,CT5 4HG,CT,"43210,43220,43910",active,electrical
07777641,A A ELECTRICAL CONTRACTORS (SOLWAY) LIMITED,CA15 7RB,CA,43210,active,electrical
14822097,AH LIGHTNING SOLUTIONS LIMITED,NW9 4AA,NW,43210,active,electrical
NI607763,PHL ELECTRICAL LIMITED,BT3 9LA,BT,43210,active,electrical
09614022,GLST LTD,HA4 0AH,HA,43210,active,electrical
04569131,OTMOOR ELECTRICAL LIMITED,HP18 9JJ,HP,43210,active,electrical
10371276,DELTA ELECTRICAL & BUILDING SERVICES LIMITED,SE9 3TL,SE,"43210,43290",active,electrical
05292768,GORING ELECTRICAL SERVICES LIMITED,BN1 5NP,BN,"33140,43210",active,electrical
11922773,G. WISDOM LTD,DA2 7AR,DA,43210,active,electrical
09546542,HD ELECTRICAL LTD,DA12 1EY,DA,43210,active,electrical
15787511,IPS ELECTRICAL SOUTH LTD,ME15 6AW,ME,43210,active,electrical
08585601,HICKMANS ELECTRICAL ENGINEERS AND CONTRACTORS LIMITED,SN1 4BG,SN,43210,active,electrical
12052271,CGF ELECTRICAL LIMITED,CM22 6QJ,CM,43210,active,electrical
09238304,S TANK ELECTRICAL LTD,B20 1BJ,B2,43210,active,electrical
05412727,AVONVALE ELECTRICS (EVESHAM) LIMITED,WR11 2LT,WR,43210,active,electrical
NI682207,PETER DICKSON ELECTRICAL LTD,BT43 7BU,BT,43210,active,electrical
11423750,AURORA UK GROUP LTD,SS15 6PX,SS,43210,active,electrical
10516935,ABODE AUTOMATION LIMITED,ST20 0FD,ST,"43210,62020,62030,71200",active,electrical
10775756,GORASIA SOLUTIONS LTD,NW10 3AX,NW,"43210,62020,70229",active,electrical
06023372,RGB ELECTRICAL AND GAS SERVICES LTD,HD3 3RT,HD,43210,active,electrical
05929513,MORRIS ELECTRONICS LTD,LE12 5DG,LE,43210,active,electrical
04464238,ARTISAN FIRE & SECURITY LIMITED,M26 2AD,M2,43210,active,electrical
13441086,HELLER ELECTRICAL SERVICES LTD,IG6 2AP,IG,43210,active,electrical
11156377,A.M.T JOINTING SERVICES LTD,TS27 4QN,TS,43210,active,electrical
09051504,AS ELECTRICAL SERVICES (STONEHOUSE) LIMITED,GL10 3LA,GL,43210,active,electrical
10780292,GASLIGHT SERVICES LTD,IG8 8DF,IG,"43210,43220",active,electrical
NI697511,D LYNN ENGINEERING LTD,BT38 9DB,BT,43210,active,electrical
12014946,PPSU (GROUP) LIMITED,IP24 3AG,IP,"41202,43210,43220",active,electrical
10194990,EDX LTD,TN30 7ED,TN,"43210,43220,43290",active,electrical
03642484,SYSCOM BUILDING MANAGEMENT LTD,TW18 4BP,TW,"43120,43210,43220,43390",active,electrical
08385549,D J KNIGHTS ENGINEERING LIMITED,IP16 4HJ,IP,43210,active,electrical
10093819,KRIS HEALD CONTRACTOR LIMITED,S35 3HS,S3,43210,active,electrical
08110767,GESTI LTD,SG5 3RB,SG,"43210,43220,71122",active,electrical
14128606,TD SECURITY SYSTEMS LTD,LL18 5JA,LL,43210,active,electrical
12017005,EL TEMPO LTD,BR1 3PS,BR,43210,active,electrical
11379724,CARELECT LIMITED,TQ2 5EL,TQ,"43210,43220",active,electrical
07928287,PRIME IGNITION LTD,SM5 3HL,SM,"43210,43220",active,electrical
06257508,OHM ELECTRICAL AND IT SOLUTIONS LTD,HA0 2EL,HA,43210,active,electrical
04775267,J KELLY ELECTRICAL LTD,LN5 8JB,LN,43210,active,electrical
13416629,EV TRONICS LTD,KT20 5FH,KT,43210,active,electrical
SC735118,HIGHTOWER POWER LTD,PA17 5BG,PA,43210,active,electrical
SC587823,ST ANDREWS ELECTRICAL AND ISOLAR SERVICES LIMITED,KY6 2AG,KY,"33140,43210",active,electrical
10813538,MK WATER POWER & GAS LIMITED,HA7 2AQ,HA,"43210,43220,43290",active,electrical
10954737,ANBARIC ELECTRICAL LTD,ME17 1BA,ME,43210,active,electrical
14378917,ELDING ELECTRICAL SERVICES LIMITED,L4 5QQ,L4,43210,active,electrical
09638515,MH ELECTRICAL SOUTHWEST LTD,BS22 8NG,BS,43210,active,electrical
NI682641,ECOSPARKNI LIMITED,BT17 0TN,BT,43210,active,electrical
04799534,HARDY ELECTRICAL LIMITED,NG17 7FE,NG,43210,active,electrical
13683965,INTELLEC ELECTRICAL SERVICES LTD,LL18 5BW,LL,43210,active,electrical
13631674,CSH ELECTRICAL CONTRACTORS LTD,PL12 4HT,PL,43210,active,electrical
03413028,BRIDGEGATE ELECTRICAL LIMITED,SL6 3UA,SL,43210,active,electrical
08205690,D METCALF ELECTRICAL LIMITED,BA3 4FW,BA,43210,active,electrical
08507258,BEN CARTER ELECTRICAL CONTRACTING SERVICES LIMITED,PR9 7RF,PR,43210,active,electrical
06288421,NELSONS ELECTRICAL & HEATING CONTRACTORS LTD,CV2 3LD,CV,"43210,43220",active,electrical
14177577,SOL ELECTRICAL AND MORE LTD,LU5 5DX,LU,43210,active,electrical
11788548,FIRST CALL ELECTRICIANS LIMITED,AL10 0PA,AL,43210,active,electrical
08973550,GARY E COLLIER ELECTRICAL LIMITED,OL4 4LY,OL,43210,active,electrical
09630687,A TEAM ELECTRICAL & INSTRUMENTATION SERVICES LIMITED,TQ1 4QW,TQ,43210,active,electrical
15789565,TT ELECTRICAL SERVICES LTD,S71 2LR,S7,43210,active,electrical
14773082,N REEVES ELECTRICAL SERVICES LTD,HP13 7JG,HP,43210,active,electrical
04810279,J K E LIMITED,S42 5RA,S4,"25990,43210,80200",active,electrical
09091470,AIR CONDITIONING AND VENTILATION (UK) LTD,CB10 1PF,CB,43210,active,electrical
10830092,JMG ELECTRICAL ENGINEERING LTD,GU9 7SX,GU,"43210,43290,43999",active,electrical
09649352,ANDREW HOTCHKISS ELECTRICAL LTD,SY4 3QX,SY,43210,active,electrical
14925012,T HOOKER  CONSTRUCTION AND LANDSCAPING LTD,BN8 5JS,BN,"41202,43210,43220,43390",active,electrical
03206810,CLARKSON SERVICES LIMITED,HU3 4AY,HU,"18130,43210",active,electrical
00203301,PLAYFORDS LIMITED,PE29 6EF,PE,43210,active,electrical
07513341,PRESTIGE ELECTRICAL (UK) LIMITED,RG27 0LX,RG,43210,active,electrical
SC515833,GRS ELECTRICAL SERVICES (SCOTLAND) LTD,EH23 4QU,EH,43210,active,electrical
10242282,LIGHTNING ELECTRICAL CONTRACTORS LIMITED,AL10 0DE,AL,43210,active,electrical
09606519,D TAYLOR SERVICES LTD,SG12 8UU,SG,43210,active,electrical
14949196,WOODS ENGINEERING LIMITED,TS5 7PQ,TS,43210,active,electrical
15789814,CDB SOLAR LTD,M34 3EX,M3,"43210,43220",active,electrical
14950414,DJF LIGHTING LTD,NN4 9QE,NN,43210,active,electrical
14349948,JMH ELECTRICAL CONTRACTORS LTD,L37 4AA,L3,43210,active,electrical
14949599,GRAVESEND ELECTRICAL SERVICES LIMITED,DA11 7HY,DA,43210,active,electrical
04525133,DC SECURITY & ELECTRICAL SERVICES LTD,BH5 2HT,BH,43210,active,electrical
07664888,ELECTROSERVE INSTALLATIONS LIMITED,CF41 7NN,CF,43210,active,electrical
SC423460,AERON ELECTRICAL LIMITED,EH3 9PJ,EH,43210,active,electrical
10404468,TMELS LIMITED,NR33 8LT,NR,43210,active,electrical
14256953,EQUILIBRIUM SOUTH WEST LTD,LS25 1NB,LS,43210,active,electrical
14172695,C&O ELECTRICAL SERVICES LTD,M41 9QA,M4,43210,active,electrical
11883093,DEMA FIRE & SECURITY LTD,CF42 6DL,CF,43210,active,electrical
06270353,DENIS MURTAGH ELECTRICAL CONTRACTOR LTD,WA11 0EX,WA,43210,active,electrical
12362601,ALERT FIRE SOLUTIONS LTD,M46 9EF,M4,43210,active,electrical
15789054,BLACKMORE ELECTRICAL SW LIMITED,EX14 1EU,EX,43210,active,electrical
13634726,UNIT FIXED LIMITED,UB3 3EF,UB,"43210,43220,43390,82990",active,electrical
11989238,DARATOM LTD,RM9 6EP,RM,43210,active,electrical
09637572,GSH GROUP (ELECTRICAL) LIMITED,SO53 3AP,SO,43210,active,electrical
12050313,MOFFATT ELECTRICAL LTD,CO4 5WR,CO,43210,active,electrical
10206576,T R ELECTRICAL (NORTHANTS) LIMITED,NN16 9JA,NN,43210,active,electrical
07582506,GEOFF LEWIS ELECTRICAL LIMITED,BS9 3DZ,BS,43210,active,electrical
13454936,YORKSHIRE ELECTRICAL SOLUTIONS LTD,HG1 5RD,HG,43210,active,electrical
SC633642,FIRMUS ELECTRICAL SERVICES LTD,G3 7NG,G3,43210,active,electrical
10984714,ELECTRICAL MECHANICAL AND FABRICATION SERVICES LTD,B79 8PA,B7,"25620,33110,33120,43210",active,electrical
15391900,BRIGHT ELECTRICAL ENGINEERING LTD,LE4 7RH,LE,"33140,35110,43210,47540",active,electrical
12219218,HAYWOOD EV LTD,EN11 0NT,EN,43210,active,electrical
12657531,SAS ELECTRICAL INSTALLATION LTD,FY5 5DG,FY,43210,active,electrical
05293256,INTEGRATED CABLE SYSTEMS LIMITED,RG19 8AT,RG,43210,active,electrical
11704548,ELECTRIC CAR CHARGERS UK LTD,EC1V 2NX,EC,43210,active,electrical
05838406,RPE CONTRACTORS LTD,GL8 8AA,GL,43210,active,electrical
SC686331,GREG WHITE ELECTRICAL LTD,PA2 6JU,PA,43210,active,electrical
12199287,CM FIRE AND SECURITY LTD,BN11 2JP,BN,"43210,80200",active,electrical
04437995,E RUSHTON (ELECTRICAL) LTD,BB9 7AQ,BB,43210,active,electrical
12654080,GLOW CONTRACTORS LTD,TA12 6AE,TA,43210,active,electrical
08706953,APPROVED ELECTRICIANS GROUP LIMITED,E13 8LW,E1,43210,active,electrical
15788654,TMV COMPLIANCE LTD,CH45 1JS,CH,43210,active,electrical
06993833,HARBOUR ELECTRICAL LIMITED,BH14 0QT,BH,43210,active,electrical
09667645,SRH-EC LTD,S41 9ED,S4,43210,active,electrical
NI653379,LITTLE ENGINEERING PRODUCTS LIMITED,BT66 8BY,BT,43210,active,electrical
10941798,C ROBINSON ELECTRICAL LTD,NG16 4AY,NG,43210,active,electrical
09795331,PST GROUP LIMITED,CO5 9SE,CO,43210,active,electrical
05548116,KINGSON ELECTRICAL LIMITED,WD17 1HP,WD,43210,active,electrical
12027030,SHAMROCK ELECTRICAL LTD,BL6 7AF,BL,43210,active,electrical
14430251,ACDC ELECTRICAL SERVICES LIMITED,SP11 9FA,SP,43210,active,electrical
04523904,M & L SERVICES (MIDLANDS) LIMITED,LE17 4AD,LE,43210,active,electrical
11675609,T PHASE LTD,SE3 0TA,SE,43210,active,electrical
15788350,DRONFIELD ASPIRE SOLUTIONS LTD,S18 1PG,S1,43210,active,electrical
14934654,ELITE ELECTRICAL OXFORDSHIRE LIMITED,OX4 1SL,OX,43210,active,electrical
14506655,MARSH ELECTRICAL NW LIMITED,PR25 4UD,PR,43210,active,electrical
SC734821,SDOW LTD,KY4 9NX,KY,43210,active,electrical
14803108,ADVANCED CONNECTIVITY LTD,FY4 5GP,FY,43210,active,electrical
12901382,D.G. ELECTRICAL (NOTTINGHAM) LTD,NG15 8BT,NG,43210,active,electrical
02827817,PWP BUILDING SERVICES LIMITED,NG5 1AY,NG,43210,active,electrical
SC204258,G & M ELECTRICAL LTD.,DD8 1BJ,DD,43210,active,electrical
15789167,HALLMARK PROPERTY & MAINTENANCE SERVICES LTD,S20 4UD,S2,"43210,68209",active,electrical
11424853,ELECTROTEKK LIMITED,AL1 1NG,AL,43210,active,electrical
15789364,LEECOM LTD,NP12 2EQ,NP,43210,active,electrical
09984740,VECTOR PROJECTS LTD,SP11 9FA,SP,43210,active,electrical
SC514502,KEVIN MCCREA LIMITED,G84 8BP,G8,43210,active,electrical
11577056,UNIVERSAL ELECTRICS LTD,SE19 1PJ,SE,43210,active,electrical
13623551,WEAPONISED DESIGN LTD,SO53 4SA,SO,43210,active,electrical
13915035,STELLAR ELECTRICAL CONTRACTORS LIMITED,NR35 1AG,NR,43210,active,electrical
13005843,JCE CONTROL & ELECTRICAL SERVICES LIMITED,IP32 6FP,IP,"43210,43999",active,electrical
14161819,SERVICE CENTRE 05 LTD,NR18 0AW,NR,43210,active,electrical
12686007,T.CHAMBERS ELECTRICAL SERVICES LTD,DA15 8PE,DA,43210,active,electrical
05153354,ANNECTO SOLUTIONS LIMITED,SK15 1BA,SK,"43210,47410",active,electrical
SC508452,EASYFIX ELECTRICAL SERVICES LTD,G20 6NB,G2,43210,active,electrical
13277698,NOOR ELECTRICAL SERVICES LTD,M19 2LL,M1,43210,active,electrical
12017990,WAM ELECTRICALS LTD,CR0 7BA,CR,43210,active,electrical
08543196,JON SCOTT PARKER LIMITED,NE27 0NY,NE,43210,active,electrical
08043572,GREAT OAK TREE SERVICES LTD,DN15 8US,DN,"43210,81300",active,electrical
11383528,EMS SOLUTIONS (LDQ) LTD,RM16 6BL,RM,"41201,41202,43210,43220",active,electrical
05543086,ESS APPROVED ELECTRICIANS LIMITED,HD7 6NJ,HD,43210,active,electrical
05708321,CHILTERN ELECTRICAL LTD,HP22 6AH,HP,43210,active,electrical
04555945,ALPHA TANK SERVICES LIMITED,WR1 1RU,WR,43210,active,electrical
06839668,WJL ELECTRICAL SERVICES LIMITED,GL53 0DL,GL,43210,active,electrical
14368591,AGT ELECTRICAL SERVICES LTD,AL7 1RG,AL,43210,active,electrical
13632001,PRO-TECH ELECTRICAL SYSTEMS LIMITED,SK11 6QG,SK,43210,active,electrical
10422022,RUSSELL HEWES LIMITED,CR4 2JX,CR,43210,active,electrical
01683602,TYLER ENGINEERING LIMITED,RG41 5LB,RG,"43210,43220,43290",active,electrical
06945105,SPEAKMAN CONTRACTORS LTD,BB11 5UB,BB,43210,active,electrical
12620761,MANAGEMENT PROPERTY SOLUTIONS LTD,SL0 9AD,SL,"43210,43220,43341,68320",active,electrical
11559733,DK ELECTRICAL HERTS LIMITED,BN1 1UJ,BN,43210,active,electrical
10377471,GRANGEWARDS SOLUTIONS LTD,PE7 3DQ,PE,"01500,43210,52103",active,electrical
15729617,CURRENT INNOVATIONS ELECTRICAL LIMITED,SS14 3JJ,SS,43210,active,electrical
07385048,JCM ASSOCIATES LIMITED,B27 6LG,B2,43210,active,electrical
12666131,MULTIDATA AND ELECTRICAL LIMITED,DA14 4DT,DA,43210,active,electrical
13752997,D J BAKER & SONS (ELECTRICAL) LTD,CB22 4QP,CB,43210,active,electrical
09217488,GREEN ELECTRICAL SERVICES KENT LIMITED,ME8 0HU,ME,43210,active,electrical
13352105,FUSION 4 POWER LIMITED,WC2A 1HR,WC,43210,active,electrical
11625089,D WEBB ELECTRICS LIMITED,PO22 9SL,PO,43210,active,electrical
15485522,WING ENERGY LTD,NG2 6BE,NG,"33200,43210",active,electrical
09208191,EYMB ELECTRICAL & CONSTRUCTION LTD,BN2 4HH,BN,43210,active,electrical
09404699,L S N ELECTRICAL LIMITED,SS7 5HB,SS,43210,active,electrical
SC576863,PRO-LEC SCOTLAND LIMITED,EH35 5AF,EH,43210,active,electrical
08679156,A. J BROWN ELECTRICAL CONTRACTING LTD,LL49 9AP,LL,43210,active,electrical
14382894,A H ELECTRICAL (SOUTHERN) LIMITED,GU9 7LW,GU,43210,active,electrical
SC701922,KETTINS ELECTRICAL LTD,DD3 9RL,DD,43210,active,electrical
08684689,SMART PLUS ELECTRICAL LTD,DA1 5GA,DA,43210,active,electrical
15155433,PINPOINT ELECTRICAL LTD,CO4 9AD,CO,43210,active,electrical
14949215,WELHAT HOMEPLAN LTD,AL10 8ET,AL,"43210,43220,95220",active,electrical
09956128,ELECTRABILITY LTD,L37 7HH,L3,43210,active,electrical
11425208,NIGHTLIFE SEE LIMITED,BB9 6QP,BB,43210,active,electrical
SC330277,ZAK SYSTEMS LIMITED,G51 2RW,G5,"33140,43210,43290,71200",active,electrical
14669615,LOGICAL FIRE SERVICES LTD,NE15 9RU,NE,"33140,43210,80200",active,electrical
14893357,LK ELECTRICAL & MAINTENANCE LTD,SW14 8SN,SW,43210,active,electrical
14895140,LAZENBY ELECTRICAL LTD,PE6 7SP,PE,43210,active,electrical
SC568091,LUXIN ELECTRICAL LTD,G66 3QY,G6,43210,active,electrical
12340365,ELECTRICAL LAB SERVICES LTD,YO25 9DJ,YO,"33120,43210",active,electrical
14163130,MRE INSTALLATIONS LTD,NG16 5NF,NG,43210,active,electrical
12194844,SABA ELECTRICAL SOLUTIONS LIMITED,CR2 0BS,CR,43210,active,electrical
10979128,CHANA ELECTRICALS LTD,DY4 7QZ,DY,43210,active,electrical
09639026,JG SIGNALLING LTD,CW1 3WX,CW,43210,active,electrical
10942970,J.E.F ELECTRICAL LTD,TS17 0AG,TS,43210,active,electrical
14364600,MARBAS CONSULTING LTD,IG2 6EW,IG,"43210,43220,70229,95210",active,electrical
05201301,CUMBRIA ELECTRICAL SERVICES LIMITED,CA15 6NF,CA,43210,active,electrical
14541080,FIXERS-UK LTD,EC2A 4NE,EC,"43210,43999",active,electrical
13360763,EQ ELECTRICS LTD,LU5 5ST,LU,"35130,43210,82990,95220",active,electrical
11055098,ESS 1 ELECTRICAL SOLUTIONS LTD,SO18 5HJ,SO,43210,active,electrical
12263417,SWITCHING ON THE LIGHT LTD,SG5 4FL,SG,"41202,43210",active,electrical
06208358,MIDLANDS TESTING SERVICES LIMITED,CV11 6RY,CV,"43210,96090",active,electrical
12064368,CORRECT ELECTRICAL LTD,E13 8HR,E1,43210,active,electrical
12788560,SIMPLY GROUP ELECTRICAL LTD,CM22 6QR,CM,43210,active,electrical
14732585,LB POWER SOLUTIONS LTD,NR6 6PH,NR,43210,active,electrical
09196176,AJK ELECTRICAL LIMITED,SY1 3TJ,SY,43210,active,electrical
SC457799,SIGHT SOUND & SECURITY SYSTEMS LTD.,G31 1NU,G3,43210,active,electrical
10187767,SMART ELECTRICIANS LTD,S12 3HL,S1,43210,active,electrical
15744831,MYA ELECTRICAL & BUILDING SERVICES LTD,CV22 6BL,CV,"41202,43210",active,electrical
14308725,WADE RETAIL SERVICES LTD,S81 8TS,S8,43210,active,electrical
04223057,DATA INSTALLATIONS LIMITED,NN14 4HN,NN,"43210,43220,61200,62030",active,electrical
07739432,ECCLESHALL ELECTRICAL LIMITED,TF9 1PH,TF,43210,active,electrical
08169109,BUSHILL ELECTRICAL SERVICES LTD,SY4 5PU,SY,43210,active,electrical
06421758,MGM ELECTRICAL SERVICES LIMITED,BL3 1XP,BL,43210,active,electrical
14058083,D2 ELECTRICAL SERVICES LIMITED,B10 9QR,B1,43210,active,electrical
08177248,ZOTOW ELECTRICAL SERVICES LIMITED,NW11 6AR,NW,43210,active,electrical
13396678,CWP ELECTRICAL LTD,SO30 0QN,SO,43210,active,electrical
06878079,A CRABTREE ELECTRICAL LIMITED,OL13 0NH,OL,43210,active,electrical
07818215,MARILEC ELECTRICAL SERVICES LIMITED,HP20 1PB,HP,43210,active,electrical
05820234,B.P. ELECTRICAL N.W. LIMITED,FY2 0JY,FY,43210,active,electrical
SC638306,WILLPOWER ELECTRICAL SERVICES LTD,G78 1LP,G7,43210,active,electrical
11991895,AALTEN ELECTRICALS LIMITED,SS8 7AE,SS,43210,active,electrical
12140116,INSTALL & MAINTAIN ELECTRICAL LIMITED,SG13 7AA,SG,43210,active,electrical
13425892,MUKA ELECTRICAL LTD,WV8 2JT,WV,43210,active,electrical
SC811753,MACLEAN ELECTRICAL SERVICES LTD,IV2 7AT,IV,43210,active,electrical
NI631323,NEWTRICITY ELECTRICAL SERVICES LTD,BT92 0NJ,BT,43210,active,electrical
11842426,VIN SERVICES LTD,IG1 4HG,IG,"43120,43210",active,electrical
02910445,EMPRESS ELECTRICAL LIMITED,BB6 7FB,BB,43210,active,electrical
14870797,CONTROL BOX ELECTRONICS LIMITED,SG17 5EW,SG,"27900,43210,71121",active,electrical
12786687,KLB ELECTRICAL LTD,NR15 2WA,NR,43210,active,electrical
03415538,G N ELECTRICAL LIMITED,TR4 8HL,TR,43210,active,electrical
08092204,D M ELECTRICAL (YORKSHIRE) LTD,HG1 5QY,HG,43210,active,electrical
12140500,ROBERT RUSSELL PROPERTY SERVICES LIMITED,NP44 3AU,NP,"43210,43999",active,electrical
NI690831,CHARGE TO GO LTD,BT45 6LH,BT,43210,active,electrical
10199900,SV CRANE LTD,CM8 1JJ,CM,43210,active,electrical
12805261,MN ELECTRICAL CONTRACTORS LIMITED,NG5 8DH,NG,43210,active,electrical
11539366,MAG ELECTRICAL SERVICES LTD,PE19 2JP,PE,43210,active,electrical
SC638569,LIGHTS ON ELECTRICAL LTD,AB39 2PT,AB,43210,active,electrical
10303056,SAM'S ELECTRICS LTD,CO7 7BB,CO,43210,active,electrical
04965189,H. KELLAWAY ELECTRICAL CONTRACTORS LIMITED,BH17 9BG,BH,43210,active,electrical
13615934,JAMAL ELECTRICAL SERVICES LTD,HA1 1SX,HA,43210,active,electrical
12232334,P CAINE ELECTRICAL SERVICES LTD,OX26 2HH,OX,43210,active,electrical
09234426,CATS & CO LIMITED,DN21 5TX,DN,"26110,43210,46520,47910",active,electrical
15744349,PURE GREEN ELECTRICAL LIMITED,NP20 4PG,NP,43210,active,electrical
15744346,TURNER & KNIGHT LTD,LU4 8EY,LU,"41202,43210",active,electrical
SC460577,ALAN HANNAH ELECTRICAL SERVICES LTD,ML9 1ES,ML,43210,active,electrical
12593352,POWER ON ELECTRICAL SOLUTIONS LTD,OL16 3JU,OL,"33140,43210",active,electrical
08173387,AC ELECTRICAL (EAST ANGLIA) LIMITED,NR31 6AG,NR,43210,active,electrical
SC670314,AMIGO ELECTRICAL SERVICES LTD,AB41 7JY,AB,43210,active,electrical
09609674,MULHOLLAND ELECTRICAL LIMITED,RG42 4FT,RG,43210,active,electrical
03997838,1ST CLASS SECURITY SYSTEMS LTD,GU22 8RW,GU,43210,active,electrical
06248834,CJT ELECTRICAL LTD,WD17 3DD,WD,43210,active,electrical
11648071,MK4ELECTRICAL LTD,PE7 1RP,PE,43210,active,electrical
13456314,JJS ELECTRICAL SERVICES LTD,ME16 9JW,ME,43210,active,electrical
01087200,JPR MECHANICAL AND ELECTRICAL SERVICES LIMITED,ST4 7SA,ST,"43210,43220",active,electrical
08075146,SJC ELECTRICAL SERVICES (SOUTHERN) LIMITED,GU14 6JP,GU,43210,active,electrical
03961025,ELEC-TECH ELECTRICAL SERVICES LIMITED,NR8 6RL,NR,43210,active,electrical
04977687,EAST-TEC ELECTRICAL SERVICES LIMITED,SK1 1YJ,SK,43210,active,electrical
10418986,PARADISE BUSINESS SOLUTIONS LIMITED,E7 9QJ,E7,"43210,43220,43310,43341",active,electrical
13574883,PARNHAMS CONTRACTING LTD,LE13 0PP,LE,"41202,43210",active,electrical
06248784,JUST THE JOB (WESSEX) LTD.,BH21 3PN,BH,"43210,43390",active,electrical
14333423,A C ELECTRICS (BARROW) LTD,LA14 3LT,LA,43210,active,electrical
14136149,DO WATT ELECTRICAL LIMITED,EN8 9BH,EN,43210,active,electrical
11388154,WESTO SERVICES LTD,ME8 6PG,ME,"41202,43210,43220,62020",active,electrical
04185286,PINEWOOD SECURITY SYSTEMS LIMITED,BR2 0JN,BR,"43210,43390",active,electrical
08057761,AMP5 CONTRACTS LIMITED,DN4 5FB,DN,43210,active,electrical
10155785,D MOORE ELECTRICAL CONTRACTORS LIMITED,SO41 0GU,SO,43210,active,electrical
11969231,R S ELECTRICAL ENGINEERING LTD,PE12 8LB,PE,43210,active,electrical
14835212,NEWEY ELECTRICS LTD,B96 6RW,B9,43210,active,electrical
11968446,HILLCREST ELECTRICAL LTD,YO7 1TZ,YO,43210,active,electrical
15744192,FIRST CLASS ELECTRIC LTD,HA8 0AW,HA,43210,active,electrical
07239533,OSBORNE ELECTRICAL SERVICES LTD,BH21 2NW,BH,43210,active,electrical
06674049,RS BUILDING SERVICES LTD,DA13 0PF,DA,43210,active,electrical
07799953,BRYCE CONTRACTORS LIMITED,NE37 3LL,NE,43210,active,electrical
03762206,PETER MAKEWELL INSTALLATIONS LIMITED,SG9 0PJ,SG,"43210,43320,43999,52103",active,electrical
13424676,HAINING ELECTRICAL LTD,DA1 5BU,DA,43210,active,electrical
09057613,TIM WARREN SETBUILDING LIMITED,IG8 9HD,IG,43210,active,electrical
10971535,BT ELECTRICAL & LIGHTING LIMITED,RG19 8XB,RG,43210,active,electrical
11750266,VOLT-TECH ELECTRICAL SERVICES LTD,SS9 3JS,SS,43210,active,electrical
03995746,A W ELECTRICAL LIMITED,SE18 6SS,SE,43210,active,electrical
12582650,RJS ELECTRICAL (SURREY) LTD,SM6 8ER,SM,43210,active,electrical
14836071,REIN ELECTRICAL LTD,KT4 7LW,KT,43210,active,electrical
02312758,CENTRAL CONTROL SERVICES LIMITED,CV10 7EL,CV,43210,active,electrical
SC207848,MAGNUS ELECTRICAL SERVICES LIMITED,G15 8QS,G1,43210,active,electrical
11796875,LAMB ELECTRICAL LTD,BN11 1TF,BN,43210,active,electrical
02639950,ELLIOTT ELECTRICAL (BRIDGEND) LTD.,CF31 3LG,CF,43210,active,electrical
08082035,M. COX (AES) LIMITED,DN18 5ND,DN,"33140,43210",active,electrical
03804029,MARTON ELECTRICAL LIMITED,TS17 5EX,TS,43210,active,electrical
12509705,H & H ELECTRICAL MAINTENANCE LTD,NN1 1UE,NN,43210,active,electrical
06842662,STEVEN J BUTLER LTD,WV8 1RH,WV,43210,active,electrical
13989978,SUNRISE CONTRACTORS LIMITED,CV21 3SZ,CV,"43210,46190",active,electrical
12614096,EL AND C SERVICES LTD,SE7 7JG,SE,43210,active,electrical
14079027,EXCELLENT ELECTRICAL LTD,PO11 0PY,PO,43210,active,electrical
13365668,AHJ ELECTRICAL SERVICES LIMITED,FY5 5HT,FY,43210,active,electrical
10411525,WESTWOOD ENERGY LIMITED,HU13 0GD,HU,43210,active,electrical
09199428,NOKE ELECTRICAL SERVICES LIMITED,AL2 3NY,AL,43210,active,electrical
08187486,EPIC INTEGRATION LTD,SE18 6SW,SE,"43210,47430,62011,62090",active,electrical
04789599,R PYE AND SON LIMITED,PR3 2EP,PR,43210,active,electrical
03080838,MJC ELECTRICAL SERVICES LIMITED,OL6 6QU,OL,43210,active,electrical
05962767,SECURILEC UK LIMITED,NR1 1RB,NR,43210,active,electrical
07272837,PW ELECTRICAL LIMITED,TA4 1PW,TA,43210,active,electrical
14898281,ECO RENEWABLES SW LTD,TQ9 7PP,TQ,"43210,43290",active,electrical
09461105,EASTERN POWER SYSTEMS LIMITED,NR21 9HA,NR,43210,active,electrical
04750691,ABSOLUTE CAD (UK) LIMITED,KT1 4AS,KT,43210,active,electrical
06455062,AT YOUR SERVICE AGENCY LTD,IG7 6HB,IG,43210,active,electrical
SC417666,MRES ELECTRICAL SERVICES LIMITED,FK8 1SH,FK,43210,active,electrical
06714324,APS VERIFICATIONS LIMITED,PO6 1LA,PO,43210,active,electrical
10975462,EMDEC LIMITED,LA15 8AP,LA,43210,active,electrical
09608385,PURE SPARK ES LTD,CW11 3HL,CW,43210,active,electrical
07247848,WISWELL BUILDING LTD.,WN6 8EA,WN,"43210,43220,43310,43320",active,electrical
10339653,CAINE ELECTRICAL LIMITED,TN39 5ES,TN,43210,active,electrical
SC671630,MARLUK ELECTRICAL LIMITED,ML3 6JT,ML,43210,active,electrical
05165211,MARK BUCKLE ELECTRICIAN LTD,IP14 1JA,IP,43210,active,electrical
14847124,LIVING EASE LTD,UB2 5QG,UB,"43210,43220,43390",active,electrical
12449486,SPARKPLUS LTD,SE25 4TA,SE,43210,active,electrical
11219584,NOON HILL LTD,CV7 9JE,CV,43210,active,electrical
10323669,SJW ELECTRICAL SERVICES LTD,L3 5NW,L3,"32990,43210",active,electrical
09585339,BLUE CHILLI SOLUTIONS LIMITED,GU15 1PT,GU,43210,active,electrical
SC764522,AYYAN ENGINEERING LTD,G1 2PS,G1,"41201,43210,71129,74100",active,electrical
10622036,AFFINITY ELECTRICAL SOLUTIONS LTD,LL14 1AG,LL,43210,active,electrical
10982147,TASK ELECTRICAL SERVICES LTD,KT1 3DJ,KT,43210,active,electrical
12806703,WATT NOW ELECTRICAL LTD,CR3 0DR,CR,43210,active,electrical
11341794,POSITIVE ELECTRICAL CONTRACTORS LTD,SE16 2QU,SE,43210,active,electrical
13698963,LUMIN SPORTS INSTALLATIONS LTD,BS37 5HT,BS,43210,active,electrical
09227922,OLEC ELECTRICAL LIMITED,CF64 5RY,CF,43210,active,electrical
09057712,M DE SOUZA LTD,N12 0BP,N1,43210,active,electrical
08469696,ELECTRICAL & SECURITY LTD,PL6 7EZ,PL,43210,active,electrical
10349075,JOHN WORTH ELECTRICAL LIMITED,LE9 4DJ,LE,43210,active,electrical
14347918,SOL-IFY LTD,SW20 0TL,SW,43210,active,electrical
14876936,WEST & TAYLOR ELECTRICAL CONTRACTORS LTD,PR5 6EE,PR,43210,active,electrical
10318724,HARLING ELECTRICAL LIMITED,NR16 2JU,NR,43210,active,electrical
04762444,MORWOOD ELECTRICAL SERVICES LTD,M41 7DN,M4,"43210,82990",active,electrical
12558009,JDC ELECTRICAL INSTALL LTD,DL6 1QY,DL,43210,active,electrical
SC768931,AESM LIMITED,DG5 4RD,DG,"33140,43210",active,electrical
09937464,JONI ELECTRICAL LIMITED,SW4 0BB,SW,43210,active,electrical
12645159,APEX ENERGY SOLUTION WORLDWIDE LTD,B70 6AS,B7,"43210,43220",active,electrical
12635702,GOOD CONNEXIONS (SUSSEX) LIMITED,BN3 7ES,BN,43210,active,electrical
06919348,PROTEC ELECTRICAL AND SECURITY SYSTEMS LIMITED,CF14 4LA,CF,43210,active,electrical
14105048,AINSLIE ELECTRICAL CONTRACTORS LIMITED,TD12 4QF,TD,43210,active,electrical
09599027,GH ELECTRICAL SERVICES (SOUTH WEST) LTD,BA14 9SZ,BA,43210,active,electrical
12111653,ION ELECTRICAL CONTRACTORS LTD,RH4 1QL,RH,43210,active,electrical
08081282,UHF SOLUTIONS LIMITED,MK42 0UB,MK,43210,active,electrical
08258765,CLANMOR LTD,RM11 3RW,RM,"43210,43220,71129",active,electrical
05525240,TRIDENT ELECTRICAL LIMITED,BS37 7SL,BS,43210,active,electrical
SC684121,STG SERVICES LTD,DD2 5PJ,DD,"43210,43220,43320,81300",active,electrical
12447147,VANADIUM TECHNOLOGIES LIMITED,BH21 6FQ,BH,"43210,61100,62020",active,electrical
06357388,SKK ELECTRICAL LTD,EN1 1JA,EN,43210,active,electrical
12623648,GRAHAM FOR ELECTRIC INFRASTRUCTURE PROJECTS LTD,HA9 8HX,HA,"35110,35140,42220,43210",active,electrical
11209793,ALFIEMAE LIGHTING LIMITED,CM5 9JJ,CM,43210,active,electrical
13367923,RFC SERVICES LTD,SM6 9AA,SM,"43210,43290,70229",active,electrical
08640907,RIE PROJECT MANAGEMENT LTD,NE11 9SY,NE,43210,active,electrical
04584962,RESCUE REFRIGERATION LIMITED,LN11 0YB,LN,43210,active,electrical
SC669957,AXIS ELECTRIC GROUP LTD,G72 0XB,G7,43210,active,electrical
14305155,HE IS ELECTRIC LTD,FY4 4BD,FY,43210,active,electrical
15743919,SF ELECTRICAL INSTALLATIONS LIMITED,NE11 0XS,NE,43210,active,electrical
13131887,WILSON ELECTRICS (WM) LTD,B42 1SY,B4,"43210,49410",active,electrical
10696810,JMW ELECTRICAL & AUTOMATION LTD,LE2 8QE,LE,"43210,43999,47540",active,electrical
12597210,MERLINE CERTS LIMITED,M6 6DE,M6,"43210,96090",active,electrical
04954711,MI INSTALLATIONS LIMITED,LE10 1PJ,LE,43210,active,electrical
07381689,PURBECK ELECTRICAL CONTRACTING LIMITED,BH20 6DQ,BH,43210,active,electrical
14319422,KEBBI ELECTRICAL SERVICES LTD,BS15 3QB,BS,"33140,43210",active,electrical
10154078,DEAD TEST LIMITED,SE13 6QE,SE,43210,active,electrical
11233940,GEA PLUMBING & HEATING LTD,HA2 0DU,HA,"43210,43220,43320",active,electrical
05114010,LIGHTHOUSE ELECTRICAL SERVICES LTD,HA9 9NQ,HA,43210,active,electrical
01394970,WHITEHEAD BUILDING SERVICES LIMITED,NP20 2DW,NP,43210,active,electrical
06878949,POSITIVE LIGHTING INSTALLATIONS LTD,RH12 3XG,RH,43210,active,electrical
03759291,J & G ELECTRICAL SERVICES LIMITED,RM10 8PS,RM,43210,active,electrical
15743074,ERIKO PLUMBING AND HEATING LTD,E14 0BN,E1,"43210,43220",active,electrical
03376202,OPENVIEW SECURITY SOLUTIONS LIMITED,RM7 7PJ,RM,"43210,80200,96090",active,electrical
11201911,EMPIRE ELECTRICAL CONTRACTORS LTD,B62 9BX,B6,43210,active,electrical
10245775,MEC FACILITIES LIMITED,EX2 7EH,EX,"33140,43210,43220,81100",active,electrical
11370918,ENERSOL UK LIMITED,N22 8HH,N2,"43210,43290",active,electrical
15739694,SPARK WISE ELECTRICAL LTD,OX3 9NL,OX,43210,active,electrical
14012708,NORTHSTONE ELECTRICAL SERVICES LIMITED,NN16 9JA,NN,43210,active,electrical
11463365,SMART ELECTRICAL&DESIGN LTD,HA8 5NL,HA,43210,active,electrical
15741159,GERRARD ELECTRICAL SERVICES LTD,TA20 1HP,TA,43210,active,electrical
SC653828,WRIGHT DEVELOPMENT SERVICES LIMITED,KA24 4BT,KA,"41100,43210,43220,43320",active,electrical
09014323,J.A.M. ELECTRICAL SOLUTIONS LTD,PO19 7LT,PO,43210,active,electrical
05800060,M A M LINCOLN LTD,LN2 2RP,LN,43210,active,electrical
07617042,BRISLEE ELECTRICAL LIMITED,EC2A 4LU,EC,43210,active,electrical
06578084,TOTAL 1 ELECTRICAL SERVICES LIMITED,B67 7EX,B6,"33140,43210",active,electrical
06247442,COMMUNICATION CABLING SERVICES LTD,NN15 5AZ,NN,43210,active,electrical
05526586,APT ELECTRICAL LIMITED,AL1 1NG,AL,43210,active,electrical
09606199,HUTCHINS ELECTRICAL CONTRACTORS LIMITED,BA7 7BD,BA,43210,active,electrical
11500706,SC ELECTRICAL LTD,NE12 7EQ,NE,"43210,70229",active,electrical
01718691,ALBURY ELECTRICAL SERVICES LIMITED,SG11 2HS,SG,43210,active,electrical
SC341823,BLANTYRE ELECTRICAL SERVICES LTD,G72 9DF,G7,43210,active,electrical
SC811609,CCRM ELECTRICAL SOLUTIONS LIMITED,DD5 2AS,DD,43210,active,electrical
SC501925,KELBIE ELECTRICAL LTD,ML6 0BD,ML,43210,active,electrical
07183674,BUTTON NATION LIMITED,HA5 2AH,HA,43210,active,electrical
14048396,EC INSTALLATIONS LTD,N20 0QQ,N2,43210,active,electrical
15743964,INN CONTACT LTD,N21 1UL,N2,"43210,46900",active,electrical
11090105,CMS LITES UK LTD,NG8 6NB,NG,43210,active,electrical
12392911,FOGPOD LTD,CV1 4JF,CV,43210,active,electrical
01684356,ROSSE SYSTEMS LIMITED,BD18 3NA,BD,"33140,43210",active,electrical
13588429,KNIGHT & SONS ELECTRICAL LTD,LE7 7TB,LE,43210,active,electrical
12196409,NRJ BORISOV LTD,NW2 4AJ,NW,43210,active,electrical
SC564558,COMPLETE TRADE SOLUTIONS LIMITED,AB32 6RA,AB,"43210,43220,43320,43341",active,electrical
05438097,1ST ELECTRICAL SERVICES (UK) LIMITED,BS40 8BD,BS,43210,active,electrical
14123767,PGSR LTD,SS17 0FR,SS,43210,active,electrical
08932479,KINGS CONTRACTORS (UK) LIMITED,E15 4HL,E1,"43210,43390",active,electrical
14441644,WIRE IT LTD,N1 7GU,N1,"43210,62020",active,electrical
13145726,THOMASMAINTAIN LTD,LL30 3ET,LL,"43210,81100",active,electrical
13536239,VOLTSYSTEMS LTD,CH47 9RP,CH,43210,active,electrical
14109842,L & J ELECTRICAL SOLUTIONS LIMITED,EC2A 4LU,EC,43210,active,electrical
06591549,DC & CO PROPERTY SERVICES LTD,BR1 3NG,BR,"43210,74909",active,electrical
07407039,YOUR ENERGY AND ELECTRICAL SERVICES LTD,BS34 7JX,BS,"43210,74909",active,electrical
14861703,STEVIE SPARKS ELECTRICAL LTD,CM8 1YG,CM,43210,active,electrical
13402679,DAMPIER - HILL DEVELOPMENTS LTD,TA2 6BJ,TA,"41100,41202,43210,43220",active,electrical
03971215,ANDREW SYMONS ELECTRICAL CONTRACTOR LIMITED,TR10 9HB,TR,43210,active,electrical
08193548,ADE ELECTRICAL SERVICES (BRISTOL) LIMITED,BS37 5BA,BS,43210,active,electrical
15740005,TRANSFORMER ELECTRICAL LTD,TR2 4BZ,TR,43210,active,electrical
14128199,CAMPBELL ELECTRICAL  KENT LTD,ME5 0AP,ME,43210,active,electrical
09565408,O&L ELECTRICAL LTD,HP18 0XN,HP,43210,active,electrical
10155687,BRIGHTSURE LIMITED,SS6 9QB,SS,43210,active,electrical
04509140,KEITH WILKINSON (ELECTRICAL CONTRACTORS) LIMITED,NE24 1QQ,NE,43210,active,electrical
12020557,ROSE ELECTRICAL CONTRACTORS LTD,WC2H 9JQ,WC,43210,active,electrical
04119865,TATE SECURITY TECHNOLOGY LIMITED,WN3 6PX,WN,"43210,71121,84240,84250",active,electrical
05159490,COMPLETE FIRE SYSTEMS LIMITED,OL6 8PQ,OL,43210,active,electrical
10775810,ALLEGO CHARGING LTD,EC4V 4BE,EC,"27120,27320,43210,62090",active,electrical
07696737,ADE BUILDING SERVICES LIMITED,SE2 9HS,SE,"43210,43220,43290",active,electrical
13568277,LUGA ELECTRICAL LTD,L8 0YG,L8,43210,active,electrical
15746834,APEX MEP LTD,RM1 3JT,RM,43210,active,electrical
SC329113,POWER DATA SOLUTIONS LIMITED,FK5 4GF,FK,43210,active,electrical
14189456,EA1 SERVICES LTD,SS0 0AQ,SS,43210,active,electrical
06942436,ENVIROLEC UK LIMITED,CM12 0BZ,CM,43210,active,electrical
10063485,TRENTHAM HOLDINGS LIMITED,NG10 1HP,NG,43210,active,electrical
14727505,OVAL COMMERCIAL DOMESTIC LIMITED,DA15 9ER,DA,"41100,43210,43220,98000",active,electrical
13288771,SMARTWIRED ELECTRICAL CONTRACTOR LIMITED,LS9 7DR,LS,43210,active,electrical
13457520,RJW ELECTRICAL CONTRACTORS LTD,ME14 3EH,ME,43210,active,electrical
07743756,HOME MARKET LIMITED,M5 3HR,M5,"43210,43310,68209",active,electrical
13971548,LBM GROUP (NE) LTD,NE24 4GF,NE,43210,active,electrical
11333420,MIZON ELECTRICAL LTD,E20 1DP,E2,43210,active,electrical
13362180,J&R ELECTRIC LTD,KT3 5BY,KT,43210,active,electrical
14074225,MEPM CONSULTING LTD,DA5 1AR,DA,"43210,74909",active,electrical
11991058,HEERA ELECTRICAL LTD,UB5 6LX,UB,43210,active,electrical
12790033,OFFICE CORPORATION LTD,WC1V 7HP,WC,43210,active,electrical
13360665,IP ELECTRICAL SERVICES LTD,HX3 6AS,HX,43210,active,electrical
14831893,SUMMIT ENERGY LTD,LA2 6LS,LA,"41100,43210,43290",active,electrical
06258051,DYNA-LEC LIMITED,S6 2LJ,S6,43210,active,electrical
13391443,DC ELECTRICAL & PROPERTY SERVICES LTD,GU11 3NE,GU,"43210,98000",active,electrical
05766183,BARKER & SHELDON LIMITED,NG5 1AW,NG,43210,active,electrical
08166114,D. SANDERSON ELECTRICAL SERVICES LIMITED,S35 2YX,S3,43210,active,electrical
12133658,C THOMAS ELECTRICAL LTD,LL13 9BL,LL,43210,active,electrical
06669473,RGS ELECTRICAL LTD,SE22 0NF,SE,43210,active,electrical
02721897,EXCELL ELECTRICAL CONTRACTORS LIMITED,DN35 7LE,DN,43210,active,electrical
09523890,C. HAWKES LTD,BR6 9DW,BR,43210,active,electrical
09522514,CROSSPATH CCTV LTD,DA16 2SL,DA,43210,active,electrical
04794290,MURRAY GIBSON SERVICES LIMITED,CA1 3NX,CA,"43210,71200",active,electrical
08535771,MARK BUILDING MAINTENANCE LTD,E17 5PE,E1,43210,active,electrical
10897928,FS ELECTRICAL LTD,IP1 4LS,IP,43210,active,electrical
14703653,CASTLE ELECTRICAL CONTRACTORS (SURREY) LTD,GU21 5AJ,GU,43210,active,electrical
04457658,FORTH ELECTRICAL LIMITED,LS15 8BA,LS,43210,active,electrical
SC812125,GM ELECTRCIAL CONTRACTORS LTD,ML5 2EJ,ML,43210,active,electrical
13755804,TRUEFIX ELECTRICAL & SECURITY SYSTEMS LTD,EC1V 2NX,EC,"43210,43999,80200,95240",active,electrical
13574198,BLOOMFIELD ELECTRICAL LTD,IP6 9NY,IP,43210,active,electrical
11377681,YSSP LTD,B90 4LE,B9,"43210,80100",active,electrical
11582793,N&C PROPERTY SOLUTIONS LTD,DY6 7XZ,DY,43210,active,electrical
12956255,3 PHASE ELECTRICAL INSTALLATIONS LTD,CT21 6JS,CT,43210,active,electrical
04583487,SDX SERVICES LTD.,RH2 9AA,RH,43210,active,electrical
NI619682,CK ENERGY LTD,BT33 0DG,BT,43210,active,electrical
11843299,CATSIS ENTERPRISE LTD,IG8 8HD,IG,43210,active,electrical
03593167,DAVID STAGG & ASSOCIATES LTD.,CM2 8JT,CM,43210,active,electrical
12163713,TWYFORD PROPERTY MANAGEMENT SERVICES LTD,W3 9PP,W3,"43210,98000",active,electrical
SC705979,LAKESIDE ELECTRICS LIMITED,KA3 1NJ,KA,43210,active,electrical
12541547,ISL ELECTRICAL SERVICES LIMITED,RG12 8XS,RG,43210,active,electrical
09938455,DCI NET ELECTRICAL CONTRACTORS LTD,NR34 7FA,NR,43210,active,electrical
SC809422,S WEIR ELECTRICAL LTD,PH11 8BF,PH,43210,active,electrical
10643268,HOWARD SERVICES M&E LTD,EX31 3RT,EX,43210,active,electrical
12178078,MAINLINE ELECTRICAL LTD,B25 8LA,B2,43210,active,electrical
14889861,J.N ELECTRICAL SPECIALISTS LIMITED,PO7 7AN,PO,43210,active,electrical
07346170,LEICESTER-SPARK LTD,LE2 6PB,LE,"43210,43220,49410",active,electrical
05388450,GREENSPACE SOLUTIONS LIMITED,RG5 4SW,RG,"43210,62090",active,electrical
12621856,RCKB LTD,PR5 6LW,PR,"16230,43210,43320",active,electrical
SC259081,PREMIER INSTALLATION ELECTRICAL SERVICES LIMITED,KA12 0AX,KA,43210,active,electrical
10923441,SLOANE PROPERTY MAINTENANCE LIMITED,SW19 2BY,SW,"43210,43220,43310,43341",active,electrical
10790184,J TWEEDIE ELECTRICAL LTD,LL14 4DS,LL,43210,active,electrical
11254732,ZEDS ELECTRICAL LIMITED,MK40 4EY,MK,43210,active,electrical
05456421,BRAMLEY ELECTRICAL LIMITED,NG16 3PA,NG,43210,active,electrical
04775311,MD AUTOMATION LIMITED,BH18 8AT,BH,43210,active,electrical
SC100047,ADVANCED ELECTRICS LIMITED,AB55 5DD,AB,43210,active,electrical
04223780,SOUTHBOURNE ELECTRICAL SERVICES LIMITED,UB7 9BT,UB,"43210,95220",active,electrical
08490595,JEC (UK) LIMITED,NG5 1GA,NG,43210,active,electrical
14558918,ABLE ELECTRICAL SOLUTIONS LTD,NG24 3WW,NG,43210,active,electrical
04507302,A.G.V.S. INSTALLATIONS LIMITED,WN7 3JG,WN,43210,active,electrical
05744751,GREENACRE ELECTRICAL SERVICES LIMITED,NE24 3DE,NE,43210,active,electrical
15746108,TWINTEKK LIMITED,DN21 2NA,DN,"33140,33200,43210,71129",active,electrical
09786272,PREMLEX LIMITED,PO16 0EN,PO,"33140,43210",active,electrical
13422956,LEODIS ELECTRICAL LTD,LS6 3HA,LS,43210,active,electrical
08059699,TURNLEC ENERGY SOLUTIONS LIMITED,M26 3RZ,M2,"43210,74909",active,electrical
11490050,UNITE ELECTRICAL SERVICES LTD,BS8 1PD,BS,43210,active,electrical
09020716,BRETT OSBORN ELECTRICAL LIMITED,SS4 1AJ,SS,43210,active,electrical
04925236,MULLINGS ELECTRICAL LIMITED,SN10 2ES,SN,43210,active,electrical
13592737,RUBY ELECTRICAL LTD,SG12 7LG,SG,43210,active,electrical
14352411,LERS (B'HAM) LTD,DE12 8LL,DE,"43210,43999",active,electrical
07758513,MASTER LIGHTING SOLUTIONS LIMITED,ST13 7BF,ST,43210,active,electrical
11236669,S R MAINTENANCE LTD,RM10 7HL,RM,"43210,43220,43330",active,electrical
08958107,ARC LIGHT INSTALLATIONS LIMITED,CM17 0JU,CM,43210,active,electrical
07334074,HAWK ELECTRICAL SOUTHEAST LIMITED,TN18 4BB,TN,43210,active,electrical
04384167,MCDERMOTT ELECTRICAL LTD,HU1 3AJ,HU,43210,active,electrical
12807806,EARTH WISE ELECTRICAL LIMITED,CO16 9NY,CO,43210,active,electrical
12142796,VALTEC SERVICES LIMITED,BS37 7AW,BS,43210,active,electrical
04994717,DEVIZES CONTROL SYSTEMS LIMITED,SN1 4BG,SN,43210,active,electrical
08014335,DMC ELECTRICAL (UK) LIMITED,SS14 3JJ,SS,43210,active,electrical
10785758,ELECTRIC SERVICES GROUP LIMITED,NW9 9HH,NW,43210,active,electrical
04449064,SPECIALIST POWER SYSTEMS LIMITED,MK43 9PQ,MK,"43210,46520",active,electrical
13409709,WATTS ELECTRICAL EAST ANGLIA LIMITED,PE30 4NG,PE,43210,active,electrical
12620915,ELMBRIDGE ELECTRICAL CONTRACTORS LIMITED,B30 3JN,B3,43210,active,electrical
11199851,HALO CORP LTD,PE27 4NB,PE,"43210,84250",active,electrical
09053888,MW ELECTRICAL AND BUILDING SERVICES LTD,KT17 3EP,KT,"43210,43290,43390",active,electrical
08501434,SWAT UTILITIES LIMITED,M25 0TL,M2,"42210,42220,43210,71122",active,electrical
10926730,ENVI SYSTEMS LIMITED,PO20 2EW,PO,43210,active,electrical
05788286,GLOBAL FLOW LIMITED,SW19 6TG,SW,"43210,51102,70229,85590",active,electrical
09186268,DE SUPREME LIMITED,WS10 9BS,WS,"43210,43290,43999,62090",active,electrical
14571906,RENEWABLE FUTURE NORTH LTD,TS5 7BJ,TS,43210,active,electrical
15752067,MADFLO BUILDING AND MAINTAINANCE LTD,RM11 1BH,RM,"41202,43210,68320",active,electrical
14871308,HARDWIRE ELECTRICAL SERVICES LTD,S5 0RG,S5,43210,active,electrical
13416670,JDL GROUP LTD,SS9 2UJ,SS,43210,active,electrical
07208342,T F INSTALLATIONS LTD,AL4 9QT,AL,"43210,43220",active,electrical
13604255,BGE DIGITAL SW LIMITED,CM1 3ST,CM,"43210,43290,80200,96090",active,electrical
07344337,BUTLER WEST ELECTRICAL SERVICES LIMITED,CM6 1HH,CM,43210,active,electrical
05313073,DH ELECTRICAL LIMITED,BS16 9JB,BS,43210,active,electrical
10910906,DLS ELECTRICAL SERVICES NORTH EAST LTD,HD1 2SQ,HD,43210,active,electrical
10311508,ELECTRICIAN IN IPSWICH LTD,IP6 0LT,IP,43210,active,electrical
08683316,ECO ELECTRICAL SERVICES (LEEDS) LIMITED,LS12 2LH,LS,43210,active,electrical
04690265,WALMER INSTALLATIONS LIMITED,CT12 6SR,CT,43210,active,electrical
08660255,HALO ELECTRICAL SERVICES LIMITED,LS19 7RE,LS,43210,active,electrical
07345966,JST ELECTRICAL  SERVICES LTD,M19 3BJ,M1,43210,active,electrical
05449270,VIEWTECH SECURITY LIMITED,S18 2LQ,S1,43210,active,electrical
05463902,SPECTRUM RESIDENTIAL SERVICES LIMITED,KT17 1SP,KT,43210,active,electrical
06032913,SR JEANES LIMITED,GU4 8ES,GU,43210,active,electrical
14351443,S D HUGHES ELECTRICAL SOLAR PV LIMITED,B78 2BW,B7,43210,active,electrical
11862124,L & R CONTRACTING SERVICES LTD,ST5 7PR,ST,43210,active,electrical
SC151278,P. BLACKHALL LTD.,EH11 3UY,EH,"43210,43220",active,electrical
12817160,STANTON ELECTRICAL LTD,DA15 9PE,DA,43210,active,electrical
06353905,WITHJAM LTD,CM12 9DF,CM,43210,active,electrical
09056035,WESTERN POWER & LIGHTING LIMITED,NP7 5PN,NP,43210,active,electrical
12022241,CWELEC LTD,TS1 3QW,TS,43210,active,electrical
13854442,J. H ELECTRICAL & SOLAR LTD,DN11 8GP,DN,43210,active,electrical
13185852,CB FIRE INSTALLATION LTD,OL9 9XA,OL,43210,active,electrical
13391055,COSTIN ELECTRIC LTD,NG3 2LT,NG,"43210,43220",active,electrical
05904243,LEE WOODHAM ELECTRICAL SERVICES LIMITED,IP31 1EZ,IP,43210,active,electrical
SC517189,24-7 365 ELECTRICAL SERVICES LIMITED,AB10 7AR,AB,43210,active,electrical
09066184,S-SPARKY PRO LTD,NW6 2DR,NW,43210,active,electrical
09056064,FSS ELECTRICAL SERVICES LTD,NR10 5PR,NR,"33140,43210",active,electrical
14090871,AI GLOBAL ROBOTICS LTD,LL17 0RN,LL,"33200,43210",active,electrical
12114021,WOLITERS LIMITED,B61 7BX,B6,43210,active,electrical
11990442,LANCASHIRE ELECTRICAL CONTRACTORS LTD,PR25 3ED,PR,43210,active,electrical
08532079,APOLLO ELECTRICAL SOLUTIONS LTD,BS40 9UH,BS,43210,active,electrical
11365581,D SPRING ELECTRICAL LIMITED,DA14 4DT,DA,43210,active,electrical
13422346,JJC ELECTRICAL CONTRACTORS LTD,NP20 3QP,NP,43210,active,electrical
15747937,G JONES ELECTRICAL GROUP SERVICES LTD,LL78 8JN,LL,43210,active,electrical
05518301,GREG & SONS LIMITED,NW9 5GX,NW,43210,active,electrical
07264538,ENLIGHTENED ENGINEERING LIMITED,TN21 0LA,TN,43210,active,electrical
11380531,RAYDALES ELECTRICALS LIMITED,TS8 9FF,TS,43210,active,electrical
11649039,CONNECT 4 ELECTRICAL SERVICES LTD,LU5 5PR,LU,43210,active,electrical
08156731,PENHILL ELECTRICAL LIMITED,WD3 1FU,WD,43210,active,electrical
09730122,ENERGY OPTIONS SHOP LIMITED,HU9 1RR,HU,43210,active,electrical
08455877,URFA LIMITED,NE33 3HS,NE,43210,active,electrical
07344975,NORTHERN SITE ELECTRICS LIMITED,B73 5HU,B7,43210,active,electrical
08528136,DAVE LEIGH ELECTRICAL LIMITED,CW8 3LD,CW,43210,active,electrical
11326341,TOFTS ELECTRICAL LTD,LS28 7SD,LS,43210,active,electrical
11378070,GAS FIX LUTON LTD,LU4 8BY,LU,"43210,43220",active,electrical
14905594,REACTIVE ENERGY SERVICES LTD,DY4 0AQ,DY,"33140,43210",active,electrical
04695513,B. M. D. SECURITY LIMITED,KT17 2ED,KT,43210,active,electrical
14140008,DOLPHIN ELECTRIC AND HEATING LTD,RM8 1UP,RM,"41201,41202,43210,43220",active,electrical
15751552,RENEWELEC LTD,NP12 2DP,NP,43210,active,electrical
09526152,SAMS ELECTRICAL LIMITED,N14 6HS,N1,43210,active,electrical
09754072,MCCARTIE SERVICES LIMITED,TS23 3NQ,TS,"33140,43210",active,electrical
13561449,JAGUAR ELECTRICS LIMITED,UB4 8RG,UB,43210,active,electrical
02629308,FOSTER LINE LIMITED,ST6 6BL,ST,43210,active,electrical
12156726,CGI'S JOINTING & CABLING SERVICES LTD,ME10 4EW,ME,43210,active,electrical
02275605,H.I. ELECTRICAL SERVICES LIMITED,WV1 2HE,WV,"43210,43290,43999",active,electrical
NI604439,ABQ POWER SERVICES LTD,BT92 3EN,BT,43210,active,electrical
09159371,1ST CLASS ELECTRICAL SERVICES LTD,SE2 0RG,SE,43210,active,electrical
SC382251,DAVIDSON LINDSAY ELECTRICAL SERVICES LIMITED,ML8 4HA,ML,43210,active,electrical
08514827,GOODELECTRICS LTD,CB4 2JW,CB,43210,active,electrical
12623123,REVOLUTION LIGHTING LIMITED,TN9 1RF,TN,"27400,43210",active,electrical
06984285,LMJF ELECTRICAL LTD,ME8 9NU,ME,43210,active,electrical
09732750,BARTMANSKI ELECTRICAL SERVICES LTD,UB6 7LQ,UB,43210,active,electrical
13584837,SHARPE'S ELECTRICAL SERVICES LIMITED,SO19 9BA,SO,43210,active,electrical
10779449,ELEC-HICKS LTD,CO11 2AU,CO,43210,active,electrical
07071086,CONNECT ELECTRIC (BURY) LIMITED,M45 7SY,M4,43210,active,electrical
14120160,WHITEDC ELEC LTD,L37 4DD,L3,43210,active,electrical
15752050,CLH ELECTRICAL LIMITED,DA17 6EX,DA,43210,active,electrical
04793130,B.A.C. & SON SOLUTIONS LTD,HD5 9HL,HD,43210,active,electrical
13813054,ADW ELECTRICAL SERVICES LIMITED,TS11 6AZ,TS,43210,active,electrical
13409716,MURRAY'S ELECTRICAL LTD,LU5 6BT,LU,43210,active,electrical
09748579,SPEEDBIRD ELECTRICIANS LTD,GU4 7YT,GU,43210,active,electrical
11373193,T.J. MASTIN ELECTRICAL LIMITED,DE4 5LE,DE,43210,active,electrical
SC660481,WCES CONTRACT SERVICES LTD,PA15 4NN,PA,43210,active,electrical
05441759,BEN ADDISON LIMITED,S36 9AB,S3,43210,active,electrical
15751872,WILLIAM STEWART ELECTRICAL & SERVICES LIMITED,SG16 6GY,SG,43210,active,electrical
12005163,EAVES ELECTRICAL LTD,SG5 4SA,SG,43210,active,electrical
SC812256,SUDRI LTD,AB12 3SZ,AB,43210,active,electrical
08788588,ELE SYSTEMS LIMITED,N9 7BY,N9,43210,active,electrical
12162011,ONE LINE PROPERTY SERVICES LTD,M11 2WJ,M1,"43210,73110",active,electrical
01421691,A S NORTH LIMITED,DA2 6QA,DA,43210,active,electrical
SC639938,SJI ELECTRICAL LTD,ML3 6BA,ML,"41201,43210",active,electrical
12170354,ALL PURPOSE ELECTRICAL LTD,DA16 2RL,DA,43210,active,electrical
08166778,OASIS ELECTRICS LIMITED,GU10 1DW,GU,43210,active,electrical
12006944,WINN ELECTRICAL SERVICES LTD,NE61 6JT,NE,43210,active,electrical
13563987,ATC MAINTENANCE SERVICES LTD,B31 2LJ,B3,"43210,43220,43290,43390",active,electrical
SC661878,CDM ELECTRICAL ABERDEEN LTD,AB23 8GJ,AB,43210,active,electrical
12158891,ATA ELECTRICAL SERVICES LTD,OL8 3QL,OL,43210,active,electrical
14558039,TFE ELECTRICAL CONTRACTOR LTD,SL9 0HB,SL,43210,active,electrical
14145661,UNITED MEP LTD,WV16 4BB,WV,"43210,43220",active,electrical
10649819,A PARSONS ELECTRICAL LTD,BN17 6LW,BN,43210,active,electrical
09633510,KTC MAINTENANCE LTD,CF62 9AW,CF,43210,active,electrical
10164198,NICKSON INDUSTRIAL CONTROL SYSTEMS LTD,WN4 9SL,WN,43210,active,electrical
10335190,PROLEC ELECTRICAL SERVICES LTD,KT4 8RP,KT,43210,active,electrical
14342022,KONEX ELECTRICAL LTD,SN5 5FP,SN,43210,active,electrical
07393249,PROLEC ELECTRICAL SERVICES (SURREY) LIMITED,KT4 8RP,KT,43210,active,electrical
09171922,GOLDEN CONSTRUCTION ESSEX LIMITED,RM9 6EL,RM,"43210,43220,43342,43390",active,electrical
12133505,MORRISSEY ELECTRICAL LIMITED,HA1 3AW,HA,43210,active,electrical
15183865,COMPLEX ELECTRICAL LIMITED,BS7 9TU,BS,43210,active,electrical
10710252,ZG ELECTRICAL LTD,BH8 8BT,BH,43210,active,electrical
14017931,ABW HEATING & ELECTRICAL LTD,LS16 7AS,LS,"43210,43220",active,electrical
10913626,TH ELECTRICAL (NW) LTD,WF14 8NA,WF,43210,active,electrical
11527342,MAINLINE ELECTRICAL SITE SERVICES LTD,SG2 7EZ,SG,43210,active,electrical
12176754,A.MACS ELECTRICALS LTD,E11 4QE,E1,43210,active,electrical
10899599,SAYWELL SUBSEA SERVICES LIMITED,YO11 3FL,YO,43210,active,electrical
12818327,JSB ELECTRICAL LTD,PE10 9GQ,PE,43210,active,electrical
05906767,NSE (WALES) LIMITED,SA73 1SR,SA,43210,active,electrical
11980277,GREYSTONES ELECTRICAL LTD,KT15 1TN,KT,43210,active,electrical
12474299,TRONICON LTD,W14 0HH,W1,"43210,47410,47990,70229",active,electrical
SC671968,ALMET ELECTRICAL LIMITED,ML4 3NR,ML,43210,active,electrical
11544588,RBE SERVICES LTD,NR7 9BB,NR,"43210,70229",active,electrical
12791305,LS ELECTRIX LTD,WD24 4AU,WD,43210,active,electrical
10471924,HYBRID ELECTRICAL CONTRACTORS LTD,NG11 6DT,NG,43210,active,electrical
14375328,ENTERPRISE D&G LTD,NP10 8SY,NP,"43210,43290",active,electrical
14348580,VICTOR SPARKS ELECTRICAL LTD,NN2 6HJ,NN,43210,active,electrical
12628808,EMG CHAPS LIMITED,SM4 6RW,SM,"33120,43210,43220,43390",active,electrical
11169440,A.M.R SERVICES LTD,LU4 8EF,LU,"33140,43210,80200,96090",active,electrical
06353728,PME ELECTRICAL SERVICES UK LIMITED,WD5 0NF,WD,43210,active,electrical
13640086,OLI ELECTRIC LTD,UB3 3FF,UB,"42220,43210,43290",active,electrical
12813662,PRO INSTALL M & E LIMITED,W1S 4JL,W1,43210,active,electrical
14869280,GRANT ENERGY LTD,B61 0BX,B6,"43210,43220",active,electrical
10937358,R SMITH ELECTRICAL & MECHANICAL LIMITED,DN14 6FB,DN,43210,active,electrical
12277999,ANDELEC CONSULTANCY LTD,NW9 0BA,NW,"43210,43390,71200,96090",active,electrical
08092787,DIRECT ELECTRICAL (LEICS) LTD,LE18 2AJ,LE,43210,active,electrical
05417345,LEE SANDERSON ELECTRICAL CONTRACTORS LIMITED,FY4 5GU,FY,43210,active,electrical
12663733,MY DREAM HOME BUILDING AND ELECTRICAL SERVICES LTD,ST2 0BB,ST,"43210,43341,43390,75000",active,electrical
06612181,DELVE & NANKERVIS LIMITED,TR13 0SR,TR,43210,active,electrical
SC732803,BROMAC ELECTRICAL LTD,G71 7RQ,G7,43210,active,electrical
11511078,COVENT GARDEN SERVICES LIMITED,WC2H 9JR,WC,"43210,43220",active,electrical
SC693282,BENBAR LIMITED,FK2 0DJ,FK,43210,active,electrical
SC727666,LOGAN ELECTRICS LIMITED,ML2 8XU,ML,43210,active,electrical
14119067,IJH ELECTRICAL SERVICES LTD,WD6 1QX,WD,43210,active,electrical
12038959,L.E.R ELECTRICAL SERVICES LTD,TF2 7JP,TF,43210,active,electrical
08331581,THE CASTLE BUILDING SERVICES ORGANISATION LIMITED,NE31 2EX,NE,"41201,43210,43220",active,electrical
10555847,CDMH ELECTRICAL LTD,GL51 7BX,GL,43210,active,electrical
06687496,A PENFOLD ELECTRICAL CONTRACTOR LTD,WD23 4HY,WD,43210,active,electrical
10352530,EXTRA ELECTRICAL LTD,YO30 4UW,YO,43210,active,electrical
10936533,GV ELECTRICAL LTD,ME15 7QH,ME,"41100,43210",active,electrical
08634034,DENTECH 2020 LIMITED,HU15 1FL,HU,43210,active,electrical
09159871,ADAMS ELECTRICAL SOLUTIONS LIMITED,E1 8DR,E1,43210,active,electrical
13941820,ACE FACILITY MANAGEMENT SERVICES LIMITED,WC2H 9JQ,WC,"43210,43220,43290",active,electrical
13425822,SW ELECTRICAL CONTRACTORS LTD,SW16 4QH,SW,"33140,43210",active,electrical
11378521,RUDD ELECTRICAL CONTRACTORS LTD,CM7 3HQ,CM,43210,active,electrical
14584775,GWF ELECTRICAL LTD,UB5 4JE,UB,43210,active,electrical
14155176,KAL ELECTRICAL CONTRACTORS LTD,GU46 7SN,GU,43210,active,electrical
14408923,SUPERMAX PLUMBING & BATHROOMS LTD,BN42 4PQ,BN,"43210,43220,43330,43390",active,electrical
10892943,SONAR ELECTRICAL&CONTROLS LTD,SP11 7NS,SP,43210,active,electrical
09738427,SKATE ELECTRICAL LIMITED,DA14 4DT,DA,43210,active,electrical
10924817,JA GARDNER PROPERTY SERVICES LIMITED,B90 2JP,B9,"43210,43999",active,electrical
11522396,MFSI ELECTRICAL LTD,N22 5AD,N2,43210,active,electrical
08634166,PLANET CABLING LTD,B92 8DJ,B9,43210,active,electrical
10315094,ELECTRICAL SAFETY PLUS LIMITED,WD17 1HP,WD,43210,active,electrical
09170116,ECO GLO LIMITED,EC1V 2NX,EC,43210,active,electrical
10930430,JSC ELECTRICAL CONTRACTORS LTD,GU52 6TE,GU,43210,active,electrical
12799418,SWERE VALLEY LTD,OX15 0QR,OX,"43210,43390",active,electrical
11503330,TEE ELECTRICS LTD,CR9 1DF,CR,"33140,43210",active,electrical
01700000,ELECTRICAL CONNECTIONS LIMITED,CM4 9DW,CM,43210,active,electrical
12148837,OSM ELECTRICAL LIMITED,HA7 2DT,HA,43210,active,electrical
09732050,D RAIL LTD,RG14 5RY,RG,"43210,90030",active,electrical
10923569,THE VIEW BATTERSEA PARK LIMITED,KT11 2LA,KT,43210,active,electrical
07863372,LNE ELECTRICAL CONTRACTORS LIMITED,CM12 0DU,CM,43210,active,electrical
14357569,BLAZE SOLAR LTD,LN4 1SP,LN,43210,active,electrical
05428433,SELMEC (LINCOLN) LIMITED,LN6 9UL,LN,"43210,43220,43320",active,electrical
14357329,RES SW LTD,CF35 5LJ,CF,"43210,43290,71129",active,electrical
09060413,APPROVED SECURITY HOLDINGS LIMITED,B90 4LE,B9,43210,active,electrical
14882547,AMPEX ELECTRICAL SERVICES LIMITED,WN7 2XW,WN,43210,active,electrical
07757445,FIXX LIMITED,WF10 2FY,WF,"43210,43220",active,electrical
13635708,BECK ELECTRICAL SOLUTIONS LTD,BH25 6SU,BH,43210,active,electrical
10191091,AES (NW) LIMITED,L40 8JW,L4,43210,active,electrical
12670815,BAILIE MECHANICAL & ELECTRICAL LTD,N18 1HH,N1,43210,active,electrical
09598036,M.BELL PLUMBING & HEATING LIMITED,NE28 7RQ,NE,43210,active,electrical
12005811,PMJ ELECTRICAL & FIRE LTD,SL1 7AU,SL,43210,active,electrical
15782883,FAST FIX ELECTRICAL SOLUTIONS LTD,NN16 8QG,NN,"33140,43210,77291,95120",active,electrical
15782868,BROTHERS VISION LTD,SW8 1NE,SW,"43210,43220,43999",active,electrical
09636511,S. SKIPPER ELECTRICAL LIMITED,NR9 4QG,NR,43210,active,electrical
09086712,UNIQUE MECHANICAL SERVICES LTD,ST5 5HH,ST,"43210,43220,43290",active,electrical
12248161,M.I.Y ELECTRCIAL LTD,WD24 4UW,WD,43210,active,electrical
11655939,BELLECO ELECTRICAL LIMITED,E9 5PT,E9,43210,active,electrical
15781640,NICOLSON FIRE AND SECURITY LTD,WN3 6AX,WN,"43210,80200",active,electrical
07559687,P.J.D LIGHTING & ELECTRICAL DESIGN LIMITED,BA9 8EX,BA,43210,active,electrical
09201111,THE MOUSE TRAINING COMPANY LIMITED,RM1 4TA,RM,43210,active,electrical
14175675,CHARGE EVOLUTION LTD,DA5 1LR,DA,43210,active,electrical
09093645,DAWSONS ELECTRICAL SERVICES LTD,SE17 3JR,SE,43210,active,electrical
10963113,MARBLE M&E GROUP LTD,BN18 0AG,BN,"43210,43220,43290",active,electrical
11708610,EALES ELECTRICAL CONTRACTORS LTD,TQ4 7NL,TQ,43210,active,electrical
14736403,ELECTRICAL INC LTD,WD19 7PF,WD,43210,active,electrical
11219487,P2 (KENT) LTD,TN13 1LT,TN,43210,active,electrical
NI607723,PACE SYSTEMS (N.I.) LTD,BT33 0HT,BT,43210,active,electrical
12664999,MERCER ELECTRICAL (SOUTH EAST) LTD,ME15 6XN,ME,43210,active,electrical
13623098,AD TECHNIQUE LTD,SA1 1YE,SA,"42220,43210",active,electrical
10801700,ELLERAY ELECTRICAL LTD,LA23 1AF,LA,43210,active,electrical
15779135,SPF ELECTRICAL SERVICES LIMITED,TN16 3TL,TN,43210,active,electrical
14932701,ABBEY ELECTRICIANS LTD,WS1 3BG,WS,43210,active,electrical
06251949,LUCAS COMMUNICATIONS LIMITED,BB4 7PA,BB,43210,active,electrical
07638498,KEITH ROBERTS (ELECTRICAL) LIMITED,EX4 2JD,EX,43210,active,electrical
07062085,MORETECH LIMITED,E6 3RX,E6,43210,active,electrical
06031088,CENTRAL CABLING LTD,B77 4GJ,B7,43210,active,electrical
09596681,SGM ELECTRICAL SERVICES LTD,SO15 4JA,SO,43210,active,electrical
10187774,KCE ELECTRICS (THORNTON) LIMITED,FY5 5HT,FY,43210,active,electrical
14283663,MNJ ELECTRICS LIMITED,CT5 2RA,CT,43210,active,electrical
09640025,SWINABBEY GROUP LIMITED,N12 8QJ,N1,43210,active,electrical
13946437,BLUNN ELECTRICAL LTD,B26 1BB,B2,43210,active,electrical
08365295,POWER AND WARMTH LIMITED,NE40 4RD,NE,43210,active,electrical
04188583,UK REFRIGERATION & AIR CONDITIONING LTD.,PE2 6LR,PE,43210,active,electrical
12975639,ELECTRICAL EXPRESS LTD,HA1 4EU,HA,43210,active,electrical
10689380,EXTRACT LIMITED,LE8 9AD,LE,43210,active,electrical
13166188,M&D RENOVATIONS LTD,HA0 3SH,HA,"43210,43310,43330,43341",active,electrical
12100615,GOOD ENERGY WORKS LIMITED,SN15 1GH,SN,"43210,43220",active,electrical
11430315,TT ELECTRICAL LTD,YO24 3AY,YO,43210,active,electrical
14925533,BDG SERVICES GROUP LIMITED,SS12 0AW,SS,43210,active,electrical
09277545,BROAD ELECTRICIANS LIMITED,TW7 6ER,TW,43210,active,electrical
09632998,WELL CABLED LIMITED,LU1 1SH,LU,43210,active,electrical
07364817,TAYLOR ELECTRICAL & SITE SERVICES LTD,BB12 9EA,BB,43210,active,electrical
11400948,AAA ELECTRICS LTD,WV8 1PT,WV,43210,active,electrical
14178414,TMJ ELECTRICAL LTD,AL10 9RX,AL,"41202,43210",active,electrical
14813148,NOVA ELECTRICS LTD,SS2 5NF,SS,43210,active,electrical
03717262,ADLEK LIMITED,NE29 7SE,NE,43210,active,electrical
14173972,TRIPPING OUT ELECTRICS LTD,TW7 6LN,TW,43210,active,electrical
10397156,DELCO ELECTRICAL SERVICES LIMITED,CM9 8XB,CM,43210,active,electrical
12658968,M&M ELECTRICAL (ENGLAND) LTD,HA4 7XN,HA,43210,active,electrical
12665192,AVNS (NE) LTD,DL14 6XG,DL,43210,active,electrical
14269884,T.JACKSON ELECTRICAL SERVICES LTD,NN17 5EZ,NN,43210,active,electrical
09637485,TELEC ELECTRICAL CONTRACTORS LIMITED,WF14 8DL,WF,43210,active,electrical
07390840,PARAMOUNT FIRE LIMITED,HP2 4TP,HP,43210,active,electrical
04778456,SPENCE SATELLITE INSTALLATIONS LTD,M16 0HD,M1,43210,active,electrical
13770533,T4 ELECTRICAL LIMITED,RH2 7JN,RH,43210,active,electrical
14056763,FIRSTWAY SOLAR LTD,SE19 3RW,SE,43210,active,electrical
12514417,GS PROJECT SOLUTIONS LIMITED,SS12 9GD,SS,43210,active,electrical
10908121,2ND CITY ELECTRICS LTD.,B73 5EX,B7,43210,active,electrical
07333505,B S D CONTRACT MANAGEMENT LIMITED,NE5 1UW,NE,43210,active,electrical
06335144,DESIGNER METAL PRODUCTS LIMITED,E17 4EE,E1,43210,active,electrical
09750486,AARON CONTRACT ELECTRICAL LTD.,DL17 9BQ,DL,43210,active,electrical
03784889,A1 CONTRACTING LIMITED,OX5 1JE,OX,43210,active,electrical
SC743756,KLAS SERVICES LIMITED,DD7 6AQ,DD,43210,active,electrical
13440928,SHAVES BUILDING & ELECTRICAL SERVICES LTD,SS8 9DE,SS,43210,active,electrical
04782773,ACCESS INTERNATIONAL SECURITY LIMITED,IG10 3TS,IG,43210,active,electrical
14908323,AJ JOINTING SERVICES LTD,HX2 0RG,HX,"35130,43210",active,electrical
05469855,WILSON BUSH ELECTRICAL CONTRACTORS LIMITED,RM12 5AS,RM,43210,active,electrical
14790103,BKM ELECTRICAL SERVICES LIMITED,ST5 6BQ,ST,43210,active,electrical
08531803,CWP GROUP LIMITED,NG4 2SY,NG,"43210,43220,43320,43390",active,electrical
13389180,AUTOTECH CONTROLS LIMITED,SL3 8QH,SL,43210,active,electrical
07646425,HAWKES REFRIGERATION ENGINEERS LIMITED,SS14 1PE,SS,"33190,35300,43210,43220",active,electrical
09610684,SSW ELECTRICAL SERVICES LIMITED,PE37 7SS,PE,43210,active,electrical
14897203,BLAYNEY ELECTRICAL LTD,CB25 0DU,CB,43210,active,electrical
11551436,SUNLEC LTD,SG12 9SH,SG,43210,active,electrical
09066901,MENCHEV LTD,RM6 4DE,RM,"43210,81299",active,electrical
01965734,INMEC LIMITED,CR0 1AA,CR,"09900,43210,46140,46180",active,electrical
13755112,SHEFFIELD CAR CHARGING LIMITED,S13 8LZ,S1,43210,active,electrical
09601446,SKORPION ELECTRICAL CONTRACTING LTD,TN6 3BG,TN,43210,active,electrical
06597740,SITRA ELECTRICAL LTD,RM17 5NL,RM,43210,active,electrical
13412976,R & T ELECTRICAL LTD,LE5 3TB,LE,43210,active,electrical
13414663,VOLT TECH SOUTHERN LTD,PO7 5NT,PO,43210,active,electrical
07385984,BRITISH GAS SERVICES (COMMERCIAL) LIMITED,SL4 5GD,SL,"43210,43220",active,electrical
06723244,BRITISH GAS NEW HEATING LIMITED,SL4 5GD,SL,"43210,43220,82990",active,electrical
01026007,BRITISH GAS SOCIAL HOUSING LIMITED,SL4 5GD,SL,"43210,43220",active,electrical
12299232,J SHURVELL ELECTRICS LTD,ME12 2GA,ME,43210,active,electrical
10983728,GLOZIER ELECTRICAL LIMITED,RM3 0TD,RM,43210,active,electrical
11382311,GC ELECTRICAL (NOTTM) LIMITED,DE7 8AF,DE,43210,active,electrical
09048797,K & R PROPERTY MANAGEMENT LTD,SA73 2HE,SA,"33140,41100,43210",active,electrical
07641698,WEST ELEVEN LIMITED,KT11 2LA,KT,43210,active,electrical
10191512,DEC'S ELECTRICAL COMPANY LIMITED,RG14 1QL,RG,43210,active,electrical
03201058,A. HULL ELECTRICAL LIMITED,LE2 8JB,LE,43210,active,electrical
09599856,LAKES LIGHTING LTD,LA10 5BN,LA,43210,active,electrical
14366431,AURORA SOLAR SYSTEMS LTD,OX26 6XN,OX,43210,active,electrical
12085829,AC ELECTRICAL (SURREY) LIMITED,SW19 3NW,SW,43210,active,electrical
12450442,CABLES ELECTRICAL LTD,TA19 0LZ,TA,"33140,43210",active,electrical
04016417,BIRCH ELECTRICAL LIMITED,ST5 2BE,ST,43210,active,electrical
SC701235,D20 ELECTRICAL SOLUTIONS LTD,ML1 4WU,ML,"33140,43210",active,electrical
08457854,COASTLINE ELECTRICAL (WAVENEY) LIMITED,NR32 1PL,NR,43210,active,electrical
07551027,GOING GREEN RENEWABLES LIMITED,GU16 6BS,GU,43210,active,electrical
06422404,LEE HAYWARD LTD,SO19 8BA,SO,43210,active,electrical
12051070,PRIMAT INTEGRATED SERVICES LTD,HR6 8JB,HR,"43210,43290",active,electrical
14173321,HOLDWAY ELECTRICAL SERVICES LTD,ST2 7AU,ST,43210,active,electrical
08687552,EAGLES ELECTRICAL LTD,W1T 6EB,W1,43210,active,electrical
14923892,SHORTLAND ELECTRICAL LTD,IG9 5RD,IG,43210,active,electrical
11673414,ZOOLPOL LTD,NN18 0BD,NN,"43210,49410",active,electrical
10736128,SISSONS & ALLEN (HOLDINGS) LIMITED,LE9 7TF,LE,"43210,64209",active,electrical
14577389,P. BARBER ELECTRICAL LTD,ME15 9WR,ME,43210,active,electrical
03790355,DAB LIFT & ELECTRICAL SERVICES LIMITED,RM13 9BP,RM,"43210,43999",active,electrical
08573131,CSYSTEMS (HINCKLEY) LIMITED,LE10 0SP,LE,43210,active,electrical
09624082,RAM INSTALLATIONS LIMITED,BR4 0HW,BR,43210,active,electrical
05658696,SB CCTV LIMITED,DE56 2UW,DE,43210,active,electrical
06615418,SOUTHERN COUNTIES SERVICES LTD,KT22 9RF,KT,43210,active,electrical
02857344,BARLOWS (U.K.) LIMITED,SY14 8LU,SY,43210,active,electrical
10945518,RH CONSTRUCTION LTD,CO9 4SE,CO,43210,active,electrical
03350827,K.J. ELECTRICAL SERVICES LIMITED,HA1 2BQ,HA,43210,active,electrical
15635924,LWJ DATA SERVICES LTD,HU7 4NF,HU,43210,active,electrical
10319826,CREME SERVICES LTD,TS25 3EG,TS,43210,active,electrical
11516268,NORTHUMBRIAN ELECTRICAL LIMITED,NE35 9PE,NE,43210,active,electrical
12806117,RCP ELECTRICAL LTD,S61 3SU,S6,43210,active,electrical
SC633709,CIRCOTECH GROUP LIMITED,G15 8TG,G1,"43210,43220,43999",active,electrical
11518101,EAST SUSSEX ELECTRICAL LTD,TN31 6PU,TN,43210,active,electrical
10350601,ELTIR SOLUTIONS LTD,IG3 8XF,IG,43210,active,electrical
04501112,ORMAN CONTRACTING LIMITED,W7 1NB,W7,"43210,43220",active,electrical
08782181,SCM ELECTRICAL SERVICES LIMITED,LE8 6AD,LE,43210,active,electrical
10778862,DOMESTIC ELECTRICAL CONTRACTORS LTD,NN8 1TL,NN,43210,active,electrical
12165119,MERIT SOLAR INSTALLATIONS LTD,CV4 9LZ,CV,43210,active,electrical
10335426,ADAPT ELECTRICAL SOLUTIONS LTD,ME12 3NS,ME,43210,active,electrical
07252594,LA BRISTOL LIMITED,BS35 5RE,BS,43210,active,electrical
12812739,VOLTED ELECTRICAL SERVICES LIMITED,RG8 0DR,RG,43210,active,electrical
12157278,SWANNS ELECTRICAL LIMITED,PO2 0SZ,PO,43210,active,electrical
05909131,1ST CHOICE TRADES LIMITED,BD3 0NW,BD,"41202,43210,43290,43390",active,electrical
SC574207,ANGEL ELECTRICAL SERVICES LIMITED,ML6 7UQ,ML,43210,active,electrical
09177942,CIRCUIT ELECTRICAL LIMITED,SN10 4DD,SN,43210,active,electrical
10934905,PRS ELECTRICAL LTD,BS14 9LT,BS,43210,active,electrical
NI663474,ARF ELECTRICAL LTD,BT26 6QL,BT,43210,active,electrical
13589896,EDWARD TURNER ELECTRICAL LTD,CW1 4PN,CW,43210,active,electrical
10914170,365 UTILITIES LIMITED,NG5 7DZ,NG,"43210,43220,43290,43390",active,electrical
12838418,LUKE OLIVER ELECTRICAL SERVICES LIMITED,S43 3UT,S4,43210,active,electrical
10953970,POSITIVE ELECTRICAL LTD,BN1 2LL,BN,43210,active,electrical
01279266,GLASSWELL & LAST LIMITED,IP32 7AB,IP,43210,active,electrical
03108505,HAMPSHIRE DUCTWORK SERVICES LIMITED,RG45 7AW,RG,43210,active,electrical
12232301,UNIQUE ELECTRICAL NW LTD,WN7 2BF,WN,43210,active,electrical
14344727,AVM ELECTRICAL LTD,N13 6AN,N1,43210,active,electrical
07367424,CONNECTED ELECTRICAL LIMITED,SO30 3RG,SO,43210,active,electrical
14875103,JGP ELECTRICAL LTD,ME12 1DX,ME,43210,active,electrical
08083527,NR ELECTRICAL SERVICES (SCARBOROUGH) LIMITED,YO12 6TE,YO,43210,active,electrical
08713499,ACCLAIMED PROPERTY SERVICES LIMITED,SM6 9PY,SM,"43210,43220",active,electrical
05836262,JARDIN ELECTRICAL LIMITED,WV7 3PQ,WV,43210,active,electrical
04473308,ELECTRICAL TRADING COMPANY LIMITED,WA8 4TR,WA,43210,active,electrical
06597674,NEILSON CONTROL INSTALLATIONS LIMITED,BB4 8PD,BB,43210,active,electrical
09902868,CARL ASHLEY ELECTRICAL SERVICES LIMITED,PO3 5EJ,PO,43210,active,electrical
11385018,EICA SERVICES LTD,LS25 1NB,LS,43210,active,electrical
15563086,A2B RAPID RESPONSE ELECTRICAL LTD,PO3 5EJ,PO,43210,active,electrical
05221703,TSS SOUTHERN LIMITED,BN3 1FG,BN,43210,active,electrical
15768145,KRE SERVICES LTD,CM19 5BN,CM,43210,active,electrical
04856016,J O ELECTRICS LIMITED,SM5 1PQ,SM,43210,active,electrical
01129084,WILLIAMS AND RICHARDSON (CONTRACTORS) LIMITED,LU3 1AY,LU,43210,active,electrical
12702189,HENDERSON ELECTRICAL SOLUTIONS LTD,PO20 7EE,PO,43210,active,electrical
10231358,BURGESS ELECTRICAL SERVICES LIMITED,HP19 8XN,HP,43210,active,electrical
10142710,PRISM INSTALLATIONS LTD,SL5 8NL,SL,"43210,61100",active,electrical
10217738,CREATIVE ELECTRICAL SOLUTIONS LTD,SO30 4AD,SO,43210,active,electrical
09936714,T & M ELECTRICAL SERVICES LTD,DA14 4DT,DA,43210,active,electrical
12331315,CBD ELECTRICS LTD,DA9 9DJ,DA,43210,active,electrical
12619779,CONNECT ELECTRICAL & DATA LIMITED,M46 0LG,M4,43210,active,electrical
06044865,WIGGINS SERVICES LIMITED,HA1 2BQ,HA,43210,active,electrical
09257891,ALFA ELECTRICAL LIMITED,LS17 7RF,LS,43210,active,electrical
11388797,ALPHA ELECTRIC SERVICES LIMITED,NG8 5LE,NG,43210,active,electrical
06780276,COLIN WYLDE LTD,SO16 8EB,SO,43210,active,electrical
14399017,RICH FAULKNER ELECTRICAL LTD,NN2 7AZ,NN,43210,active,electrical
10816516,FIRE-TECH SYSTEMS LIMITED,ME10 2PD,ME,43210,active,electrical
06928845,LC ELECTRICAL SOLUTIONS LIMITED,SS8 9DE,SS,43210,active,electrical
06281511,CIRCUIT ELECTRICAL TESTING LIMITED,HX1 2EQ,HX,43210,active,electrical
06270429,GUL'S PRESTIGE INSTALLATIONS LTD,RM12 4JE,RM,43210,active,electrical
13810155,COLCHESTER EV CHARGERS LTD,CO11 2DJ,CO,43210,active,electrical
SC285761,TAY ELECTRIC LIMITED,PH1 1NF,PH,43210,active,electrical
07102636,ENERGY SMART SOLUTIONS LIMITED,S5 9AT,S5,43210,active,electrical
06133399,SOLISAIR LTD,NG18 2AE,NG,43210,active,electrical
14783419,SOUTHERN CROSS SOLAR LTD,DT11 8JF,DT,43210,active,electrical
11576532,GARY FALCONER ELECTRICALS LTD,LL41 4TR,LL,43210,active,electrical
08421331,MICHAEL GUY ELECTRICAL LIMITED,DL11 6PJ,DL,43210,active,electrical
13464941,PRECISION ELECTRICAL SOLUTIONS LIMITED,NW9 8SL,NW,43210,active,electrical
04771804,FIRE SAFETY DIRECT LIMITED,SA6 8DB,SA,"43210,46690,84250",active,electrical
SC549626,BRIAN DOCHERTY FITTERS (ERSKINE) LIMITED,PA2 6SQ,PA,43210,active,electrical
01062609,MAVAL ELECTRICAL AND MECHANICAL ENGINEERING COMPANY LIMITED,TS6 6HA,TS,"43210,43220",active,electrical
SC692247,BATEMAN ELECTRICAL SERVICES LTD,PA16 8BN,PA,43210,active,electrical
04725657,04725657 LTD,DA1 2AU,DA,"43210,43342,43390,43910",active,electrical
09133350,KSR BUILDING SERVICES LTD,TQ2 6UD,TQ,43210,active,electrical
01137128,LUMINEX LIGHTING LIMITED,WA16 0SE,WA,43210,active,electrical
14930973,VLAD ELECTRICS LTD,SE12 9PT,SE,43210,active,electrical
08121793,MDC ELECTRICAL SERVICES LTD,CF45 4PJ,CF,43210,active,electrical
10805377,OFFICE ELECTRIX LTD,TS3 8PB,TS,43210,active,electrical
11588356,FAVER ELECTRICAL SERVICES LTD,S70 5SQ,S7,43210,active,electrical
14371743,G W PHILLIPS ELECTRICAL LIMITED,SA33 6TQ,SA,43210,active,electrical
14554222,ROKEVCHARGERS LIMITED,GU35 8LU,GU,43210,active,electrical
12897567,SFS ELECTRICAL CONTRACTORS LIMITED,PE27 3DF,PE,43210,active,electrical
05741452,EPHS LTD,SL2 4DW,SL,"43210,43220",active,electrical
14574273,SYMONIC ALTERNATIVE ENERGY RESEARCH UK LIMITED,RM10 7RX,RM,"43210,61900,74100,80200",active,electrical
14192264,BEBB ELEC LTD,CH66 2JJ,CH,43210,active,electrical
08865163,REDLEY ELECTRICAL SERVICES LTD,LS25 1HB,LS,43210,active,electrical
08107756,C & D ELECTRICAL PLUS LIMITED,PL7 5EU,PL,"33140,43210",active,electrical
08415990,STRATTON ELECTRICAL LTD,BS39 7LW,BS,43210,active,electrical
14788160,OMEC LTD,LE13 0PB,LE,43210,active,electrical
02116908,REFLEX SYSTEMS LIMITED,S66 8RY,S6,"43210,80200",active,electrical
14370121,MARKS SPARKS LIMITED,SL4 1RU,SL,43210,active,electrical
11361239,ELECTRICAL CONTROL CONTRACTS LTD,WN6 9DR,WN,43210,active,electrical
08682473,SMOOTHE CONSULTING LTD,NR30 5DD,NR,43210,active,electrical
07263897,BYRNE ELECTRICAL & BUILDING SERVICES LTD,B28 0RD,B2,43210,active,electrical
14357742,GKL ELECTRICAL LTD,RM3 0LA,RM,43210,active,electrical
15798107,MARSHALL THOMAS ELECTRICAL CONTRACTORS LIMITED,DA3 8JN,DA,43210,active,electrical
14958368,MARLOWE ELECTRICAL LTD,BN14 8EZ,BN,43210,active,electrical
13456667,GOLD CARD ELECTRICAL TRAINING LTD,IP22 5UD,IP,"43210,85590,85600",active,electrical
04464092,AJ ELECTRICAL SERVICES LIMITED,WF3 4DN,WF,43210,active,electrical
15798640,5STAR ELECTRICS LTD,RH6 7DA,RH,43210,active,electrical
15798968,CGES NORTHERN LTD,YO26 5RE,YO,43210,active,electrical
14192400,RHENLAH PROPERTY SERVICES LTD,B74 3PW,B7,"43210,43220,43390,68100",active,electrical
06380319,REEDS ELECTRICAL & SAFETY LIMITED,RH16 3LP,RH,43210,active,electrical
03570798,M J P ELECTRICAL LTD,SE25 6UE,SE,43210,active,electrical
06288167,DELTA ELECTRICAL CONTRACTING LIMITED,SN11 8JP,SN,43210,active,electrical
15796115,JAMIE KISIEL ELECTRICAL LTD,NG21 9DQ,NG,43210,active,electrical
14138449,W8 ELECTRICAL SERVICES LTD,PE14 8AU,PE,43210,active,electrical
NI668211,TYRONE ELECTRICAL LTD,BT71 4QF,BT,43210,active,electrical
06603127,LONDONELECTRICALS.CO.UK LIMITED,N7 8GR,N7,43210,active,electrical
SC432200,DOSS LIMITED,ML1 2RN,ML,43210,active,electrical
12848265,M BAILEY ELECTRICAL LTD,CW9 7JJ,CW,43210,active,electrical
11962723,H1 SERVICES LTD,IG11 9BS,IG,"33140,43210",active,electrical
15799102,D.I.F.Y HOME IMPROVEMENTS LTD,B60 2PN,B6,"43210,43220,43290,43320",active,electrical
10218003,M D LAWRENCE LIMITED,CT14 9PG,CT,43210,active,electrical
10960478,TELEGRAPH HILL BUILDERS LTD,SE14 5PP,SE,"43120,43210,43290,43390",active,electrical
07381496,WILL BARTON ELECTRICAL SERVICES LTD.,CB22 3XE,CB,43210,active,electrical
07052407,TAMARIS ELECTRICAL LIMITED,SS12 0HD,SS,43210,active,electrical
15795005,PROWIRE ELECTRICAL (HULL) LTD,HU6 8EA,HU,43210,active,electrical
15795241,DRAÍOCHT NORTH LTD,NE16 6NA,NE,"43210,43999",active,electrical
09974797,JRH ELECTRICAL CONTRACTING LTD,LN4 3QA,LN,43210,active,electrical
14973407,SOLAR ALLOVER LTD,YO19 6RJ,YO,43210,active,electrical
10952248,FIREWIRE ELECTRICAL LTD,PE4 7UB,PE,43210,active,electrical
14193618,B2 ELECTRICAL LTD,WR9 0PW,WR,43210,active,electrical
08905374,MAX POWERGAS LIMITED,HP13 7ET,HP,"43210,43220",active,electrical
04795704,CS NORTHERN ELECTRICAL LIMITED,L9 6GD,L9,43210,active,electrical
06943163,SS ELECTRICALS LIMITED,WV6 8XL,WV,43210,active,electrical
04064040,IN ELECTRONICS LTD,SG9 9QB,SG,43210,active,electrical
03241876,KEY MANAGEMENT SYSTEMS LIMITED,DE74 2US,DE,43210,active,electrical
14371370,JMF ELECTRICAL LIMITED,HP18 0BN,HP,"41202,43210,43290",active,electrical
11554666,C & S ELECTRICAL (NW) LTD,M34 7PP,M3,43210,active,electrical
09241890,SMARTWAVE ELECTRICAL LTD,EN9 3LA,EN,43210,active,electrical
05155615,CORE HEATING AND ELECTRICAL SOLUTIONS LIMITED,BS24 9JT,BS,43210,active,electrical
15798452,G ELEC INSTALLATIONS LTD,CF71 7AB,CF,43210,active,electrical
06617743,S. MUCA LIMITED,NW10 4SJ,NW,43210,active,electrical
14669366,C&M SPECIALIST INSTALLATIONS LIMITED,CF23 8AA,CF,"43210,43999",active,electrical
09438396,P P ELECTRICAL SERVICES LIMITED,CH44 2AA,CH,43210,active,electrical
12918698,CGB ELECTRICAL GROUP LTD,E4 7BA,E4,43210,active,electrical
04538204,KRB INSTALLATIONS LIMITED,SG18 0LD,SG,43210,active,electrical
10233236,M WOOLMAN SOLUTIONS LIMITED,B62 0AS,B6,43210,active,electrical
13651794,RS ELECTRICAL SERVICES (HULL) LTD,HU15 1GG,HU,43210,active,electrical
10662026,STELLAR ELECTRICAL LIMITED,PO8 0BT,PO,43210,active,electrical
14946172,FUSED ELECTRICS LTD,EC1V 2NX,EC,43210,active,electrical
15796051,X-CHARGERS UK LIMITED,NP12 2JL,NP,43210,active,electrical
15797938,MCDOWALL ELECTRICAL LTD,ST4 8AN,ST,43210,active,electrical
12063975,SCENTO LTD,RH11 9UF,RH,"43210,62090",active,electrical
10970346,WOODS PROJECT SERVICES LIMITED,ME4 6AE,ME,43210,active,electrical
06279966,E T ELECTRICALS LIMITED,RH17 6HB,RH,43210,active,electrical
07763715,S W ELECTRICAL DIVERSITY LIMITED,SA34 0YD,SA,"33200,43210",active,electrical
07274482,NDR ENGINEERING SERVICES LTD,M29 8AL,M2,43210,active,electrical
13671848,UKZ SERVICES LTD,B11 2AA,B1,"41202,43210,43999",active,electrical
13101255,ACCRA BUILDING SERVICES LTD,TN21 8LS,TN,"43210,43220,43290",active,electrical
13266867,BEE-SPARK LTD,DN16 1EJ,DN,43210,active,electrical
02516226,OCU NORTHAVON GROUP LIMITED,SK3 8AB,SK,"33200,42910,43210,43290",active,electrical
08579884,ELECTRIC MICK LTD,B37 6BE,B3,43210,active,electrical
14378696,SULIS ELECTRICAL LIMITED,NW1 9PR,NW,43210,active,electrical
12400327,PRIME ELECTRICAL SERVICES SOUTH LIMITED,PO8 0BT,PO,43210,active,electrical
07775678,G FINNIE ELECTRICAL SERVICES LTD,S41 0FZ,S4,43210,active,electrical
09075721,WB ENTERPRISES LIMITED,YO17 7AW,YO,43210,active,electrical
05910715,R.P. CHILD ELECTRICAL CONTRACTORS LIMITED,DL13 5NG,DL,43210,active,electrical
10220142,EASICALL LIMITED,BD22 7HP,BD,"43210,80200,95120",active,electrical
08582351,JK ELECTRICAL (UK) LTD,S42 5RA,S4,"43210,80200",active,electrical
04870853,1ST FIRE SOLUTIONS LTD,GL5 4SH,GL,43210,active,electrical
08731919,CATAB & CO LTD,IP3 0LD,IP,"41201,41202,43210",active,electrical
12057783,PGJ ELECTRICAL LTD,BL8 2HW,BL,43210,active,electrical
11338304,EHM INSTALLATIONS LTD,OL16 1PA,OL,43210,active,electrical
14361368,AWHV LTD,NE28 0BY,NE,43210,active,electrical
NI034252,PREMIER ELECTRICS LIMITED,BT45 8JQ,BT,43210,active,electrical
05800820,GORDON MOSLEY ELECTRICAL LTD,DE21 4GX,DE,43210,active,electrical
09097080,R C RUSSELL ELECTRICAL LIMITED,SO18 6AZ,SO,43210,active,electrical
07007909,OHM IMPROVEMENTS (UK) LIMITED,CV7 8DJ,CV,43210,active,electrical
09013943,MAYO ELEC LTD,TW8 8LJ,TW,43210,active,electrical
05886804,RED BADGE ELECTRICAL LIMITED,CF14 7TP,CF,43210,active,electrical
12684739,SMART SOLUTION ELECTRONICS LTD,M34 7LN,M3,"33130,43210,80200",active,electrical
14134141,INTER ELECTRICAL LTD,UB5 5HT,UB,"43210,80200",active,electrical
12686675,ELECTRICAL TEST & INSTALL LIMITED,CM3 6JH,CM,43210,active,electrical
03609346,CARETECH ADAPT & BUILD LIMITED,SS9 2UJ,SS,43210,active,electrical
02019814,R. & J. TELE COMMUNICATIONS LIMITED,NE5 1UB,NE,43210,active,electrical
08141463,T & W ELECTRICAL (SOUTH COAST) LIMITED,SO14 3TJ,SO,43210,active,electrical
10663930,J DYSON ELECTRICAL SERVICES LIMITED,HD3 3FQ,HD,43210,active,electrical
08140770,T & W ELECTRICAL HOLDINGS (SOUTH COAST) LIMITED,SO14 3TJ,SO,43210,active,electrical
11437537,HARRISON ELECTRICAL (CUMBRIA) LTD,CA7 9EF,CA,43210,active,electrical
SC137626,ALGER ELECTRICS AND ALARMS LIMITED,G82 2EL,G8,43210,active,electrical
08385234,BEECHWOOD MAINTENANCE LTD,GL52 6AR,GL,43210,active,electrical
09250862,S J W POWER LTD,CV22 7NB,CV,43210,active,electrical
10073935,LANDLINE TELECOM COMMUNICATIONS LTD,DE6 1GH,DE,43210,active,electrical
15797746,GETRICITY LIMITED,SW11 8BZ,SW,"35110,39000,43210,74901",active,electrical
14210010,WEBSTER ELECTRICAL DEVELOPMENTS LTD,FY3 7BJ,FY,43210,active,electrical
NI055793,POSITIVE ELECTRICAL SYSTEMS LTD,BT41 2LJ,BT,43210,active,electrical
09668117,MECHANICA UTILITIES LTD,CT17 9TP,CT,"33120,43210,74909",active,electrical
12938655,TECHSIST LIMITED,UB6 0NZ,UB,"41202,43210,43390,80200",active,electrical
14577570,PROFESSIONAL ELECTRICAL CONTRACTORS LTD,TN10 3RH,TN,43210,active,electrical
09669560,ILS ELECTRICAL LIMITED,BL9 7BE,BL,43210,active,electrical
14969390,ECO CHARGE ELECTRICAL LTD,LE12 7JX,LE,"43210,74901",active,electrical
11926658,C & P HIGH VOLTAGE SERVICES LIMITED,SA6 8PW,SA,"26511,26512,43210",active,electrical
15813621,JINDA SINGH CONSTRUCTION LTD,SM1 1HF,SM,"43210,43220,43390,43999",active,electrical
11421027,EFFICIENT ELECTRICIANS LTD,OX14 5HN,OX,43210,active,electrical
SC772717,WIRED ELECTRICAL CONTRACTS LTD,G52 1ER,G5,43210,active,electrical
10217217,BE-GREEN ELECTRICAL LTD,TW19 7QF,TW,43210,active,electrical
12037614,WAF LEISURE LINCS LTD,PE25 2TG,PE,43210,active,electrical
SC452909,TAWSE ITM LIMITED,ML12 6JS,ML,43210,active,electrical
07808147,SSS ELECTRICAL SERVICES LIMITED,IP24 2PA,IP,"33140,43210",active,electrical
09241341,LEYDON ELECTRICAL LTD,B91 2EA,B9,43210,active,electrical
15815474,ALL WIRED UP ELECTRICS LTD,TW20 8AN,TW,43210,active,electrical
13386401,GDR ELECTRICAL LIMITED,CM15 9SG,CM,43210,active,electrical
13476208,NORTHERN POWER PROJECTS LTD,DN12 2DE,DN,43210,active,electrical
14949182,RDF TECHNICAL SERVICES LTD,SG12 8TZ,SG,"43210,43991",active,electrical
09006578,GEOFF CROWLEY ELECTRICAL LIMITED,CB22 4QP,CB,43210,active,electrical
07300861,AKO ELECTRICAL CONTRACTORS LTD,NG15 9BD,NG,43210,active,electrical
08028559,GEORGE HOUSE ELECTRICAL LTD,TA9 4NG,TA,43210,active,electrical
03731725,R.K. ELECTRICAL (BRADFORD) LIMITED,HX2 0ET,HX,43210,active,electrical
06432048,S P R ELECTRICAL LIMITED,BN21 2PD,BN,43210,active,electrical
14014088,DBH ELECTRICAL CONTRACTORS LTD,TQ2 8LG,TQ,43210,active,electrical
10366646,THUNDER ELECTRICAL SERVICES LTD,WD17 4DF,WD,"42220,43210,43290,95210",active,electrical
11432903,KNS ELECTRICAL SERVICES LTD.,NG4 4PN,NG,43210,active,electrical
05495073,PROELEC INSTALLATIONS LIMITED,OX11 0QG,OX,43210,active,electrical
04984333,REGENCY ROSE PROPERTY SERVICES LIMITED,PO30 5AU,PO,"43210,43220,43341,43390",active,electrical
09073782,ZENTIA14 LIMITED,M27 5WN,M2,43210,active,electrical
14216205,STORY HORSE LTD,E9 6JS,E9,43210,active,electrical
10805770,ELITE TECH ELECTRICAL LIMITED,BN1 1BS,BN,43210,active,electrical
11684210,RSK SOLUTIONS (LEEDS) LIMITED,LS28 9NA,LS,43210,active,electrical
10805181,MAREM LIMITED,SE18 6TU,SE,43210,active,electrical
10804844,OHM-ELEC LTD,HP3 0QW,HP,43210,active,electrical
09647898,HYBIC LTD,LU6 1AA,LU,43210,active,electrical
00533562,W.G.WIGGINTON LIMITED,UB6 0AA,UB,43210,active,electrical
07866244,POWER SOLUTIONS NETWORK SERVICES LIMITED,LU4 8FE,LU,43210,active,electrical
03305344,SETPOINT22 SERVICES LIMITED,SK6 2SN,SK,43210,active,electrical
13130744,CEBA ELECTRICAL LTD,LE8 4FS,LE,43210,active,electrical
SC667613,KCE OPERATIONS LIMITED,G33 1TB,G3,43210,active,electrical
11964728,FOZARD BUILDING CO LIMITED,LS17 7QR,LS,"41100,43210",active,electrical
03590141,MOLE ELECTRICS LTD,ME15 6JZ,ME,43210,active,electrical
15816389,MORLUX LIMITED,CM16 7EB,CM,"43210,43290,43999,74909",active,electrical
14684145,SRD ELECTRICAL SOLUTIONS LTD,LE8 0XS,LE,43210,active,electrical
11913374,CTS ELECTRICAL CONTRACTORS LTD,RM11 1EW,RM,43210,active,electrical
04801243,TREVARTON ELECTRICAL CONTRACTORS LIMITED,PL25 4TR,PL,43210,active,electrical
13480621,DC ELECTRICAL CONTRACTORS (SOUTHERN COUNTIES) LIMITED,PO2 9JE,PO,"33140,43210",active,electrical
06623062,JDM INSTALLATIONS LIMITED,DY5 3XL,DY,43210,active,electrical
03355497,DYNAMIC ELECTRICAL SERVICES LIMITED,DN36 5SQ,DN,43210,active,electrical
10068983,JULES ELECTRICAL LIMITED,S6 1JD,S6,43210,active,electrical
14101179,PV BATTERY SOLUTIONS LTD,S6 6FG,S6,43210,active,electrical
14533093,I & E INSTALLATIONS LTD,WA14 5NQ,WA,43210,active,electrical
14898335,SOLOMONS CONSTRUCTION GROUP LTD,OL12 6SJ,OL,"41201,41202,43210,43310",active,electrical
11716966,A & O CONSTRUCTION SERVICES LIMITED,N14 6NZ,N1,43210,active,electrical
06791324,C A MCLELLAN LIMITED,NN2 6NN,NN,43210,active,electrical
05791498,J M ELECTRICAL LIMITED,CB22 4QP,CB,43210,active,electrical
05820732,MIKE ROBERTS ELECTRICAL SERVICES LTD,SY2 6LG,SY,43210,active,electrical
NI633870,CROCKARD ASC LIMITED,BT27 5QB,BT,"25990,43210,43991,43999",active,electrical
SC769171,RLE ELECTRICAL LIMITED,AB53 4BB,AB,43210,active,electrical
14103010,M..P.SOLAR LTD,CH1 6DZ,CH,43210,active,electrical
12594186,J WHITE ELECTRICAL LIMITED,DA2 6LL,DA,43210,active,electrical
14329956,SIMPLY ELECTRIX LTD,B21 0RW,B2,43210,active,electrical
09065629,GLOBALTECH INDUSTRIAL LTD,M45 7GE,M4,43210,active,electrical
10873139,S GAUL ELECTRICAL LIMITED,E17 4EE,E1,43210,active,electrical
14922175,CENTURION ES LTD,SE19 2LX,SE,43210,active,electrical
06604196,C D MANAGEMENT ELECTRICAL LIMITED,LU6 1SX,LU,43210,active,electrical
01211519,GERALD CLIFF (ELECTRICAL CONTRACTORS) LIMITED,LS6 2LP,LS,43210,active,electrical
SC176095,HUTCHISON TECHNOLOGIES LIMITED,DD2 3SN,DD,"26110,43210,61100",active,electrical
14290867,NORTH HERTS SPARKS LTD,SG6 2ES,SG,43210,active,electrical
13390072,PHOENIX SMART HOMES LTD,CR0 6QT,CR,43210,active,electrical
10364114,LIGHTEN UP LIMITED,WD17 1JJ,WD,43210,active,electrical
06946767,C STOKES ELECTRICAL LIMITED,BR2 8NE,BR,43210,active,electrical
10553467,MA PLASTERING & ELECTRICAL SERVICES LIMITED,HX7 7HP,HX,"43210,43310",active,electrical
10808271,SURGE BUILDING SERVICES LTD,M22 4NN,M2,"43210,81100",active,electrical
10159146,KSPARKS ELECTRICAL LIMITED,B23 6GD,B2,43210,active,electrical
04159336,ASPECTS BUILDING CONTRACTORS LIMITED,CB3 0NA,CB,"41100,43210,43320,43390",active,electrical
14353440,GREEN LIVING NW LIMITED,WA11 7DE,WA,43210,active,electrical
13851488,D F ELECTRICAL ESSEX LTD,SS4 1FX,SS,43210,active,electrical
06123982,ELSECOM LIMITED,CR0 5NS,CR,43210,active,electrical
09616366,JINWOO PROPERTY SERVICES LIMITED,AL5 3AS,AL,"43210,43220,43290,43999",active,electrical
12133032,DOL ENGINEERING SERVICES LIMITED,EN5 5SU,EN,"43210,43220,43290,74100",active,electrical
04780793,COM-SPEC LIMITED,NE24 3PT,NE,43210,active,electrical
13448230,ELECTRIFYWALES LIMITED,SA73 2RU,SA,43210,active,electrical
04528799,POWERPOINT ELECTRICAL & SECURITY SERVICES LIMITED,DE12 6QP,DE,43210,active,electrical
12035948,PS ELECTRICAL BUILDING INSTALLATIONS LIMITED,DA18 4HU,DA,43210,active,electrical
09639790,BLUE LANTERN ELECTRICAL SERVICES LIMITED,NW6 6QA,NW,43210,active,electrical
08925779,T CUTTS ELECTRICAL LTD,S10 1QE,S1,43210,active,electrical
03066549,RJ ELECTRICAL CO. LTD.,NR32 1XH,NR,43210,active,electrical
04791380,VIDETTE UK LIMITED,BR8 7PA,BR,43210,active,electrical
07649242,BASE BUILDING NORTH WEST LIMITED,SK3 0NA,SK,"41100,43210",active,electrical
15768668,THEOBALD ELECTRICAL LTD,KT17 2RQ,KT,43210,active,electrical
14704583,EC-EC FIBER LTD,CF48 3SA,CF,"43210,43220",active,electrical
15768865,RJH CONTRACTORS LTD,CB6 3WL,CB,"43210,78200",active,electrical
02148819,DELLSTEEPLE LIMITED,TS5 7NL,TS,43210,active,electrical
04448877,J J HUTTON ELECTRICAL ENGINEERING CONTRACTORS LIMITED,L36 9TT,L3,43210,active,electrical
11274627,DP JONES ELECTRICAL LIMITED,LL53 8NT,LL,43210,active,electrical
07778146,COVENTRY PAT TESTING LTD,B31 4SU,B3,"33140,43210",active,electrical
SC575432,ISK ELECTRICAL SOLUTIONS LTD,G53 7JP,G5,43210,active,electrical
09248977,EXMOUTH ELECTRICIAN LIMITED,EX8 3DP,EX,43210,active,electrical
SC464687,ELMES TESTING LTD,PA2 8TQ,PA,43210,active,electrical
11402335,AMPTECH ELECTRICAL SERVICES LIMITED,TN23 3SW,TN,43210,active,electrical
03994632,QUINN ELECTRICAL LIMITED,NW9 8JP,NW,43210,active,electrical
01268921,ANTHONY J. SMITH (GLOUCESTER) LIMITED,GL10 2BJ,GL,43210,active,electrical
02393558,MARKMINSTER (1989) LIMITED,CT1 3DN,CT,"43210,68100,68209",active,electrical
10212119,AMSC SERVICES LTD,HA7 4RU,HA,43210,active,electrical
13448011,MAKSTER ELECTRICAL SOLUTIONS LTD,LE5 2DA,LE,43210,active,electrical
12010035,TRI-LEC SERVICES LTD,GU17 0EA,GU,43210,active,electrical
04913448,R & F CAMERON LIMITED,GL3 2JE,GL,43210,active,electrical
14154422,GALAXIA CONSTRUCTION LIMITED,SW18 5EF,SW,"41202,43210,43220",active,electrical
00747980,WALLY MAYS (CONTRACTORS) LIMITED,HU7 0WD,HU,43210,active,electrical
14349461,MH PROFESSIONAL ELECTRICAL ENGINEERING LTD,HR5 3DJ,HR,43210,active,electrical
13450335,SHIRES ELECTRICS LIMITED,BN15 8RZ,BN,43210,active,electrical
14681807,THE REWIRED GROUP LIMITED,GU26 6RH,GU,43210,active,electrical
11994486,CONNECTTECH ELECTRICAL LTD,ME7 2RP,ME,43210,active,electrical
14332652,M.A.B ELECTRICS LTD,SK8 6GN,SK,43210,active,electrical
11992130,BICS ELECTRICAL LTD,RM13 9BE,RM,43210,active,electrical
09037198,GOLDFINCH ELECTRICAL LIMITED,FY2 0NG,FY,43210,active,electrical
SC630230,INFRACORE CHT LTD,G66 7LL,G6,43210,active,electrical
10192484,SHORT CIRCUIT ELECTRICAL LTD,BN6 9TE,BN,43210,active,electrical
SC521013,IIEM ELECTRICAL LIMITED,KY6 2DU,KY,43210,active,electrical
06361888,PJ BEE LIMITED,FY7 8NJ,FY,"43210,68209",active,electrical
11992255,AGM ELECTRICAL CONTRACTORS LIMITED,HP2 5PA,HP,43210,active,electrical
SC514442,ROBERTSON ELECTRICAL LTD,AB42 1WN,AB,43210,active,electrical
12028249,C WHARTON ELECTRICAL LTD,EX39 5PZ,EX,43210,active,electrical
12208901,PLUMB X’PRESS LIMITED,DA7 6RR,DA,"43210,43220",active,electrical
12727272,AZZURRIUK LTD,LU7 4FY,LU,"43210,43220",active,electrical
14107255,RR ELECTRICAL SERVICES (WORCS) LTD,DY11 5LY,DY,43210,active,electrical
04193293,M M ELECTRICAL AND BUILDING SERVICES LIMITED,RM17 5XR,RM,43210,active,electrical
09619120,KF ELECTRICAL (LINCOLN) LTD,LN4 2SS,LN,43210,active,electrical
15769695,RP ELECTRICAL (NW) LTD,BB4 8EB,BB,43210,active,electrical
13001096,MATHIAS HV LTD,YO19 6FN,YO,43210,active,electrical
13619068,SALIENT INSTALLATIONS LTD,N1 7GU,N1,43210,active,electrical
15768612,SQUILVER ALARMS LTD,SY1 1XF,SY,43210,active,electrical
05851287,ELCOFIX LTD,SE28 8HA,SE,"43210,43390",active,electrical
10811441,C & M ELECTRICAL (NORTH WEST) LIMITED,PR2 3AE,PR,43210,active,electrical
07456354,SC ELECTRICAL CONTRACTORS LTD,KT16 9BE,KT,43210,active,electrical
10983550,SPECTRE BUILDING SOLUTIONS LIMITED,BA21 5RP,BA,43210,active,electrical
08094529,G3 LIGHTING DESIGN LIMITED,LS8 1AL,LS,"43210,90030",active,electrical
09786496,EIROTECH ENGINEERING LIMITED,DA12 5HA,DA,"41100,43210,43220",active,electrical
13451692,BERKSHIRE ELECTRICIANS LIMITED,RG7 1SS,RG,43210,active,electrical
04590664,ASC ELECTRICAL SERVICES LIMITED,FY6 9EB,FY,43210,active,electrical
13486168,SOUTHERN SOLAR & ELECTRICALS DORSET LTD,BH15 4NH,BH,43210,active,electrical
12677076,FISHER COMPANY (SHREWSBURY) LIMITED,SY6 6BN,SY,"43210,74100",active,electrical
08253293,IHOMES CONTROL SYSTEMS LIMITED,DL14 0AU,DL,43210,active,electrical
06199932,ANOTHER POWER LIMITED,DE1 1FL,DE,43210,active,electrical
03589511,ELMO ELECTRICAL CONTRACTORS LTD,WC2H 9JQ,WC,43210,active,electrical
15811640,C B ELECTRICAL POWYS LTD,SY16 3EP,SY,43210,active,electrical
14591266,MCGREGOR BUILDING SERVICES LTD,WS1 1TJ,WS,"43210,43390",active,electrical
14444101,NS ELEC LTD,LA1 5LY,LA,43210,active,electrical
11583070,CF OVERHEAD INSTALLATION LTD,LA1 2PN,LA,43210,active,electrical
SC609264,NORTHERN ENERGY LIMITED,IV2 5JH,IV,43210,active,electrical
15810587,ENESERVE LIMITED,E2 8DN,E2,"43210,43220,81100,81210",active,electrical
02938204,CLEARSCHEME LIMITED,M33 4DX,M3,43210,active,electrical
08582603,DAVELECTRICAL LIMITED,PL25 4QD,PL,43210,active,electrical
07069476,BARNES & SONS ELECTRICAL SERVICES LIMITED,EN11 9AF,EN,43210,active,electrical
05242216,LONG MOUNTAIN ELECTRICAL LIMITED,SY5 9DY,SY,43210,active,electrical
15810961,PARADIGM LOFTS & CONSTRUCTION LTD,E2 6AH,E2,"41201,41202,43210,43220",active,electrical
05865622,ELEKTRA (NORWICH) LIMITED,NR1 1BY,NR,43210,active,electrical
14262276,SABAI SERVICES LTD,SO41 0FN,SO,43210,active,electrical
08828188,ASK RENEWABLES LIMITED,S72 7FD,S7,"43210,43220",active,electrical
09220786,GDB ELECTRICAL LTD,WR4 9FJ,WR,43210,active,electrical
07023876,FUNKY RENEWABLES LTD,IP28 7DE,IP,"33200,43210,68100,72190",active,electrical
08231654,E J GRABHAM ELECTRICAL CONTRACTOR LIMITED,TA19 9SQ,TA,43210,active,electrical
11396422,SD ELECTRICAL (BIRMINGHAM) LIMITED,DY8 3DW,DY,43210,active,electrical
15811086,DOUBLE VISION SOLUTIONS LIMITED,OL10 3AX,OL,43210,active,electrical
10813401,MB ELECTRICAL (SURREY) LTD,RH2 0SH,RH,43210,active,electrical
10392843,MOLROSE ELECTRICAL SERVICES LTD,SK13 8DA,SK,43210,active,electrical
SC674047,WEST END LIGHTING LTD,G12 9YD,G1,"43210,59111,59113",active,electrical
09664360,SHAW ELECTRICAL CONTRACTORS LIMITED,HG4 5EZ,HG,43210,active,electrical
10245604,VIVID INTERIORS GROUP LIMITED,BS35 3UT,BS,43210,active,electrical
05771338,TRIP ELECTRICAL CONTRACTORS LTD,PO20 8PS,PO,43210,active,electrical
12744200,FIX MY PROPERTY LTD,W2 1RD,W2,"43210,43220,43390",active,electrical
09640523,EWP ELECTRICAL LIMITED,KT1 4AS,KT,43210,active,electrical
14464723,NORTH KENT SOLAR LTD,DA3 7QD,DA,43210,active,electrical
15813145,OIG CONTROLS LTD,KT3 6JD,KT,43210,active,electrical
15813193,DTH EC&I LTD,WA4 2QJ,WA,43210,active,electrical
12673676,M&M CONTRACTING SERVICES LTD,LN2 4US,LN,"41100,43210,81100,81229",active,electrical
11555842,SG POWER DISTRIBUTION LTD,W1W 5PF,W1,"42220,43210,71129",active,electrical
NI670325,LISSIZE ELECTRICAL LTD,BT34 5PE,BT,43210,active,electrical
04815999,A.T.L. ELECTRICAL LTD,NG22 0QJ,NG,43210,active,electrical
14945470,RHODES ROOFING & ENERGY SOLUTIONS LIMITED,NN5 4BZ,NN,"43210,43910,43999",active,electrical
11577658,LINEAR ELECTRICAL SOLUTIONS LIMITED,IP33 3NX,IP,43210,active,electrical
11423278,AWE SERVICES LTD,CT5 3JA,CT,"35300,43210",active,electrical
07300392,AVC TECH LIMITED,LU1 3QT,LU,43210,active,electrical
12040959,ELECTRIC HILL LIMITED,HP14 4NZ,HP,"35140,43210",active,electrical
09236240,ATKINSON JOINTING LTD,WF7 6HE,WF,43210,active,electrical
12646304,PRO VOLT ENGINEERING SERVICES LTD,CF31 3LN,CF,43210,active,electrical
13524140,MDK ELECTRICAL SERVICES LTD,CR0 2WT,CR,43210,active,electrical
SC808970,A GREENER SCOTLAND LTD,G72 8EZ,G7,"41201,43210",active,electrical
SC657223,KNOWIRE INSTALLATIONS LTD,G69 9AA,G6,"43210,62090",active,electrical
09646919,T BAINES ELECTRICAL SERVICES LTD,NP16 7AN,NP,43210,active,electrical
10615871,KCH ELECTRICAL LIMITED,CR5 3FN,CR,43210,active,electrical
15813206,FUSE FIXER LIMITED,DY4 0EE,DY,43210,active,electrical
13621266,ABG ELECTRICAL LTD,HU18 1HE,HU,43210,active,electrical
04760121,MANOR ELECTRICAL CONTRACTORS LIMITED,CM3 3AL,CM,43210,active,electrical
06676839,K  BROWN ELECTRICAL SERVICES LIMITED,DE21 7ET,DE,43210,active,electrical
07300412,S.S.C. ELECTRICAL SERVICES LTD,CM15 9ET,CM,43210,active,electrical
11414601,POVEY LITTLE SERVICES LIMITED,DA14 4DT,DA,43210,active,electrical
07771660,OAKLEY HOME IMPROVEMENTS LTD,TW15 1BD,TW,"43210,43220,43320",active,electrical
11570320,VT SPARX LTD,RM1 2RL,RM,43210,active,electrical
12657816,D & T ELECTRICAL CONTRACTORS LTD,HD3 4FL,HD,43210,active,electrical
09431083,CHRIS ELCOM LTD,RM3 0DP,RM,43210,active,electrical
05495874,M L LIFTS LIMITED,BD11 2BU,BD,43210,active,electrical
05502446,EPEC ELECTRICAL SERVICES LIMITED,EX14 1PW,EX,43210,active,electrical
15811715,MIKE MOONEY ELECTRICAL LTD,BS4 3SP,BS,43210,active,electrical
11676298,SMART NETWORKING LTD,E17 6JH,E1,43210,active,electrical
09127117,DPJ ELECTRICIANS LIMITED,CR2 9EH,CR,43210,active,electrical
10598119,BOWDENS INSTALLATIONS LIMITED,GL1 3NU,GL,"43210,43220,43320,47640",active,electrical
14210452,CM3 SERVICES LIMITED,CM3 6NF,CM,43210,active,electrical
14966879,REFINED CONSTRUCTION LIMITED,EN1 3DY,EN,"43210,43220,43310,43341",active,electrical
14783731,M BAXTER ENERGY LTD,LE7 9DB,LE,43210,active,electrical
06366376,FOSTER CONSTRUCTION SERVICES LTD,MK17 0BH,MK,43210,active,electrical
08677094,LOCKHART ELECTRICAL LIMITED,SS9 2HA,SS,43210,active,electrical
15810203,TECME SERVICES LTD,SS9 1BW,SS,"43210,98000",active,electrical
06923811,K & M DECORATING LIMITED,DT2 7HL,DT,"43210,43330,43341,43999",active,electrical
10804376,ELECTRICAL COMPLIANCE LTD,LL11 6AB,LL,43210,active,electrical
06922814,BADGER ELECTRICAL SERVICES LIMITED,DY2 8RS,DY,43210,active,electrical
14209971,START SOLAR G.B. LTD,M28 3QN,M2,43210,active,electrical
14016220,KRISX ELECTRICAL SERVICES LTD,HU6 8PL,HU,43210,active,electrical
09649605,M & M ELECTRICAL BUILDING SERVICES LONDON LIMITED,DA14 4DT,DA,43210,active,electrical
14442500,ABOVE AVERAGE ELECTRICAL LIMITED,DA14 4BG,DA,43210,active,electrical
08588193,TIM RUSSELL ELECTRICAL LIMITED,TN19 7EB,TN,43210,active,electrical
08114508,GEE'S ELECTRICAL INSTALLATIONS LTD,FY6 7NL,FY,43210,active,electrical
10368136,T FRANCIS ELECTRICAL LTD,TS5 8SD,TS,43210,active,electrical
10658518,RICHWOOD ELECTRICAL LIMITED,BS49 5DX,BS,43210,active,electrical
08700247,NEIL BELLAMY ELECTRICAL LTD,NG31 8AD,NG,43210,active,electrical
12866516,BSJ ELECTRICAL TESTING LTD,LL12 8JP,LL,43210,active,electrical
12948960,PATRICK ELECTRICAL AND MAINTENANCE LTD,HA0 1AR,HA,43210,active,electrical
11661260,GREENPOWERSERV LTD,DE12 7HZ,DE,43210,active,electrical
NI650852,HAUGHEY ELECTRICAL LIMITED,BT28 1XP,BT,43210,active,electrical
11902772,1.21 GIGAWATTS LTD,KT13 9DZ,KT,43210,active,electrical
09311005,R DAVIES ELECTRICAL LTD,BL4 0NA,BL,43210,active,electrical
07696622,J.P.H BUILDING SERVICES LIMITED,SE9 5HP,SE,43210,active,electrical
08213256,CONNECT ELECTRICAL INSTALLATIONS LIMITED,CF11 6LH,CF,43210,active,electrical
07999211,XENON ELECTRICAL LIMITED,NP20 5NT,NP,43210,active,electrical
09652676,DALTON ELECTRICAL CONTRACTING LIMITED,DE21 5EL,DE,43210,active,electrical
12690160,JLR ELECTRICAL LTD,CB4 2HY,CB,43210,active,electrical
15800751,DOUBLE SHOCK LTD,NW9 6EU,NW,43210,active,electrical
06283227,DRJ BUILDERS LIMITED,BR3 4LZ,BR,"43210,43220,43320,43390",active,electrical
07814017,ANDREW JONES SAFETY LTD,CF48 4NS,CF,"43210,43220",active,electrical
12679457,RAM ELECTRICAL SERVICES GROUP LIMITED,HP5 1EG,HP,43210,active,electrical
10249877,K.D.V. ELECTRICAL SERVICES LTD,CR4 2DH,CR,43210,active,electrical
10099451,KC STAR ELECTRICAL LIMITED,NW10 6RF,NW,43210,active,electrical
05664120,TEXELL SYSTEMS LIMITED,BN16 3NR,BN,43210,active,electrical
05161905,SPARK AND FLOW LIMITED,LE3 8LH,LE,"43210,43220",active,electrical
13478126,GSP ELECTRICIANS LTD,CF45 4AR,CF,"41202,43210,43290,43390",active,electrical
13470285,HEWART ELECTRICAL LIMITED,EX8 4JA,EX,43210,active,electrical
06688329,HAFREN CONTRACTS LIMITED,CF72 8AF,CF,"43210,43310,43330,43390",active,electrical
09097251,SPARK - IT ELECTRICALS LIMITED,TW3 3QS,TW,43210,active,electrical
12685785,SHEYS ELECTRICAL SOLUTIONS LIMITED,BN17 6DD,BN,43210,active,electrical
08673774,NJ ELECTRICAL SOLUTIONS LTD,OL4 1JW,OL,43210,active,electrical
04247105,SADLER ELECTRICAL LIMITED,NN14 4PL,NN,43210,active,electrical
13151977,EVERTON WIGHT ELECTRICAL LIMITED,BR8 7BA,BR,43210,active,electrical
11763661,A TEAM ELECTRICAL SERVICES LIMITED,TW18 4AX,TW,43210,active,electrical
10291644,AIC ELECTRICAL INSTALLATIONS LIMITED,ME8 7PH,ME,43210,active,electrical
14030584,C. D. JONES ELECTRICAL CONTRACTORS LIMITED,HP18 0YP,HP,43210,active,electrical
05328956,VOLTS ELECTRICAL LTD,RH2 8QG,RH,43210,active,electrical
09283347,MEM (PLUMBING & ELECTRICAL) SERVICES LTD,RG41 1LH,RG,"43210,43220",active,electrical
SC473658,IN PHASE ELECTRICAL ENGINEERING LTD,KA12 8AN,KA,43210,active,electrical
13807636,FUTURE PROOF INNOVATIONS GROUP LTD,DN11 0HH,DN,43210,active,electrical
05154745,COLLINGWOOD ELECTRICAL LIMITED,PR7 4PR,PR,43210,active,electrical
12059332,"SALVUS ELECTRICAL, FIRE AND SECURITY LTD",L12 7JB,L1,43210,active,electrical
15799561,D HORSFIELD ELECTRICAL LIMITED,S20 1BD,S2,43210,active,electrical
09775553,GC ELECTRICAL SERVICES LIMITED,DN36 4LJ,DN,43210,active,electrical
SC509296,L&M ELECTRICAL CONTRACTORS LTD,PH16 5EX,PH,43210,active,electrical
05877501,P & L ELECTRICAL LTD,NE27 0XL,NE,43210,active,electrical
09208653,LTP ELECTRICAL SERVICES LIMITED,RH15 9XY,RH,43210,active,electrical
08262040,FORCE ELECTRICAL LTD,DN6 8PF,DN,43210,active,electrical
08697124,CLEWS PROPERTY CONTRACTORS LIMITED,WS3 1LJ,WS,43210,active,electrical
03020470,MILTON ELECTRICAL ENGINEERS LIMITED,ME1 1TN,ME,"41100,43210,43290,71122",active,electrical
05467940,T.P.U. LTD.,PE28 4XA,PE,43210,active,electrical
03449243,JOHN WRIGHT ELECTRICAL & MECHANICAL SERVICES LIMITED,YO19 5PD,YO,43210,active,electrical
07059715,POWER DISTRIBUTION SPECIALISTS LTD,CV7 9NH,CV,43210,active,electrical
02222753,LINDOP ELECTRICAL LIMITED,ST4 8AG,ST,43210,active,electrical
05482778,EXCEL SECURITY SYSTEMS LTD,WA15 8JY,WA,43210,active,electrical
12066467,ELECTRAFIX SERVICES LTD,ME19 6BJ,ME,43210,active,electrical
11564484,ANTON ELECTRICAL CONTRACTORS LTD,PR3 1WZ,PR,43210,active,electrical
SC250893,CAFFREY ELECTRICAL LIMITED,G52 1HZ,G5,43210,active,electrical
13616148,DEMIR ELECTRICAL SERVICES LIMITED,CM6 4GW,CM,43210,active,electrical
08708737,INTEGRATED BUILDING SOLUTIONS LTD.,M30 8LE,M3,"43210,43999",active,electrical
12526636,MORENA'S ELECTRICAL AND BUILDING SERVICES LIMITED,DA14 4DT,DA,43210,active,electrical
05828951,PB ELECTRICAL (UK) LTD,EX8 2RN,EX,43210,active,electrical
07682585,LONDON ELITE ELECTRICAL LTD,IG8 8DU,IG,43210,active,electrical
06664341,AMBER AC LIMITED,BN7 3DQ,BN,43210,active,electrical
09619150,XDC ELECTRICAL LTD,PR4 3RE,PR,43210,active,electrical
05431416,AJ FIRE AND SECURITY LTD,CM1 2QE,CM,43210,active,electrical
12022247,PLUMBJAX LTD,RG21 3BU,RG,"43210,43220",active,electrical
12020904,KSY ELECTRICAL LTD,EN1 1RB,EN,43210,active,electrical
09612640,KPT ELECTRICAL LTD,ME15 8QH,ME,43210,active,electrical
09091474,C J SCHOFIELD ELECTRICAL LIMITED,S40 4EA,S4,43210,active,electrical
08704940,PEPS ELECTRICAL LIMITED,GL19 3RP,GL,43210,active,electrical
12898341,ECO ELECTRICAL BRISTOL LTD,BS3 5QE,BS,43210,active,electrical
05527578,RPM ELEC & MECH CONTRACTORS LIMITED,SY22 6QL,SY,43210,active,electrical
07769221,GLOSTER MEP LIMITED,TN4 8AS,TN,"43210,43220",active,electrical
06605715,BSP CONTRACTING LIMITED,EC1V 2NX,EC,43210,active,electrical
10955019,ELECTRICAL & SAFETY COMPLIANCE SOLUTIONS LTD.,BH10 5NW,BH,"33140,43210,71200",active,electrical
11561407,SW3 SERVICES LTD,RH1 3NG,RH,43210,active,electrical
13481808,REVIVE ELECTRICAL LIMITED,DA7 5DQ,DA,43210,active,electrical
06344247,ROE ELECTRICAL CONTRACTORS LIMITED,BD13 1NS,BD,43210,active,electrical
SC610572,ECOSSENT LTD,AB42 5BL,AB,"43210,71122",active,electrical
SC607300,C J ELECTRICAL CONTRACTORS DUNDEE LTD,DD3 7DA,DD,43210,active,electrical
09767970,QUADRANT ELECTRICS LTD,DA7 5LH,DA,43210,active,electrical
13453113,ENVIROLEX LTD,SO19 5JR,SO,43210,active,electrical
06001501,HW SOLUTIONS LIMITED,BL9 6EY,BL,43210,active,electrical
SC330650,CABLES ELECTRICAL SERVICES LIMITED,G68 0DS,G6,43210,active,electrical
13654377,ELECTRICAL ENERGY LIMITED,PR3 0LU,PR,43210,active,electrical
06291531,ALLCHORN ELECTRICAL LTD,BN27 2AE,BN,43210,active,electrical
13471427,MC INSTALLATIONS (MIDLANDS) LTD,WS3 4LS,WS,43210,active,electrical
11422412,ACEMECH ELECTRICAL SERVICES LIMITED,WS9 9PF,WS,43210,active,electrical
04659000,SCOTT ELECTRICAL (DORSET) LIMITED,DT11 8ST,DT,43210,active,electrical
SC814777,JAMES LEES ELECTRICAL SERVICES LTD,AB56 1SA,AB,43210,active,electrical
09644061,QED MECHANICAL & ELECTRICAL LIMITED,PE7 8GX,PE,43210,active,electrical
03076491,E.M.C.E. LIMITED,YO11 3YS,YO,"43210,68100",active,electrical
09000665,GDC SERVICES (MIDDLESEX) LIMITED,EN8 9SH,EN,43210,active,electrical
06699703,TURNER ELECTRICAL NW LTD,FY4 5BE,FY,43210,active,electrical
NI066180,PROLEC BUILDING SERVICES LTD,BT51 5YF,BT,43210,active,electrical
11560804,MH SERVICES NW LTD,SK6 3AU,SK,43210,active,electrical
SC536749,OSBORNE ELECTRICAL LTD,KA6 5HE,KA,43210,active,electrical
SC626499,ANGUS ELECTRICAL SERVICES LTD,DD5 1HH,DD,43210,active,electrical
09841825,CTL ELECTRICAL INSTALLATIONS LIMITED,PO21 4BE,PO,43210,active,electrical
11556460,TRIM ELECTRICAL CONTRACTORS LIMITED,EX14 1JB,EX,43210,active,electrical
14168268,REVOLEC LTD,CM12 9BA,CM,43210,active,electrical
14938688,MR POWER LTD,HP19 9ND,HP,"43210,43390",active,electrical
14943253,PRIME PROPERTY SOLVERS LTD,PE12 8PS,PE,"41100,43210,43390",active,electrical
12220829,ALBIO LTD,HA9 8JP,HA,43210,active,electrical
12210944,ATLAS PLUMBERS ELECTRICAL & PLUMBING LTD,HP12 3BY,HP,"43210,43220",active,electrical
04534164,FAIRFIELD SECURITY SYSTEMS LIMITED,CF5 1DU,CF,43210,active,electrical
08695432,HENRY ELECTRICAL SERVICES LTD,CM14 4RR,CM,43210,active,electrical
SC446606,M.BARRY & SON ELECTRICAL CONTRACTORS LIMITED,EH22 3NX,EH,43210,active,electrical
SC701059,FRASER OLIVER ELECTRICAL SOLUTIONS LTD,EH15 1SS,EH,43210,active,electrical
09778951,LONDON OHMS CENTRAL LTD,W8 6SN,W8,"43210,43220,43290",active,electrical
09475473,COXHEAD ELECTRICAL SERVICES LTD,PR26 6PJ,PR,43210,active,electrical
06697867,SAMCO UK LIMITED,SN15 5HY,SN,43210,active,electrical
09763601,CFS ELECTRICAL LIMITED,SP1 1NU,SP,43210,active,electrical
13710108,LARNE KITCHENS LTD,SR6 9JY,SR,43210,active,electrical
04895751,L.F. BUILDERS LIMITED,NN14 1UP,NN,"43210,43220,43310,43390",active,electrical
07588071,CLOVERDALE SYSTEM INTEGRATION LTD.,NE13 6DS,NE,43210,active,electrical
03894149,EQ SYSTEMS LIMITED,ME12 3EN,ME,43210,active,electrical
11587096,W A ELECTRICAL (SHREWSBURY) LIMITED,SY2 5TL,SY,43210,active,electrical
13633581,FREEDOM ENERGY LIMITED,EX16 7RY,EX,43210,active,electrical
07419158,S WALLWORTH ELECTRICAL SERVICES LTD,DT11 7DX,DT,43210,active,electrical
09235287,ALPHA CONTROL SPECIALISTS LTD,PE12 7LR,PE,43210,active,electrical
12864477,JLB ELECTRICAL CONTRACTOR LTD,N2 9EB,N2,"42220,43210,43290,43390",active,electrical
08111452,NEIL SMITH ELECTRICAL LTD.,BH4 9DW,BH,43210,active,electrical
14905419,ALFA COOLING LTD,GU14 6DR,GU,"33140,35300,43210,43220",active,electrical
06606466,GECKO ELECTRICS LIMITED,BS4 2JW,BS,43210,active,electrical
10424916,ELLISON ELECTRICAL CONTRACTORS LIMITED,CM21 0AN,CM,43210,active,electrical
14201384,CRBS ELECTRICAL SERVICES LTD,PE21 0BZ,PE,43210,active,electrical
08992540,BELL LANCASTER LTD,PR3 1DR,PR,"43210,82990",active,electrical
15805880,GRO ELECTRICAL LIMITED,RM12 5NX,RM,43210,active,electrical
13669486,BABLEC LIMITED,GL50 4SE,GL,"43210,99999",active,electrical
12875625,ELECTROMATE ELECTRICAL SERVICES LTD,BS15 3JZ,BS,43210,active,electrical
06691808,E17 ELECTRICIANS LTD,E4 8DN,E4,43210,active,electrical
05220205,BURGESS ELECTRICAL CONTRACTORS LIMITED,FY3 7BJ,FY,43210,active,electrical
11437823,M.G. ELECTRICAL (NORFOLK) LTD,NR11 8HH,NR,43210,active,electrical
03391038,DATON ELECTRICAL SERVICES LIMITED,RG30 3RA,RG,43210,active,electrical
06691426,BESPOKE INSTALLATIONS SW LIMITED,EX16 4PN,EX,43210,active,electrical
11671041,ELECTRONEXT LIMITED,PE7 3AE,PE,43210,active,electrical
15806396,FISHER POWER SERVICES LTD,LL22 9LQ,LL,43210,active,electrical
SC431701,RRC PROJECT SOLUTIONS LIMITED,ML4 1BY,ML,43210,active,electrical
12856023,TC BUILDING & ELECTRICS LIMITED,SE14 5LZ,SE,"41100,41202,43210,43220",active,electrical
09792401,G & J L SERVICES LTD,CR0 9AJ,CR,43210,active,electrical
14145421,GREENWARD ENERGY LTD,PO14 4DB,PO,43210,active,electrical
14967200,PDG ELECTRICAL LTD,DE7 5DE,DE,43210,active,electrical
12197339,NORTHGATE ELECTRICAL LTD,YO32 9UG,YO,43210,active,electrical
10833726,OAKLANDS CONTRACTS LIMITED,AL6 0RS,AL,"41100,43210",active,electrical
14968450,DUOFIX LTD,TS6 7BH,TS,43210,active,electrical
13642167,ACLIPSE ELECTRICAL GROUP LTD,BN14 7QL,BN,"41100,43210",active,electrical
13481934,G BIRD ELECTRICAL LIMITED,TW18 1HY,TW,"33140,43210",active,electrical
07914252,SHREWSBURY ELECTRICAL CONTRACTORS LTD,DY3 1JA,DY,43210,active,electrical
12405454,PREMIER SECURITY & ELECTRICAL SOLUTIONS LTD,TF7 4QX,TF,43210,active,electrical
04534222,AD SECURITY & ELECTRICAL LIMITED,SK14 1HF,SK,43210,active,electrical
13739386,POWER ELECTRICAL SOLUTIONS (UK) LTD,RM12 6LL,RM,43210,active,electrical
10244106,SLOCK ELECTRICAL LIMITED,CF62 3HE,CF,43210,active,electrical
07010053,ELECTRICAN LTD,WS15 2EL,WS,43210,active,electrical
NI688994,RC TECHNICAL SERVICES LTD,BT61 8PN,BT,43210,active,electrical
14055081,ELITE SYSTEMS NW LIMITED,WA10 5LD,WA,43210,active,electrical
10240638,ATK ELECTRICAL SERVICES LTD,RM11 3AT,RM,43210,active,electrical
14956633,CONNECTED INSTALLATION LTD,SK9 4LY,SK,"43210,62090",active,electrical
12039768,EP SPARKY LTD,RG12 7HQ,RG,43210,active,electrical
05233750,N. J. SANDERS ELECTRICAL INSTALLATIONS LIMITED,NP20 4PG,NP,43210,active,electrical
13645975,SWALLOW ELECTRICAL LTD,RM10 7XJ,RM,43210,active,electrical
14891916,LUC M&E SERVICES LIMITED,NW3 1PR,NW,"43210,43220",active,electrical
12119191,BARTON ELECTRICS LTD,WD19 4RS,WD,43210,active,electrical
04300395,RAYMOND SHAW ELECTRICAL CONTRACTORS LIMITED,LA7 7HN,LA,43210,active,electrical
09079387,ELMS ELECTRICAL SERVICES LIMITED,CO9 2AJ,CO,43210,active,electrical
NI697924,GLA CONTRACTS LTD,BT25 2EN,BT,"43210,43290",active,electrical
00956434,H.W.SERVICES(ENGINEERING)CO.LIMITED,ST21 6LH,ST,43210,active,electrical
03327695,ABSOLUTE POWER LIMITED,CM7 3AN,CM,43210,active,electrical
05832269,HEWER FACILITIES MANAGEMENT LIMITED,GL51 4GA,GL,"43210,43220",active,electrical
14243147,D & G TESTING SERVICES LTD,SS0 7JX,SS,43210,active,electrical
04804171,BEAZER ELECTRICAL SERVICES LIMITED,SN13 9PU,SN,43210,active,electrical
12232546,SCHILLER ELECTRICAL LIMITED,EX31 3GB,EX,43210,active,electrical
07060012,SOL UNDERFLOOR HEATING LTD,PR1 3HP,PR,43210,active,electrical
13622128,SIREN FIRE & SECURITY LTD,L31 2PS,L3,43210,active,electrical
10236029,RB CONNECT LTD,N1 7GU,N1,43210,active,electrical
06293004,HOUGHTON ELECTRICAL SERVICES LIMITED,BN11 1TF,BN,43210,active,electrical
04020161,RIGBY ELECTRICAL LIMITED,PR9 7SW,PR,43210,active,electrical
13623563,LONDON HPRO LIMITED,RG7 1DT,RG,"43210,43330,43341,43390",active,electrical
04511041,ARNOLD LIVESEY ELECTRICAL LIMITED,FY4 4AB,FY,43210,active,electrical
10419283,M SYSTEMS LTD,SE9 1DN,SE,"43210,43999,47990",active,electrical
11747803,TND ELECTRICAL LTD,LS28 8LD,LS,43210,active,electrical
12202936,RH ELECTRICAL CONTRACTORS (SOUTH WEST) LIMITED,EX34 8AL,EX,"41100,43210",active,electrical
14177684,SC ELECTRICAL CONTRACTING LTD,PE1 3LR,PE,43210,active,electrical
11421133,GRAY'S ELECTRICAL SERVICES LTD,ME14 5QP,ME,43210,active,electrical
02530384,BLUES ELECTRICAL LIMITED,CF3 2PU,CF,43210,active,electrical
08328989,TRELAWNEY FIRE AND SECURITY LTD,PL13 1QQ,PL,"43210,80200",active,electrical
05224403,FAL FIRE PROTECTION LIMITED,PL13 1QQ,PL,43210,active,electrical
12062677,PRICE HEATING & ELECTRICAL LTD,RM6 6AX,RM,"43210,43220",active,electrical
14941409,O&T CONSTRUCTION LIMITED,CW12 4TR,CW,43210,active,electrical
11904548,RD MECHANICAL AND ELECTRICAL LTD,WA4 2QL,WA,"43210,43220",active,electrical
13662071,DAVENPORT ELECTRICAL SOLUTIONS LTD,SK3 8SL,SK,43210,active,electrical
14167156,AWH ELECTRICAL (LINCS) LTD.,PE12 7ED,PE,43210,active,electrical
15804837,C2B ELECTRICAL LIMITED,WF3 4DT,WF,43210,active,electrical
04286695,I J S ELECTRICAL CONTRACTORS LIMITED,DE3 0EG,DE,43210,active,electrical
10125400,A C ELECTRICAL (NORTH WALES) LTD,LL31 9RY,LL,43210,active,electrical
10451000,SAFE OHM LIMITED,DT4 9TH,DT,43210,active,electrical
07369148,ESTILO ELECTRICAL SERVICES LIMITED,B63 3HR,B6,43210,active,electrical
10253118,PWS ELECTRICAL CONTRACTOR LTD,SR4 6PX,SR,43210,active,electrical
04473625,CRK SERVICES LIMITED,RH10 1HT,RH,43210,active,electrical
11950702,THOMAS JAMES ELECTRICAL SERVICES LIMITED,KT13 9DZ,KT,43210,active,electrical
04793465,R B ELECTRICAL (CAMBRIDGE) LIMITED,CB4 3NF,CB,43210,active,electrical
12191647,BAYLEY ELECTRICAL SERVICES LTD,DA7 6LX,DA,43210,active,electrical
11408235,ELECTRICIANS4LONDON LTD,IG1 4BL,IG,43210,active,electrical
11578853,CITY AND SHIRE ELECTRICAL SERVICES LIMITED,GL4 8JY,GL,"43210,59111",active,electrical
07456223,CHRIS SYMS LTD,ME15 6YE,ME,43210,active,electrical
07679641,CS ELECTRICAL CONTRACTING (UK) LTD,SN3 1NU,SN,43210,active,electrical
12070572,HERTS BUILDING SERVICES LIMITED,SG9 9NR,SG,43210,active,electrical
14708246,EICA INSTALLATIONS LIMITED,SO50 9DQ,SO,43210,active,electrical
13837345,ELECTROMATIC ME LTD,TW16 7QQ,TW,43210,active,electrical
02651132,BLU-LITE ELECTRICAL SERVICES LIMITED,BR6 6ER,BR,43210,active,electrical
06277685,P R C ELECTRICAL SERVICES LIMITED,PO7 8QZ,PO,43210,active,electrical
NI643821,JR ELECTRICAL SERVICES LTD,BT34 4UR,BT,43210,active,electrical
NI040434,MICHAEL NUGENT LTD,BT70 3DS,BT,"43210,43220,71129",active,electrical
12857406,DERBY MAINTENANCE LTD,DE23 6RH,DE,"43210,43220,43310,43341",active,electrical
07388602,GUARDIAN ELECTRICAL COMPLIANCE LIMITED,WF10 5HW,WF,"43210,81100",active,electrical
13456189,GB ELECTRICAL & PROPERTY SERVICES LIMITED,DY5 3AW,DY,"43210,96090",active,electrical
07394562,SH ELECTRICAL (WIGAN) LIMITED,WN1 2HY,WN,43210,active,electrical
10358252,SAFESPARKS ELECTRICAL LIMITED,NP19 0FF,NP,43210,active,electrical
13453275,AR ELECTRICAL SOLUTIONS LTD,EN1 2JL,EN,43210,active,electrical
06208331,C BRETTELL LTD,B47 5PX,B4,43210,active,electrical
14174528,IN BASSA ELECTRICAL LIMITED,E18 1HA,E1,43210,active,electrical
06624394,AQUATEK (NORTHERN) LIMITED,LA14 2PG,LA,43210,active,electrical
06323278,ITEQ ELECTRICAL & SOLAR LIMITED,BH22 9PH,BH,43210,active,electrical
14380520,HAMMOND ELECTRICAL (SOUTH) LIMITED,HP14 3RP,HP,"41202,43210,43390",active,electrical
09491151,R.S.E.I. LTD,IP1 6LS,IP,43210,active,electrical
05230128,DEMSE TECHNICAL SYSTEMS LIMITED,N17 8DT,N1,"43210,74909",active,electrical
SC709336,TOTAL POWER SYSTEMS LTD,G69 7JX,G6,43210,active,electrical
14910454,EPC SPECIALIST LUTON LTD,LU3 1SR,LU,"43210,82990",active,electrical
11246440,HOWDEN ELECTRICAL SOLUTIONS LTD,TQ7 4AQ,TQ,43210,active,electrical
00826675,R.W. DERBYSHIRE (ELECTRICAL CONTRACTORS)LIMITED,NG18 3LG,NG,43210,active,electrical
12196757,TRITON ELECTRICAL LTD,WF9 2NU,WF,43210,active,electrical
04499838,A G BUILDING SERVICES (SOUTH WEST) LIMITED,BS3 2ST,BS,"43210,43220,43290,43330",active,electrical
03421887,A.M.E. LIFT ENGINEERING LTD.,BN20 7BU,BN,43210,active,electrical
04069108,K2 ELECTRICS LIMITED,N22 8YW,N2,43210,active,electrical
11119497,HOLBROOK CONSTRUCTION SOUTHERN LIMITED,TN15 6NL,TN,43210,active,electrical
10826953,MECKEL LIMITED,OX28 4YR,OX,43210,active,electrical
15816590,LOVE GREEN LTD,BL4 8NS,BL,43210,active,electrical
09510766,JM ELECTRICAL IW LTD,PO36 9HT,PO,43210,active,electrical
12697473,POWER AND ENERGY LTD,WN6 9DD,WN,"35110,42220,43210,46520",active,electrical
04013157,D C I & T ELECTRICAL SERVICES LIMITED,LE8 8DA,LE,43210,active,electrical
03541545,ALLEN ELECTRICAL SERVICES LIMITED,PO36 0DT,PO,43210,active,electrical
13476701,ENCO ELECTRICAL LIMITED,HX5 0SQ,HX,43210,active,electrical
05959338,Q TEC SOLUTIONS LTD,DA12 5HA,DA,43210,active,electrical
11402717,A5H ELECTRICAL LTD,ST17 4XT,ST,43210,active,electrical
SC599312,AG ELECTRICAL GROUP LTD,EH17 8QZ,EH,43210,active,electrical
09254143,CAMBRIDGE DESIGN & CONSTRUCTION LIMITED,CB22 3AP,CB,"41201,41202,43210",active,electrical
12369422,HI-LITE CONTRACTING LIMITED,B78 3TR,B7,43210,active,electrical
08791286,MMI ELECTRICAL SERVICES (UK) LIMITED,CM7 3GB,CM,43210,active,electrical
10260689,ARTISAN ELECTRICAL SERVICES LIMITED,SK10 3RH,SK,43210,active,electrical
15817963,NICKEL ELECTRICAL SERVICES LTD,CM17 9PA,CM,43210,active,electrical
03180188,ARC ELECTRIC (ELECTRICAL CONTRACTORS) LIMITED,SK15 2JY,SK,43210,active,electrical
05162248,GETECH ELECTRICAL & ASSOCIATED SERVICES LIMITED,BR1 2QP,BR,43210,active,electrical
09256629,WAYRE HOUSE ELECTRICAL SERVICES LTD,BR1 3LW,BR,43210,active,electrical
04716802,NORTH AND LOWE LIMITED,RG31 5HU,RG,43210,active,electrical
SC331024,G.E.S. (UK) LIMITED,G66 5JF,G6,43210,active,electrical
14399866,JMC ELECTRICAL (YARM) LTD,TS15 9QL,TS,43210,active,electrical
13831328,A4S ELITE ELECTRICAL ENGINEERS AND CONTRACTORS LIMITED,NG5 9JE,NG,"41202,43210",active,electrical
13397245,RUDD ELECTRICS LIMITED,HU4 7DY,HU,43210,active,electrical
04464283,BUCKS ELECTRICAL SERVICES LIMITED,HP13 7BQ,HP,43210,active,electrical
15818644,VISION ELECTRICAL SOLUTIONS(UK) LIMITED,CF23 5SG,CF,43210,active,electrical
12421872,CAMLEC AND SONS ELECTRICAL SERVICES LIMITED,B36 9SU,B3,43210,active,electrical
01053323,WESSEX ELECTRICALS (SHAFTESBURY) LIMITED,SP7 8PJ,SP,43210,active,electrical
08160686,ECO ELECTRICAL & BUILDING SERVICES LIMITED,L40 0PH,L4,43210,active,electrical
07401299,ARMITAGE ELECTRICAL SERVICES LIMITED,BB8 0NY,BB,43210,active,electrical
14955473,NILE CONSTRUCTION LTD,NW10 8GS,NW,43210,active,electrical
10851966,ELECBUILD LTD,CO4 9YQ,CO,43210,active,electrical
13572208,SHAUN KENT ELECTRICAL LTD,BA14 7QU,BA,43210,active,electrical
14075005,CHP ELECTRICAL LTD,LS27 0SU,LS,43210,active,electrical
06178678,K B ELECTRICAL SERVICES LIMITED,NG21 0HJ,NG,43210,active,electrical
06579309,CONSORT SERVICES LTD,BS13 7TW,BS,"43210,43220,43390",active,electrical
13449721,MESC CONTRACTING UK LTD,M12 4JD,M1,"41201,41202,43210,43390",active,electrical
07312465,3 CORE ELECTRICAL LIMITED,TD15 1DJ,TD,43210,active,electrical
06733658,I.S. ENGINEERING SERVICES LTD,TS7 0JA,TS,"43210,43290",active,electrical
05055434,EDGEFIELD SYSTEMS LIMITED,BS15 1DP,BS,"33140,43210,71129,80200",active,electrical
14169417,REFINE CONSTRUCTION LTD,N22 8JR,N2,"41100,41201,41202,43210",active,electrical
14394330,GB POWER & CONTROL SERVICES LTD,RH10 1QA,RH,"27120,33140,43210",active,electrical
14944257,ELECTRICAL EXCELLENCE NW LTD,CH46 7UB,CH,43210,active,electrical
15818680,SFX GROUP LTD,RG7 3NE,RG,"43210,80200",active,electrical
NI660628,MOR SERVICES LIMITED,BT47 4SX,BT,43210,active,electrical
14952928,SYNERGY GREENTECH HOLDINGS LIMITED,CV1 2TE,CV,43210,active,electrical
13481640,REGAL-T ELECTRICAL LIMITED,AL3 4BY,AL,43210,active,electrical
06299562,SJ & DM DIGGLE ELECTRICAL LIMITED,EX16 4NS,EX,43210,active,electrical
08578526,A L ELECTRICAL CONTRACTORS LIMITED,WF17 0BU,WF,43210,active,electrical
01075812,PIRBRIGHT ELECTRICAL CONTRACTORS LIMITED,GU24 0QD,GU,43210,active,electrical
08561962,SWITCHED ON ELECTRICAL ENGINEERS LIMITED,DT1 3QY,DT,43210,active,electrical
10053961,SPARTAN ELECTRICAL SERVICES LTD,NP8 1HA,NP,43210,active,electrical
13454130,C&G POWER SERVICES LTD,SP2 7LD,SP,43210,active,electrical
10638097,S&A LONDON ELECTRIC LIMITED,W3 8BB,W3,43210,active,electrical
08739905,R PERRY ELECTRICAL LIMITED,EN5 5SU,EN,43210,active,electrical
10824681,EDLECTRICAL LIMITED,SE14 6RL,SE,43210,active,electrical
10244393,PORTAL ELECTRICAL LIMITED,SA11 5RP,SA,43210,active,electrical
13820608,DAKIN CONTRACTORS LTD,LU1 1RR,LU,"41202,43210",active,electrical
05362907,KENSINGTON BUILDERS & DECORATORS LIMITED,E10 7BH,E1,"43210,43220,43290,43310",active,electrical
11577446,OJA LIFTS LIMITED,CV1 2EL,CV,43210,active,electrical
10964451,AXIS BUILDING SERVICES LIMITED,GL3 3QR,GL,"41202,43210,43220",active,electrical
03053209,A & S ELECTRICAL HOLDINGS LIMITED,LS27 8JT,LS,43210,active,electrical
14968170,CARIBOU ELECTRICAL LTD,DE12 7BQ,DE,43210,active,electrical
13261140,NEIGHBOURHOOD ELECTRICAL SERVICES LIMITED,PO14 2JG,PO,"41202,43210",active,electrical
NI688714,BARNAILT ELECTRICAL LTD,BT47 4EA,BT,43210,active,electrical
12054549,TROCIAN LTD,DT8 3BS,DT,"43210,68209",active,electrical
14166201,BOURNEMOUTH AIR CONDITIONING LTD,BH11 9QG,BH,"43210,43220",active,electrical
12861675,SWELLELECTRICIANS LTD,W14 8TD,W1,43210,active,electrical
12034013,JP SOLUTIONS LTD,BN1 1BS,BN,43210,active,electrical
14969909,LMR AERIALS LTD,HP5 2PX,HP,43210,active,electrical
08680569,PLATINUM ELECTRICAL CONTRACTING LTD,N1 7GU,N1,43210,active,electrical
SC458473,ROCHE ELECTRICAL SERVICES LIMITED,KA1 5LA,KA,43210,active,electrical
10349673,GALAXY TECHNICAL SOLUTIONS LTD,BN7 1QE,BN,"43210,74201,74202,90020",active,electrical
09369890,K.A.I. INTEGRATED SERVICES LTD,WF10 5UF,WF,"43210,43390",active,electrical
06557636,APH ELECTRICS LIMITED,NG4 3FH,NG,43210,active,electrical
09286937,J.HUXTABLE ELECTRICAL AND CONSTRUCTION LIMITED,BN18 0PB,BN,43210,active,electrical
10827916,KENNETT ELECTRICS LIMITED,WC2A 2JR,WC,43210,active,electrical
13452740,SPENCER ELECTRICAL (YORKSHIRE) LIMITED,YO17 8JW,YO,43210,active,electrical
10942354,LDJ ELECTRICAL LIMITED,SY22 6JX,SY,43210,active,electrical
07032889,GLADE ENERGY SERVICES LTD,CM16 7LY,CM,"43210,43390",active,electrical
07068812,NPH (LONDON) LTD,N14 5DX,N1,"41202,43210,43220",active,electrical
12892333,R CADWALLADER ELECTRICAL LTD,Y025 6RA,Y0,43210,active,electrical
04452442,RUNCORN ELECTRICAL LIMITED,WA7 4UX,WA,43210,active,electrical
09232576,CANDOR ELECTRICAL LIMITED,GL5 4NH,GL,43210,active,electrical
14813978,BHEM LTD,GU29 9TE,GU,"43210,45200",active,electrical
03581403,MAX FIRE SYSTEMS LIMITED,CM4 9DW,CM,43210,active,electrical
05210724,ADVANCED ENGINEERING SUPPORT SERVICES LTD,SS2 6HZ,SS,43210,active,electrical
10973153,DELIEU ELECTRICAL SERVICES LTD,EN6 3PS,EN,43210,active,electrical
10968862,FAIRLIGHT ELECTRICAL LTD,DA15 7AH,DA,43210,active,electrical
14403010,DB ELECTRICAL (BRISTOL) LTD,BS30 9BP,BS,43210,active,electrical
04803135,S R ELECTRICAL SERVICES LIMITED,B61 7DN,B6,43210,active,electrical
13627235,ELECTRICAL SAFETY AND COMPLIANCE SERVICES LTD,WA2 0QX,WA,43210,active,electrical
07777547,J J CHAPMAN ELECTRICAL LIMITED,CA15 7HF,CA,43210,active,electrical
11520447,JONAS ELECTRICAL SERVICES LIMITED,ME1 1HX,ME,43210,active,electrical
09240304,JACOB AND JACOB LIMITED,GU1 1RU,GU,43210,active,electrical
13431882,KUSSAN MECHANICAL REPAIR AND SOLUTIONS LTD,EN3 6PT,EN,"33140,43210,95210",active,electrical
11393686,PHASE LIFESTILE UK LTD,RG17 0DL,RG,43210,active,electrical
11394053,FWR ELECTRICAL CONTRACTOR LTD,SS7 4NE,SS,43210,active,electrical
14367375,RJF ELECTRICAL SERVICES LIMITED,S64 8AP,S6,43210,active,electrical
05949701,0800SPARKS.COM LIMITED,RM12 6RJ,RM,43210,active,electrical
SC774845,CROWN ELECTRIC COMPANY LTD,AB56 5RD,AB,43210,active,electrical
13652724,CAMEC ELECTRICAL CONTRACTORS LIMITED,WS11 0EJ,WS,43210,active,electrical
01216327,AVERY ELECTRICAL (GUILDFORD) LIMITED,GU1 1RB,GU,43210,active,electrical
13622383,CLEAR MAINTENANCE LTD,E7 8PS,E7,43210,active,electrical
13638023,PRIME ELECTRIC SERVICES LTD,BN11 1TF,BN,43210,active,electrical
NI666432,NEWGLEN ELECTRICAL LTD,BT34 5JH,BT,"35110,43210,71129",active,electrical
07366629,BATESON ELECTRICAL LIMITED,LA9 6EB,LA,43210,active,electrical
09182412,PALMS FACILITIES LIMITED,NG8 6PY,NG,43210,active,electrical
12199249,STARK ELECTRICAL CONTRACTORS LTD,NP22 3DT,NP,43210,active,electrical
07785026,L DOUGLAS ELECTRICAL SERVICES LIMITED,MK9 1NA,MK,43210,active,electrical
12314769,J&C ELECTRICAL LTD,EC2A 4NE,EC,43210,active,electrical
11001886,R MCPARTLAND ELECTRICAL LIMITED,OL5 9SA,OL,43210,active,electrical
11418238,MAINS DISTRO LTD,DA5 1LR,DA,"27900,43210,71200,82990",active,electrical
14023030,FISHER RENEWABLE SOLUTIONS LIMITED,PR2 9WT,PR,43210,active,electrical
10337707,P R ELECTRICAL SERVICES LIMITED,LS24 9JH,LS,43210,active,electrical
10513588,MENDILEC LIMITED,KT12 2SD,KT,43210,active,electrical
10984211,IB ELECTRICAL (NW) LIMITED,BL1 5PD,BL,43210,active,electrical
11568090,BRITANNIA BUILDING SERVICES (YORKS) LTD,WF17 6ER,WF,"41202,43210,43220",active,electrical
09757310,MATT COOK ELECTRICAL SERVICES LTD,BB9 0EW,BB,43210,active,electrical
10364814,MS ELECTRICAL SOLUTIONS LIMITED,HU11 4AP,HU,43210,active,electrical
12893036,REDLEC LIMITED,LS27 7RY,LS,43210,active,electrical
07148807,SCE ELECTRICAL SERVICES LIMITED,PL7 1TR,PL,43210,active,electrical
12837428,SNC GROUP LIMITED,RG31 4QS,RG,"41201,41202,43210,43220",active,electrical
09769264,SEVERN ELECTRICAL SOLUTIONS LIMITED,ST16 1DA,ST,43210,active,electrical
06631863,JRH ELECTRICAL LIMITED,HP1 1LE,HP,43210,active,electrical
11329240,SOLENT FIRE AND SECURITY LTD,PO13 9FU,PO,"43210,80200",active,electrical
12701165,HINTER ELECTRICS LTD,SS9 4LZ,SS,43210,active,electrical
10369711,EXCEPTIONAL ELECTRICAL LIMITED,CO9 3PY,CO,43210,active,electrical
14908253,VEHICLE CHARGING INSTALLS LIMITED,NN1 4EP,NN,43210,active,electrical
13891813,HGO ELECTRICAL LIMITED,DY6 9HS,DY,43210,active,electrical
13484150,ELECTEC CAMBRIDGE LTD,CB22 3JH,CB,43210,active,electrical
NI638549,BARRETT CONTRACTS LTD,BT78 5EJ,BT,"41201,41202,43210,43290",active,electrical
06927088,CHRIS ROBERTS PLUMBING & HEATING LIMITED,B79 7RB,B7,"43210,43220",active,electrical
08203085,HUNTLEY ELECTRONIC SYSTEMS LTD,N14 6HF,N1,43210,active,electrical
06285720,HALLOWELL ELECTRICAL ENGINEERS LIMITED,E11 1NL,E1,43210,active,electrical
13633949,DURAVAULT LIMITED,LS25 7PZ,LS,43210,active,electrical
08072711,DINOLITES LIMITED,TN8 6RA,TN,43210,active,electrical
12081777,DJW ELECTRICAL INSTALLATIONS LTD,PO7 7AN,PO,43210,active,electrical
15819649,CC BOX SOLUTIONS LIMITED,SS8 7AE,SS,"43210,43220",active,electrical
14950367,L WATKINS ELECTRICAL LTD,NP22 3DJ,NP,43210,active,electrical
SC627255,DARGAVEL CONTRACTS LTD,PA7 5FB,PA,"09100,43210",active,electrical
13461693,NRC GROUP HOLDINGS LIMITED,S9 3TE,S9,"43210,43341,43390",active,electrical
SC774023,NTA ELECTRICIANS LIMITED,FK7 8DU,FK,"27400,27510,43210",active,electrical
12698092,MPS-LIGHTING LTD.,CF11 7LZ,CF,"43210,59120",active,electrical
14217742,ADB ELECTRICAL CONTRACTORS (SOUTH WALES) LTD,CF31 3AY,CF,43210,active,electrical
12531115,HUSSAR LIGHTNING PROTECTION LTD,CO1 2JS,CO,"43210,43290,43999",active,electrical
02641998,TOM GALLAGHER LIMITED,BL3 2NQ,BL,43210,active,electrical
08598705,JAS ELECTRICAL CONTRACTING LTD,HD1 4TR,HD,43210,active,electrical
13473328,BARKER AGAR ELECTRICAL LIMITED,S18 1RE,S1,43210,active,electrical
10265920,GREEN LIZARD ELECTRICAL LTD,SO19 8RE,SO,43210,active,electrical
14269836,TAW VALLEY ELECTRICS LTD,EX23 8DU,EX,43210,active,electrical
15819281,JDAS ELECTRICAL LIMITED,SK13 8DA,SK,43210,active,electrical
12681528,JSK ELECTRICAL SERVICES LTD,RM10 7XJ,RM,43210,active,electrical
09101179,DOMERCOO LTD,DN8 4EP,DN,"43210,47910",active,electrical
14993337,VENTUS ELECTRICAL SERVICES LIMITED,RM17 5ED,RM,43210,active,electrical
14655549,SOLAR ELEC GROUP LIMITED,HX3 6AS,HX,43210,active,electrical
05158551,BALKAN STAR LIMITED,TW13 7BL,TW,43210,active,electrical
14970892,LUKEMAN ELECTRICAL SERVICE LIMITED,HP7 0JJ,HP,43210,active,electrical
11476404,WE CHARGE ANY CARS .COM LIMITED,RG41 5SB,RG,43210,active,electrical
05493048,G TECH ELECTRICAL UK LIMITED,CA2 5LL,CA,43210,active,electrical
13835225,BOWLLER ENVIRONMENTAL ELECTRICAL SYSTEMS LTD,CB22 7QP,CB,43210,active,electrical
13919741,ATW ENERGY SOLUTIONS LTD,DN22 6EZ,DN,43210,active,electrical
11290890,MC ELECTRICAL SERVICES (LONG WITTENHAM) LIMITED,OX14 4RF,OX,43210,active,electrical
08606237,SCHOOL SOUND AND VISION LIMITED,EN4 9EB,EN,43210,active,electrical
07296601,INSPACE MECHANICAL & ELECTRICAL LIMITED,AL8 7PP,AL,"43210,43220",active,electrical
07682052,GREENWIRE SOLAR LTD,RG20 9TT,RG,43210,active,electrical
10832650,CSB ELECTRICAL CONTRACTORS LIMITED,CM77 7YY,CM,43210,active,electrical
04245570,RN MOORE ELECTRICAL CONTRACTOR LIMITED,GL18 1BH,GL,43210,active,electrical
01522490,BUCHANAN & CURWEN (LEATHERHEAD) LIMITED,KT23 3EU,KT,43210,active,electrical
10628628,D POTTER ELECTRICAL LTD,SM3 9PP,SM,43210,active,electrical
12503888,HOLLOWAYS ELECTRICAL SOLUTIONS LIMITED,EX8 1BD,EX,43210,active,electrical
14192598,APPLEBY BUILDING SERVICES GROUP LTD,DN40 3JZ,DN,"43210,43290",active,electrical
06145633,XEN ELECTRIC LTD,TN8 6RA,TN,43210,active,electrical
11420141,M J BRAND ELECTRICAL LTD,EN11 0LB,EN,43210,active,electrical
13445231,H3 ELECTRICAL INSTALLATIONS (KENT) LIMITED,ME16 0BL,ME,43210,active,electrical
15819302,FUSION III LIMITED,M50 2YR,M5,43210,active,electrical
14190257,AUDIO VISUAL INSTALL TECHS LTD,SL2 5AX,SL,"43210,45200",active,electrical
14936498,ID 8 PRO LIMITED,CH42 8PF,CH,43210,active,electrical
SC737521,ANTEISLA ELECTRICAL CONTRACTORS LTD,G1 3NQ,G1,43210,active,electrical
00698474,ELECTRICAL INSTALLATION (CAMBRIDGE) LIMITED,CB8 7HR,CB,43210,active,electrical
13254982,GTB ELECTRICAL CONTRACTORS LIMITED,WA10 2TF,WA,"43210,68209",active,electrical
12655101,SECUR3 ELECTRICAL LTD,LS9 7BD,LS,43210,active,electrical
SC774732,DW RENEWABLES LTD,KA5 5RT,KA,43210,active,electrical
14953627,D.MANN ELECTRICAL LTD,PL5 2BA,PL,43210,active,electrical
14351203,H2 SECURITY & FIRE LIMITED,NR32 2HD,NR,"43210,80200,84250",active,electrical
12497540,ADVANCED PRO ELECTRO MECHANICAL UK LTD,KT9 1DP,KT,"43210,43220",active,electrical
08566639,KELLY FIRE SAFETY SOLUTIONS LTD,NG33 5NU,NG,43210,active,electrical
05665009,TOMOLEK LTD,HP12 3DZ,HP,43210,active,electrical
10242298,DANIEL BEST ELECTRICAL LTD,B15 1NP,B1,43210,active,electrical
08613384,FL ELECTRICAL AND AUTOMATION SERVICES LTD,NG10 5LU,NG,43210,active,electrical
07675902,BLUETREE SYSTEMS LTD,SA4 0UD,SA,"41202,43210,43342,43999",active,electrical
10697970,CRESCENT POWER LTD,PO3 5EN,PO,43210,active,electrical
08872059,ECO MIRAGE LIMITED,GL2 7JE,GL,"35110,43210,46180",active,electrical
03891219,HILLSIDE ELECTRICAL (SOUTHERN) LIMITED,PO14 4AR,PO,43210,active,electrical
SC747305,AA ELECTRICAL AND RENEWABLE SERVICES LTD,KY1 2RL,KY,43210,active,electrical
14416112,ASF ELECTRICAL LIMITED,CF23 6QT,CF,43210,active,electrical
09098843,SIX SEVEN PROJECT LTD,N1 7GU,N1,"43210,62090",active,electrical
SC773451,JJBDM LIMITED,EH2 4AN,EH,"43210,43999",active,electrical
07303972,PARK-ELEC ELECTRICAL CONTRACTORS LTD,LE7 7BL,LE,43210,active,electrical
11512169,CMD ELECTRICAL SERVICES LTD,,,43210,active,electrical
13479621,SEMLEC LTD,CF14 4LS,CF,43210,active,electrical
01587864,CARAVAN PARK ELECTRICAL SERVICES LIMITED,PE23 5HE,PE,"33140,43210",active,electrical
SC510531,MATCO LTD,KA1 5LA,KA,43210,active,electrical
15831700,SLATER'S FIRE SERVICES LIMITED,WR12 7HS,WR,43210,active,electrical
04554604,"G. D. PLUMBING, CENTRAL HEATING GAS SERVICE ENGINEERS LIMITED",BN11 1RL,BN,"43210,43220",active,electrical
04934614,CABLE TEST LIMITED,CM13 2HY,CM,43210,active,electrical
10855585,L E JOINTING LTD,TS27 4BF,TS,43210,active,electrical
10309703,LINTON ELECTRIC LTD,TW12 2HR,TW,43210,active,electrical
14199289,LIS AUDIO VISUAL LTD,NG19 9RU,NG,43210,active,electrical
08133551,M.MUMFORD ELECTRICAL LTD,OX16 3TB,OX,43210,active,electrical
12085289,ELECTRICALL SOUTH WALES LIMITED,CF11 0SN,CF,43210,active,electrical
12560389,HALE ELECTRICAL CONTRACTORS LIMITED,SK4 5LB,SK,43210,active,electrical
14540986,LIBRA FIRE LTD,SM1 2NB,SM,43210,active,electrical
14404685,MT ENGINEERING & HYDRAULIC SERVICES LTD,DH4 4FB,DH,"33190,33200,43210",active,electrical
14222349,MC ELECTRICAL (DORSET) LIMITED,DT2 9BN,DT,43210,active,electrical
07293649,FARRENDALE ELECTRICAL SERVICES LTD,NG22 9GW,NG,43210,active,electrical
13455836,TECHSERV LTD,RG12 8XA,RG,"43210,71129",active,electrical
12052297,SUPPORT SERVICES GROUP LIMITED,CF72 9DW,CF,43210,active,electrical
14221033,PROLEK ELECTRICAL (NW) LIMITED,PR25 2TF,PR,43210,active,electrical
15659015,ORIGOM SERVICES LIMITED,DN31 3AT,DN,43210,active,electrical
07964458,C-N-G ELECTRICAL LIMITED,WS11 7LG,WS,43210,active,electrical
08011270,N & C ELECTRICAL LIMITED,CO10 9TF,CO,43210,active,electrical
SC747615,GRANT REILLY ELECTRICAL LTD,IV17 0QT,IV,43210,active,electrical
14559262,WEBCO MECHANICAL SERVICES LTD,BH9 3LN,BH,"43210,43220",active,electrical
02729551,GRATTE BROTHERS BUILDING SERVICES MAINTENANCE LIMITED,N1 9RL,N1,43210,active,electrical
06046095,ONECALL SOLUTIONS LIMITED,GU4 7BG,GU,"43210,43220,43320",active,electrical
SC361918,CMD ELECTRICAL ENGINEERS LTD.,G68 0DE,G6,43210,active,electrical
13484599,TOMMY MCCOLL ELECTRICAL LTD,TD15 1SW,TD,43210,active,electrical
00783568,C.HORROCKS & SONS LIMITED,BL3 4QJ,BL,43210,active,electrical
12927269,SHEFFIELD AIR CONDITIONING SERVICES LTD,S10 5FZ,S1,"43210,43220",active,electrical
SC631947,CASTLEHILL ELECTRICAL LIMITED,IV3 5NN,IV,43210,active,electrical
09806644,IULANDRA LIMITED,LU5 5AD,LU,43210,active,electrical
13166861,M N PEGG ELECTRICAL LTD,SK10 1EQ,SK,43210,active,electrical
10850893,MEEKING ELECTRICAL LIMITED,CM5 9DT,CM,43210,active,electrical
15833420,AUTO ELECTRIX INSTALLATIONS LTD,BH21 7QW,BH,43210,active,electrical
15830372,RJS POWER LIMITED,RH13 0PG,RH,43210,active,electrical
SC072691,R. B. WILSON (ELECTRICAL) LIMITED,AB11 6YQ,AB,43210,active,electrical
15830918,E-LECTRIK ENGINEERING LTD,SG13 8QA,SG,43210,active,electrical
15831264,HOWSON'S TECHNICAL SERVICES LTD,DN34 5DS,DN,43210,active,electrical
15831290,GASNET LTD,E4 8SA,E4,"43210,43220",active,electrical
01602564,MIROCOURT LIMITED,RG31 6YE,RG,43210,active,electrical
04472433,TCL DEVELOPMENTS LIMITED,LA1 5BL,LA,"43210,43390",active,electrical
06951072,BGH SERVICE LTD,SP10 3AG,SP,43210,active,electrical
05870907,C GOOCH INSTALLATIONS LIMITED,GU52 0YT,GU,43210,active,electrical
11441749,MRC SERVICES (NW) LTD,FY4 2FF,FY,43210,active,electrical
14998632,FIT MAINTENANCE LTD,CR2 6FA,CR,"43210,43220,43341,96090",active,electrical
SC453595,PWR ELECTRICAL SERVICES LIMITED,KA9 2BF,KA,43210,active,electrical
06000790,"RMH LAMPS, LIGHTING & ELECTRICAL LIMITED",SR7 7PS,SR,43210,active,electrical
14193323,STANLEY'S ELECTRICAL CONTRACTORS LIMITED,CW12 1ET,CW,43210,active,electrical
14963110,DH ELECTRICAL SERVICES LTD,RH10 1QA,RH,43210,active,electrical
09679519,VJF ELECTRICAL LIMITED,CM2 6YN,CM,43210,active,electrical
10852645,ABSEIL ELECTRICAL SERVICES LTD,BL0 9RG,BL,"43210,96090",active,electrical
13056919,AZTEC ELECTRICAL (SW) LIMITED,SN12 7FP,SN,43210,active,electrical
06306846,INTEGRATED ELECTRICAL SERVICES (UK) LIMITED,BN27 4NL,BN,43210,active,electrical
04242024,CEETECH LIMITED,WA6 0AR,WA,"43210,43220,43290",active,electrical
15831161,J R ELECTRICAL (NOTTINGHAM) LIMITED,NG15 8DD,NG,43210,active,electrical
05503746,GRP ELECTRICAL (UK) LTD,GL4 6TF,GL,43210,active,electrical
04912774,POWER ON CONNECTIONS LTD,IP30 9UP,IP,43210,active,electrical
13488682,MBP ELECTRICAL LTD,NE24 3UZ,NE,43210,active,electrical
09016830,FOR YOU ELECTRICAL SERVICES LTD,MK3 6JT,MK,43210,active,electrical
14395526,ASL RENEWABLES LIMITED,NE46 1DT,NE,43210,active,electrical
10231642,ONESEC ELECTRICAL & SECURITY LTD,L33 1SH,L3,43210,active,electrical
11414563,ALAN MITCHELL ELECTRICAL LTD,CR0 1JG,CR,"43210,43390",active,electrical
06619548,RILEY ELECTRICAL LIMITED,CM2 7QJ,CM,43210,active,electrical
15832793,JCB RENEWABLES LTD,CV47 0LH,CV,43210,active,electrical
SC350599,APEX FIRE & SECURITY LIMITED,EH26 8JE,EH,43210,active,electrical
12217623,W J G ELECTRICAL LIMITED,SO50 9DQ,SO,43210,active,electrical
15830262,AMC ELECTRICAL SOLUTIONS LIMITED,HD9 6QZ,HD,43210,active,electrical
09305833,J GERMENEY ELECTRICAL SERVICES LTD,CB10 1AX,CB,43210,active,electrical
11827149,URBAN ELECTRICAL (NW) LTD,SK1 1AR,SK,43210,active,electrical
12680713,ORION TECHNICAL ENGINEERING SERVICES LTD,S20 3GS,S2,"33120,33200,43210",active,electrical
11431759,HAMPTON ELECTRICAL SERVICES LTD,KT8 2EP,KT,43210,active,electrical
15830808,UPRISE ELECTRICAL LIMITED,CR5 2HT,CR,43210,active,electrical
SC180070,MACPHERSONS ELECTRICAL SERVICES LIMITED,DD8 2QF,DD,43210,active,electrical
14635042,GREEN ENERGY SYSTEMS LTD,WC2H 9JQ,WC,43210,active,electrical
14966130,SHELECTRICS ELECTRICAL SERVICES LTD,BR1 4PD,BR,43210,active,electrical
12694979,JAX GROUP NORTH WEST LTD,BL1 5LA,BL,43210,active,electrical
09697277,BRITE ENERGY LTD,RG5 4LR,RG,43210,active,electrical
09665331,BEVERLEY ELECTRICAL LTD,BN26 6QH,BN,43210,active,electrical
14681190,MW ELECTRICAL & PROPERTY MAINTENANCE LIMITED,DN35 7LX,DN,"43210,43390",active,electrical
15007311,MF FIBRE SOLUTIONS LTD,TS24 9QX,TS,43210,active,electrical
08126598,DATAFLOW NETWORKING INSTALLATIONS LIMITED,LS11 9RT,LS,43210,active,electrical
14225881,NA ELECTRICAL (NW) LTD,PR5 5AN,PR,43210,active,electrical
14225164,HPW ELECTRICAL LIMITED,BN27 1DW,BN,43210,active,electrical
14220832,A.M. WIRED LTD,DA12 1BL,DA,"43210,43910",active,electrical
01793021,DAVID FEAR ELECTRICAL CONTRACTORS LIMITED,BS7 8UG,BS,43210,active,electrical
04212774,GTM ELECTRICAL SERVICES LTD,OL12 9BF,OL,43210,active,electrical
13179062,LEE BOSAH ELECTRICAL LTD,WF2 6LQ,WF,43210,active,electrical
09898603,DC ELECTRICAL CONTRACTS LIMITED,IG2 6SU,IG,43210,active,electrical
14409593,CSH LIGHTING LIMITED,KT17 3DZ,KT,"43210,59111,59113",active,electrical
09923750,NSL SIGNALLING CONSULTANCY LTD,TD12 4DG,TD,43210,active,electrical
02248393,J. ASHTON AND CO. (ELECTRICAL) LIMITED,PE19 6YH,PE,43210,active,electrical
14421368,HARRIS PROTECTION SERVICES LTD,CT10 2BX,CT,"43210,80200",active,electrical
SC693444,KCL ELECTRICAL LTD,ML1 4BE,ML,43210,active,electrical
14472676,SABRO ELECTRICAL SERVICES LIMITED,CT9 2RU,CT,43210,active,electrical
14256160,ONE SOURCE ELECTRICAL YORKSHIRE LTD,HD8 9DA,HD,43210,active,electrical
13688776,DANIEL JONES FIRE AND SECURITY SOLUTIONS LTD,PO7 5UT,PO,43210,active,electrical
05166276,TECH SERVICES (CORPORATE) LIMITED,WF4 3NT,WF,43210,active,electrical
14230166,SUTTON'S ELECTRICAL SOLUTIONS LTD,CO7 7BY,CO,43210,active,electrical
14425769,BOLT ELECTRICS LTD,N19 4HU,N1,"43210,71122",active,electrical
10941680,SELECTROFIX LTD,CF24 2LF,CF,43210,active,electrical
14431521,SOUTH WALES SOLAR AND BATTERY LTD,NP12 0QB,NP,43210,active,electrical
14189519,WHY SOLAR LTD,LD3 8DP,LD,"43210,43290",active,electrical
06305073,ELEMENTS PROPERTY SOLUTIONS LTD,OX15 6PQ,OX,"43210,43220,43290",active,electrical
12092507,SJ ELECTRICAL CONTRACTORS LIMITED,SG14 1BP,SG,43210,active,electrical
04247287,GRAYSANDS KITCHEN SERVICES LTD.,PO7 7DT,PO,"43210,43220,43320",active,electrical
07846672,QAC ELECTRICAL SERVICES LIMITED,BS13 8BL,BS,43210,active,electrical
11755446,MRB GROUP LTD,BH21 3TU,BH,43210,active,electrical
07698264,LED SOLAR PV LIMITED,BB9 5SP,BB,43210,active,electrical
06906956,GLOBE SECURITY SYSTEMS LIMITED,SS17 9AA,SS,"43210,80200",active,electrical
05308426,STEVE RUDKIN ELECTRICAL CONTRACTORS LIMITED,PE9 4EJ,PE,43210,active,electrical
14197645,C.E.P SERVICES AND MAINTENANCE LTD,B63 3HB,B6,"43210,43320",active,electrical
12895457,CBJ INSTALLS LIMITED,WS11 1RB,WS,43210,active,electrical
12222053,BERRY ELECTRICAL CONTRACTORS LTD,LS15 4JE,LS,43210,active,electrical
09076151,ICN ELECTRICAL LTD,SG14 1BP,SG,43210,active,electrical
13637236,JPB ELECTRICAL CONTRACTORS LTD,HP19 7SW,HP,43210,active,electrical
11564967,LONDON CONSTRUCTION & ELECTRICAL LTD,HA1 4EH,HA,"41202,43210,71129,81210",active,electrical
SC570023,H ELECTRICS (EDINBURGH) LTD,EH7 4DE,EH,43210,active,electrical
12091162,PST (PACK SERVICE TEAM) LIMITED,W1T 5DB,W1,43210,active,electrical
03594512,FISH ELECTRICAL SERVICES LTD,NE23 1WP,NE,43210,active,electrical
09658145,LS&D ENTERTAINMENT LIMITED,S70 1TL,S7,43210,active,electrical
14940910,HA GLOBAL SOLUTIONS LTD,UB5 4RH,UB,"43210,61100,61900,62020",active,electrical
04119590,PESCI ELECTRICAL INSTALLATIONS LTD.,RG9 6AX,RG,43210,active,electrical
11756041,ZONE ELECTRICAL SERVICES LTD,CO4 5WR,CO,43210,active,electrical
08304117,PANDA TELECOM LIMITED,BS22 7QB,BS,43210,active,electrical
13729679,D&M ENERGY SERVICES LTD,EN7 6RT,EN,43210,active,electrical
04823909,DG SECURITY AND ELECTRICAL SYSTEMS LIMITED,PR4 6SB,PR,43210,active,electrical
13463477,ORION CCTV LIMITED,ST6 5TZ,ST,43210,active,electrical
11407055,SPARXGROUP LIMITED,TN23 3PJ,TN,43210,active,electrical
11738655,ROGER GOLDFINCH & SONS LTD,CT3 1BT,CT,43210,active,electrical
11315465,S ALLEN ELECTRICAL LTD,SO19 9BA,SO,43210,active,electrical
04595562,MARK CLAYSON ELECTRICAL CONTRACTORS LTD,LN6 9QW,LN,43210,active,electrical
11883152,TS ELEC LTD,IP3 9FJ,IP,43210,active,electrical
SC221100,INVINCIBLE SECURITY LTD.,KA22 8BU,KA,43210,active,electrical
12730114,ANGLESEY ELECTRICAL CONTRACTORS LTD,LL61 5JU,LL,43210,active,electrical
10242101,DARRYL TOWNEND LIMITED,HD8 8AE,HD,43210,active,electrical
14133477,IMPERIUM MECHANICAL AND ELECTRICAL LIMITED,SS6 9RS,SS,"43210,43290",active,electrical
14192590,JNB ELECTRICAL LTD,M46 9EF,M4,43210,active,electrical
12056986,ADW ELECTRICAL SW LTD,PL12 6FH,PL,43210,active,electrical
09267698,BARRASS ELECTRICAL SERVICES LTD,TW16 5LX,TW,43210,active,electrical
14212675,STANNARD ELECTRICAL SERVICES LTD,IP33 3QW,IP,43210,active,electrical
SC524237,GSM ELECTRICAL FIFE LTD,KY11 9JH,KY,43210,active,electrical
NI680290,KEEPERLIT LTD,BT18 9AD,BT,43210,active,electrical
09096568,CRESCENT ELECTRICAL SERVICES LTD,CM14 4BD,CM,43210,active,electrical
06466122,IRS SOLUTIONS LIMITED,E4 6AG,E4,43210,active,electrical
15824329,ABC TESTING LIMITED,CR3 5GB,CR,"43210,61200",active,electrical
13004875,WAVE ELECTRICAL SOLUTIONS LTD,TR7 1TY,TR,43210,active,electrical
04099961,TURNING POINT (SW) LIMITED,TQ7 2RY,TQ,"43210,81300",active,electrical
04468643,KAYE ELECTRICAL LIMITED,DN19 7DQ,DN,43210,active,electrical
09773901,MEM PLUMBING & ELECTRICAL LIMITED,N13 4XS,N1,"43210,43220",active,electrical
SC575552,KEARN ELECTRICAL SERVICES LIMITED,G15 8TE,G1,43210,active,electrical
09234908,ELITE ELECTRICAL (ESSEX) LIMITED,CM5 9HN,CM,43210,active,electrical
11587277,TRI COUNTY FIRE LIMITED,GU15 2HT,GU,43210,active,electrical
15824207,LONDON EMERGENCY ELECTRICALS LTD,RM13 8LN,RM,43210,active,electrical
14410937,CC CONTROL & SECURITY LTD,HA1 2BY,HA,"43210,43390,80200",active,electrical
05411558,OAKWAY CCTV / SOUND & LIGHT LIMITED,CM0 7RH,CM,43210,active,electrical
10389341,GREEN SPARKZ ELECTRICS LTD,LU2 7QU,LU,43210,active,electrical
06728570,FUSED ELECTRICAL SERVICES LIMITED,ST4 8AZ,ST,43210,active,electrical
14995084,DMO ELECTRICAL LTD,NE9 6GE,NE,43210,active,electrical
11606177,DCB SERVICES LIMITED,PE11 1AF,PE,43210,active,electrical
13051108,OPUS ELECTRICAL LIMITED,PO20 8DW,PO,43210,active,electrical
08739210,MCLATCHIE ELECTRICAL LTD,CB6 1HL,CB,43210,active,electrical
12060167,A3 ELECTRICAL LIMITED,FY5 5HT,FY,43210,active,electrical
14525061,MAIN ELECTRICAL POWER LTD,PO3 5EJ,PO,43210,active,electrical
09687092,FUTURE RENEWABLE INSTALLATIONS LTD,NE28 9NX,NE,43210,active,electrical
NI004755,BRAID MECHANICAL AND ELECTRICAL LIMITED,BT42 2AF,BT,"43210,43220,61100",active,electrical
14216446,AKG ELECTRICAL CONTRACTORS MIDLANDS LTD,B79 7RB,B7,43210,active,electrical
15760376,STUART MOWLAM IMPROVEMENTS LTD,BH24 3SE,BH,43210,active,electrical
10587425,DAVIES BUILDING ENGINEERING SERVICES LIMITED,YO26 7AF,YO,43210,active,electrical
11436104,GLES SOUTHERN LTD,BH10 6LJ,BH,43210,active,electrical
10972473,ELECSAFE TAMWORTH LIMITED,B77 1HB,B7,43210,active,electrical
06725111,SAFETYTESTS LTD,WF13 3JY,WF,"43210,43220,80100",active,electrical
SC594604,LUNAR INDUSTRIES LTD,G1 5NB,G1,43210,active,electrical
12660992,GREEN ELECTRICAL CONTRACTORS LTD,GU15 4DB,GU,43210,active,electrical
12041021,AMK ELECTRICAL ENGINEERING LIMITED,SK8 1EY,SK,43210,active,electrical
09632547,RICHARD FIRTH ELECTRICAL LIMITED,WF10 2AT,WF,43210,active,electrical
07413253,HIGH VOLTAGE SYSTEMS AND SERVICES LIMITED,NN16 8NN,NN,"42210,42220,43210,71122",active,electrical
15825170,AUTIFY LTD,EC1V 2NX,EC,"43210,71121,71122,74100",active,electrical
SC512016,RAIL ELECTRIFICATION LIMITED,ML10 6QJ,ML,"28990,42120,42220,43210",active,electrical
02739418,PAINE MANWARING LIMITED,BN14 8HQ,BN,"43210,43220",active,electrical
09961488,PEARL FIRE SERVICES LTD,HA1 3QQ,HA,"43210,80200",active,electrical
09450958,C3 CONTRACTS LTD,SG1 2NP,SG,43210,active,electrical
11838824,LOWMAN ELECTRICAL LIMITED,TR14 7RP,TR,43210,active,electrical
04315015,S & T ELECTRICAL LIMITED,IG2 6UF,IG,43210,active,electrical
SC481629,DASCO ENTRANCE TECHNOLOGY LIMITED,G32 8FH,G3,43210,active,electrical
08100195,PLUG AND SOCKET LTD,RH15 9AE,RH,43210,active,electrical
09386595,BCJ ELECTRICAL LIMITED,HX6 4DZ,HX,43210,active,electrical
NI653999,M & E SERVICES (N.I.) LIMITED,BT35 0DG,BT,43210,active,electrical
10269617,PORTER ELECTRICAL LTD,S6 4GQ,S6,43210,active,electrical
15239079,KORE ELECTRICAL SERVICES LIMITED,B78 1ND,B7,43210,active,electrical
SC345257,FRH ELECTRICAL ACCESS LTD,IV30 8SL,IV,43210,active,electrical
14662246,BEN GAMBLE ELECTRICAL LTD,DN22 0AU,DN,43210,active,electrical
14986243,A4A LONDON LTD,B36 9JN,B3,"43210,43220,43390,68320",active,electrical
10833076,JUPE PROPERTY SERVICES LTD,RG19 3JG,RG,"43210,43320,43330,43341",active,electrical
08290776,P.H.ELECTRICAL INSTALLATIONS LIMITED,DE13 9SA,DE,43210,active,electrical
09880748,PR.IME ELECTRICAL SERVICES KENT LIMITED,BR4 9AL,BR,43210,active,electrical
13502817,SJC POWER LTD,RG14 5LL,RG,43210,active,electrical
11289203,INTEGRAIQ LIMITED,AL10 8RS,AL,43210,active,electrical
03592223,SHORTS ELECTRICAL CONTRACTORS LIMITED,SO41 6FT,SO,43210,active,electrical
06374215,SMITH ELECTRICAL CONTRACTORS LIMITED,PO16 0HZ,PO,43210,active,electrical
05510985,HAWES ELECTRICAL LIMITED,LE11 4NZ,LE,43210,active,electrical
15172208,GOOD DEXTER LIMITED,B79 9LB,B7,43210,active,electrical
05010740,PAUL NUTTALL ELECTRICAL CONTRACTORS LTD,L13 3HT,L1,43210,active,electrical
10455555,WILSON ELECTRICAL MECHANICAL SERVICES LIMITED,S20 6RA,S2,43210,active,electrical
06034351,A.L.H. GRIDLEY & SONS LIMITED,CO10 9JJ,CO,43210,active,electrical
12340626,AR SIMPLY ELECTRICAL LTD,SG1 1TD,SG,"33140,33190,43210",active,electrical
07321155,ENTERPRISE INTEGRATED SOLUTIONS LIMITED,LU3 3LB,LU,43210,active,electrical
07295129,SLS COMMUNICATIONS LIMITED,L37 3LL,L3,43210,active,electrical
NI662532,ELECTRICAL CONSTRUCTION AND MAINTENANCE (ECM) LIMITED,BT43 7GW,BT,43210,active,electrical
12697301,EASTSIDE ELECTRICAL SERVICES LTD,CO16 9NG,CO,43210,active,electrical
12697308,PREMIER ELECTRICAL (DONCASTER) LTD,DN9 1QG,DN,43210,active,electrical
12067454,MELODY FIRE LTD,CT4 6RE,CT,"43210,80200",active,electrical
11263530,MATTHEWS PARK ELECTRICAL LIMITED,CM23 3BT,CM,43210,active,electrical
06943707,SPECTRUM ELECTRICAL (SUDBURY) LIMITED,CO10 0RN,CO,43210,active,electrical
11825562,ASK ELECTRICAL SOLUTIONS LTD,OL16 3QF,OL,43210,active,electrical
15849046,AJR ELECTRICS LTD,WR8 0DU,WR,43210,active,electrical
09275940,GEMINI EVOLUTIONS LIMITED,DY9 7JB,DY,43210,active,electrical
12258779,ATN ELECTRICAL LIMITED,SK16 5LD,SK,43210,active,electrical
10413632,ELEC/DATA CHECK INSTALL LIMITED,NG5 1FX,NG,43210,active,electrical
08149661,SHEEHAN ELECTRICAL LIMITED,CO9 2SU,CO,43210,active,electrical
14436801,SOLAR STRUCTURES INSTALLATIONS LTD,WV4 4JH,WV,43210,active,electrical
NI656048,THE TECH GUYS LTD,BT70 2SF,BT,"43210,43290",active,electrical
SC666492,ZE ELECTRICAL LTD,ZE2 9WL,ZE,43210,active,electrical
06319340,CORES. LIMITED,CW3 9BS,CW,43210,active,electrical
07711033,SJP ELECTRICAL (NW) LTD,L3 5NW,L3,43210,active,electrical
13521216,KTC ELECTRICAL SERVICES LTD,L10 4UZ,L1,43210,active,electrical
SC521337,URBAN & RURAL ELECTRICAL LIMITED,KA26 0PZ,KA,43210,active,electrical
14534895,KLX ELECTRICAL LTD,WA9 3GD,WA,43210,active,electrical
05854917,S.A.F ELECTRICS LTD,RG12 9QL,RG,43210,active,electrical
NI670461,EPIC ELECTRICAL SERVICES LIMITED,BT31 9JN,BT,43210,active,electrical
12273669,NUKES ELECTRICAL LTD,DA11 8DT,DA,43210,active,electrical
12937161,ABR ELECTRICAL CONTRACTS LTD,LE10 0TB,LE,43210,active,electrical
09118136,STEPHEN POOLEY LIMITED,DA5 3JS,DA,43210,active,electrical
07040003,G.T. ELECTRICAL ENGINEERING LTD,HD3 4UT,HD,43210,active,electrical
11479219,IMPACT HOME IMPROVEMENTS LTD,ME15 9XG,ME,"41201,43210,43220,74100",active,electrical
12095607,REGEL SERVICES LTD,HA4 0BW,HA,43210,active,electrical
12752704,TECHLECT LIMITED,DA1 3PN,DA,"43210,62020",active,electrical
08137618,1ST 4 ELECTRICAL INSTALLATIONS LIMITED,BA13 4DZ,BA,43210,active,electrical
06573890,MAINS ELECTRICAL SERVICES UK LIMITED,SA39 9HL,SA,43210,active,electrical
04702325,DAVID J LONG LIMITED,RH13 5SD,RH,"43210,95210",active,electrical
08964580,THERMATIC HOMES LIMITED,M50 3UP,M5,43210,active,electrical
10878066,EUROPOL -PLUMBING- LTD,IG11 9AT,IG,"41202,43210,43220,43290",active,electrical
15850200,ELECTRIC WORX LONDON LIMITED,DA16 2AJ,DA,43210,active,electrical
SC315812,DRB UK MAINTENANCE LIMITED,EH3 8HA,EH,"43210,43999,96090",active,electrical
12296029,MP ELECTRICAL MAINTENANCE LTD,LA2 0AP,LA,43210,active,electrical
14442641,ARCVOLT ELECTRICAL SERVICES LTD,OX1 4XB,OX,43210,active,electrical
06957888,LIVEARTH LTD,DE6 1GP,DE,43210,active,electrical
SC510376,DJI ELECTRICAL SERVICES LTD,AB39 3XW,AB,43210,active,electrical
08853272,ENSTONE ELECTRICAL SERVICES LTD,SL4 1SE,SL,43210,active,electrical
10992659,GMW ELECTRICAL & PROPERTY MAINTENANCE LIMITED,NG19 6QU,NG,"43210,43390",active,electrical
05172539,Z & T LIMITED,RG30 4BL,RG,"43210,43290",active,electrical
14250457,GPE ENGINEERS LTD,SE25 4XT,SE,"43210,43220",active,electrical
14480569,ETI ELECTRICAL LTD,NN5 6SE,NN,"43210,43320",active,electrical
05305694,J. WILKINSON ELECTRICAL LIMITED,WV4 4YN,WV,43210,active,electrical
11016276,MAINDRIVE LTD,RM11 3AT,RM,43210,active,electrical
14222505,EMIT SERVICES LTD,OL9 9SG,OL,"33140,43210",active,electrical
03589005,B.F.A. ELECTRICAL LIMITED,CR0 6HF,CR,43210,active,electrical
11630059,WATTS AMP ELECTRICAL SERVICES LTD,NW9 8SL,NW,43210,active,electrical
05875745,HOWELL & MOOR LTD,GL5 1AN,GL,43210,active,electrical
14994184,MAC&OWEN LTD,KT20 7RR,KT,43210,active,electrical
11460919,ANCHOR INTEGRATED SYSTEMS LTD,SS2 4DB,SS,"43210,43290",active,electrical
07433124,WILLOW ELECTRICAL INSTALLATIONS LTD,NN16 9QR,NN,"43210,43320",active,electrical
12095632,HIGHWAYS & KONNECTION SERVICES LTD,TW7 6LA,TW,"42990,43210,71129",active,electrical
15006503,RIBBLE VALLEY ELECTRICAL LTD,BB7 2DL,BB,43210,active,electrical
11049227,DRONFIELD ELECTRICAL SERVICES LTD,S18 8RG,S1,43210,active,electrical
15847847,AK ELECTRIC AND CONSTRUCTION LTD,HX1 3UA,HX,"43210,43290",active,electrical
07690069,MIDWAY ELECTRICAL SERVICES LTD,WS15 2BT,WS,43210,active,electrical
14896708,MT2 ELECTRICAL CONTRACTORS LTD,CM14 5RU,CM,43210,active,electrical
13781795,DACC EUROPE MECHANICAL AND ELECTRICAL LIMITED,E14 4AS,E1,"33200,43210,71129",active,electrical
SC753712,FIFE ELECTRICAL SERVICES LTD,KY2 6RB,KY,43210,active,electrical
12735141,W R ELECTRICS LTD,EN10 7NG,EN,43210,active,electrical
15849798,JAMES BLACKMORE ELECTRICAL LTD,SM6 9NQ,SM,43210,active,electrical
13712046,W J FINLAY LTD,HU5 5HZ,HU,"43210,43320,43341,43390",active,electrical
13669737,DPS ELECTRICAL SW LTD,PL5 1SB,PL,"43210,43310,43320,43341",active,electrical
09139066,PETER CRACKNELL LIMITED,NG20 0JR,NG,43210,active,electrical
07751789,ALTIOM LIMITED,WR7 4BT,WR,43210,active,electrical
11773712,TKW ELECTRICAL LTD,L11 1AP,L1,43210,active,electrical
11758074,KLF MECHANICAL & ELECTRICAL LTD,BD4 0RR,BD,43210,active,electrical
14989440,WYCH ELECTRICAL (MIDLANDS) LTD,WR9 8PA,WR,"43210,43290",active,electrical
14967969,CHARGE UP (SOUTH) LTD,BH10 5NW,BH,"43210,43220,43290",active,electrical
SC702932,LK1 ELECTRICAL LTD,G23 5NW,G2,43210,active,electrical
12992092,CAG ELECTRICAL LTD,CF11 9BE,CF,43210,active,electrical
SC345882,D M A ELECTRICAL LTD.,G61 2BQ,G6,43210,active,electrical
12733163,THE ELECTRIC CAR CHARGING COMPANY LTD,LE3 8DX,LE,43210,active,electrical
15846149,SIMON WEBSTER ELECTRICAL LIMITED,DA14 4DT,DA,43210,active,electrical
04938952,INTELLIGENT CONTROLS (UK) LIMITED,RH6 9QW,RH,43210,active,electrical
14044388,DOGEROSS LTD,LN4 4JG,LN,"43210,49410,56103",active,electrical
04105556,M.B. POWER SERVICES (ESSEX) LTD,SS5 4JH,SS,43210,active,electrical
10667334,E.L.S ELECTRICS LTD,BN3 3YP,BN,43210,active,electrical
15095760,HUNT ENERGY GROUP LTD,LS28 5TW,LS,43210,active,electrical
04646439,D S E SYSTEMS LIMITED,CA2 5XF,CA,43210,active,electrical
09126055,DM GLASS ELECTRICAL SERVICES LTD,TS18 3NJ,TS,43210,active,electrical
13500446,GREYSTONES ELECTRICAL CONTRACTORS LTD,S60 5BS,S6,43210,active,electrical
15847772,RB ELECTRICAL & CONTROL SERVICES LIMITED,LE12 9LZ,LE,43210,active,electrical
09798464,RIVIERA ELECTRICAL SERVICES LTD,NN11 6XS,NN,43210,active,electrical
09115061,ELECTROM LTD,WD6 1ST,WD,43210,active,electrical
15844998,REXCON LIMITED,SM4 5HP,SM,"43210,46520,62020,62090",active,electrical
10244516,GREAT CITY LIGHTS LIMITED,SM4 6AG,SM,43210,active,electrical
14186769,ELECTRIFY MANCHESTER LTD,M34 2ET,M3,43210,active,electrical
06938219,M & D ELECTRICAL NORTH WEST LIMITED,M27 6NJ,M2,43210,active,electrical
13365822,KILROY ELECTRICAL LTD,RG19 3JG,RG,43210,active,electrical
13702971,SAVE ELECTRICAL LTD,GL18 1LG,GL,43210,active,electrical
12722622,(NW) ELECTRICAL SOLUTIONS LTD,M43 6PT,M4,43210,active,electrical
06952951,DISCOUNT ELECTRICAL CENTRE (UK) LIMITED,ME15 6YE,ME,43210,active,electrical
13345202,EV GREEN CHARGING LTD,S43 4FT,S4,43210,active,electrical
SC645340,SOLAR CONSTANT LTD,FK7 7UW,FK,43210,active,electrical
14752303,PURE POWER SERVICES LTD,KT17 1HQ,KT,43210,active,electrical
10489694,NORTHREACH PROPERTY SERVICES LIMITED,CM23 3AR,CM,"43210,43220",active,electrical
04291505,PAUL A BARLOW LIMITED,TQ7 3QH,TQ,43210,active,electrical
06529889,C J STEEL ELECTRICAL SERVICES LIMITED,SN11 9RB,SN,43210,active,electrical
10871086,JSSD CONSTRUCTIONS LTD,CM7 3PZ,CM,43210,active,electrical
SC816782,HEX CONTROLS LTD,PA11 3JF,PA,43210,active,electrical
15846046,CURRENT FLOW SOLUTIONS LTD,TQ6 0LH,TQ,43210,active,electrical
09671883,FORYOU ELECTRICAL LTD,N8 8PT,N8,43210,active,electrical
13337293,PENINSULA SERVICES SW LTD,EX31 4ET,EX,"43210,43290,43390",active,electrical
15015619,BEAIRD ELECTRICAL ENGINEERING LTD,IP22 4LW,IP,43210,active,electrical
12075448,LENLEY VENT LTD,WV6 8ND,WV,43210,active,electrical
14238931,OJF ELECTRICAL LIMITED,CM3 5NG,CM,43210,active,electrical
12724393,B G P SERVICES LTD,HU16 4LU,HU,"43210,43290",active,electrical
04822425,G.L. ELECTRICAL LTD,BS16 5RW,BS,43210,active,electrical
11616198,DRAGON ELECTRICS LTD,CF64 3QH,CF,43210,active,electrical
13901038,TREC SYSTEMS LIMITED,BH18 8AT,BH,43210,active,electrical
11616297,NEWTON ELECTRICAL INSTALLATIONS LTD,PO7 5NT,PO,43210,active,electrical
SC716369,ROK FIRE & SECURITY LTD,G65 0NH,G6,43210,active,electrical
12725938,AG ELECTRICAL SOLUTIONS LTD,DL14 0JN,DL,"31090,43210,56210,90030",active,electrical
09138113,NA ELECTRICAL (KIDDERMINSTER) LIMITED,DY13 9AW,DY,43210,active,electrical
05851476,INSTANT KITCHENS & BEDROOMS LIMITED,E14 7AF,E1,43210,active,electrical
10828983,GIBBS CONTRACTORS LIMITED,CR0 2WD,CR,"41100,43210,43999",active,electrical
12062527,J&N ELECTRICAL (NW) LTD,PR2 2DX,PR,43210,active,electrical
10828911,R. S. ELECTRICAL EDGWARE LTD,HA8 8RJ,HA,43210,active,electrical
15846092,BURTON ELECTRICAL & PLUMBING SOLUTIONS LTD,DE14 2HS,DE,"33140,43210,43220",active,electrical
14685856,PROVOLT ELECTRICAL LIMITED,M33 4JX,M3,43210,active,electrical
10438638,BILLERICAY SPARKS LTD,CM11 2YS,CM,43210,active,electrical
10270413,WILLIS ELECTRICAL SERVICES LIMITED,SG18 9JD,SG,43210,active,electrical
13665164,TOURT ELECTRICAL LIMITED,B72 1TX,B7,43210,active,electrical
12699732,GABRIEL JENNINGS FILM SERVICES LTD,NG9 1BU,NG,43210,active,electrical
15845261,BME PROJECTS LTD,BH9 3LY,BH,43210,active,electrical
11428242,KENDAL BRIGHT SPARK LTD,SG12 9SH,SG,43210,active,electrical
13911913,NNT ELECTRICAL SERVICES LTD,M28 3HR,M2,43210,active,electrical
15845906,G. E. C FIRE & SECURITY LIMITED,NG14 6JF,NG,"43210,84250",active,electrical
07303605,CERBERUS FIRE & SECURITY LIMITED,CR0 8UH,CR,43210,active,electrical
08465966,HUNTER ELECTRICAL CONTRACTORS LTD,NG4 3AA,NG,43210,active,electrical
09274269,M. PITT ELECTRICAL LIMITED,DY3 4AU,DY,43210,active,electrical
15014155,ABS TELECOMMUNICATIONS LIMITED,B94 6NS,B9,43210,active,electrical
11033363,J JAX TECHNICAL SERVICES LTD,FY4 5LZ,FY,43210,active,electrical
00784008,WALKER & HUTTON (SCARBOROUGH) LIMITED,YO12 5ED,YO,43210,active,electrical
12389341,EAGELING ELECTRICAL SERVICES LTD,TN12 9FN,TN,43210,active,electrical
06563901,ELITE ELECTRICS (HERTS) LIMITED,WD19 5DQ,WD,43210,active,electrical
12729933,BLINK CONSTRUCTION LIMITED,RM13 9SN,RM,"43210,43220,43290,43390",active,electrical
08997781,SCOTT L P ELECTRICAL SERVICES LTD,RG45 7NJ,RG,43210,active,electrical
08251595,FUTURE ELECTRICAL LONDON LIMITED,IG7 4GN,IG,43210,active,electrical
08590339,A P CONNOR ELECTRICAL LIMITED,CO10 0AQ,CO,43210,active,electrical
10837279,TETRICS LIMITED,NE28 8HW,NE,43210,active,electrical
14241197,MJ ELECTRICAL INSTALLATIONS LTD,CV32 4EA,CV,43210,active,electrical
13488146,PORTLAND BUILDING SERVICES LTD,BN43 5RJ,BN,43210,active,electrical
02473116,EUROPA ELECTRICAL LIMITED,DE21 7RW,DE,43210,active,electrical
05047357,LMJ ELECTRICAL LIMITED,LE11 1TG,LE,43210,active,electrical
10863674,TRIO ELECTRICAL LIMITED,BS30 9BB,BS,43210,active,electrical
11642025,SJW AUTOMATION DESIGN LTD,SM7 1ET,SM,"43210,71121,71129",active,electrical
11151310,W A P ELECTRICAL SERVICES LTD,SP4 6FB,SP,43210,active,electrical
09642015,PERKS BROTHERS BRENTWOOD LTD,CM14 4BD,CM,43210,active,electrical
13444490,CENTURY ELECTRICAL LTD,DY8 5XR,DY,43210,active,electrical
14973872,WHITE LIGHTNING ELECTRICAL LTD,TN16 3TW,TN,43210,active,electrical
14217843,STFW ELECTRICAL LTD,PO17 6EX,PO,43210,active,electrical
09640918,OLSEEN ROOFING LTD,SG14 1BP,SG,43210,active,electrical
09640305,PTS ELECTRICAL SERVICES LTD,BA5 2AA,BA,43210,active,electrical
10848534,PRL ELECTRICAL LTD,PR2 2DX,PR,43210,active,electrical
09687564,M KELLY LIMITED,M3 5JZ,M3,43210,active,electrical
11232866,R MAYBREY ELECTRICAL LTD,GU30 7DX,GU,43210,active,electrical
07679590,GARNER-BLAND LIMITED,LE10 0WG,LE,43210,active,electrical
SC257110,ALAN MEARNS ELECTRICAL LIMITED,AB32 6FE,AB,43210,active,electrical
01255142,SITEHEATH LIMITED,LE67 1TU,LE,43210,active,electrical
07384386,S J KITCHEN ELECTRICAL LTD,HP19 9AG,HP,43210,active,electrical
07486358,ASTRA LIGHTING LIMITED,DE4 4AF,DE,43210,active,electrical
07388830,RURAL SERVICE LIMITED,EN8 9SH,EN,43210,active,electrical
07350344,S L T ELECTRICAL LIMITED,SO50 4PQ,SO,43210,active,electrical
05709524,LIVEWIRE LIMITED,WA5 3BD,WA,43210,active,electrical
09325791,PG ELECTRICAL LIMITED,PL15 9FH,PL,43210,active,electrical
09331120,SMW ELEC LIMITED,WA7 4JJ,WA,"09100,43210",active,electrical
13232208,M2 ELECTRICAL LIMITED,PR5 6EE,PR,43210,active,electrical
09978965,K. JOHNSON ELECTRICAL LIMITED,S13 8FT,S1,43210,active,electrical
09982760,CAMBRIDGE SOLAR & ELECTRICAL LIMITED,PO3 5EU,PO,43210,active,electrical
10058814,CHAVON HYBRID POWER LIMITED,NE4 7AD,NE,43210,active,electrical
12078911,BUILDER BEE LIMITED,E1 8JH,E1,"41202,43210,43330",active,electrical
10613030,WHEATLEY ELECTRICAL SERVICES LIMITED,NG16 3PA,NG,43210,active,electrical
15838121,AMCC ELECTRICAL AND AOV SYSTEMS LTD,WD25 9DG,WD,43210,active,electrical
07451254,MORAN ELECTRICAL SOLUTIONS LIMITED,S60 1FE,S6,43210,active,electrical
10614753,MATT TAYLOR ELECTRICAL LTD,E18 2JT,E1,"41100,43210",active,electrical
05179749,CARMEL (UK) LIMITED,KT19 9BE,KT,43210,active,electrical
14221201,NIMBUS SOLAR LTD,NP16 7DJ,NP,43210,active,electrical
06870132,PRW ELECTRICAL SERVICES (SOUTH WEST) T/A RECHARGE RENEWABLE LIMITED,BS25 1BD,BS,43210,active,electrical
07116283,PL ELECTRICAL INSTALLATIONS LIMITED,WA8 9SB,WA,43210,active,electrical
12086465,TPW ELECTRICAL LIMITED,PE15 8BL,PE,43210,active,electrical
14486726,CAVENDISH FIRE AND SECURITY LTD,WC2A 2JR,WC,"43210,80200",active,electrical
07849442,C7 ELECTRICAL LIMITED,TW19 7UQ,TW,43210,active,electrical
09423628,HP FACILITIES LTD,DA8 3DQ,DA,43210,active,electrical
09437106,DADAISA LTD,HA4 6PT,HA,43210,active,electrical
09232878,TAMPY ELECTRICAL LIMITED,SE11 4HX,SE,43210,active,electrical
09344614,AMA ELECTRIC LTD,WD5 0ST,WD,43210,active,electrical
11462561,LRB ELECTRICAL & BUILDING SOLUTIONS LIMITED,SS7 2BT,SS,43210,active,electrical
10341817,JRB ELECTRICAL SERVICES LTD,TN16 1AF,TN,43210,active,electrical
15839145,BH ELECTRICIAN LIMITED,B8 2QL,B8,"33140,43210",active,electrical
10855004,C B ELECTRICAL (DERBY) LIMITED,DE72 3LP,DE,43210,active,electrical
08305880,INTELEX LTD,SR6 9NB,SR,43210,active,electrical
07319705,CUSTOM CREATIVE SOLUTIONS LIMITED,BS4 1ET,BS,"43210,62020,71122,90020",active,electrical
12730859,AI ELECTRICAL (NW) LIMITED,M33 2FA,M3,"33140,43210",active,electrical
07304758,SIMMS ENGINEERING LIMITED,SK4 2LP,SK,43210,active,electrical
11422239,RICHMOND ELECTRICAL CONTRACTORS LTD,S20 3PJ,S2,43210,active,electrical
06889796,SAS ELECTRICAL SERVICES SOUTHERN LIMITED,SO53 3AL,SO,43210,active,electrical
04824125,SMART ELECTRICAL (UK) LTD.,LS25 6NB,LS,43210,active,electrical
05407472,ELECTRONIC PROJECTS LIMITED,BN2 6QB,BN,43210,active,electrical
05226680,AMI (HERTS) LIMITED,CM17 0PB,CM,43210,active,electrical
09714644,TRIPLEC ELECTRICAL MAINTENANCE LIMITED,CF33 6NN,CF,43210,active,electrical
13269098,SMARTWAVE ELECTRICAL SOLUTIONS LTD,PO7 6XP,PO,43210,active,electrical
09711492,JMS ELECTRICS LTD,EX15 1FN,EX,43210,active,electrical
09700928,ADA EDWARDS LIMITED,B42 1PT,B4,43210,active,electrical
12280431,CW ELECTRICAL SERVICES AND SYSTEMS LTD,NP20 5PA,NP,43210,active,electrical
04945770,THORNHILL ELECTRICAL LIMITED,HD3 3DG,HD,43210,active,electrical
15838905,STANDARD ELECTRICAL CONTRACTORS LTD,DA8 2BG,DA,"42220,43210,43290",active,electrical
12485965,RD MARINE ELECTRONICS LTD,PO31 7ST,PO,"29310,33150,43210",active,electrical
11438623,KEEGAN ELECTRICAL LTD,MK45 1UJ,MK,43210,active,electrical
10513916,PREMIUM HOME RENOVATIONS LTD,UB10 8ED,UB,"43210,43220,43310,43341",active,electrical
08199260,JIM MARSHALL LIMITED,TQ11 0LL,TQ,43210,active,electrical
12939881,SRC ELECTRICAL SERVICES LTD,B29 5SY,B2,43210,active,electrical
06969703,TALLON TRADING LTD,PE14 0AA,PE,"43210,43220,43310,43390",active,electrical
09151855,AARON ELECTRICAL SERVICES LTD,MK40 3JG,MK,43210,active,electrical
05159383,D.J. HALL ELECTRICAL LIMITED,ST14 8SQ,ST,43210,active,electrical
07860268,BOYDS ELECTRICAL LTD,ME2 3NQ,ME,43210,active,electrical
08281551,CLARKE ELECTRICAL ENGINEERING SERVICES LIMITED,HU11 4DS,HU,43210,active,electrical
SC776633,JA WIND LTD,AB35 5WR,AB,43210,active,electrical
06746905,GG FIRE LTD,IG6 2LG,IG,43210,active,electrical
06553053,LEWIS ELECTRICAL UK LIMITED,DT4 9TH,DT,43210,active,electrical
06346169,MRW ELECTRICAL LIMITED,DN32 7AA,DN,43210,active,electrical
06238867,LEO ELECTRICAL LIMITED,LE2 5AH,LE,43210,active,electrical
06055569,WHYBORN ELECTRICAL CONTRACTORS LIMITED,LU3 2SZ,LU,43210,active,electrical
06188516,JT ELECTRICS LIMITED,BA2 2UE,BA,43210,active,electrical
06790564,TDC ELECTRICAL (UK) LIMITED,FY5 5HT,FY,43210,active,electrical
08792039,HT PLUMBING & BUILDING SERVICES LTD,RH13 6LR,RH,"43210,43220,43390,43999",active,electrical
08495210,I WANT AN ELECTRICIAN LTD,NE12 6QA,NE,43210,active,electrical
10240915,THREE COUNTIES ELECTRICAL (NORTHAMPTON) LTD,NN2 7ES,NN,43210,active,electrical
12500308,PD ELECTRICAL LONDON LIMITED,E4 6HY,E4,43210,active,electrical
09643783,GAZBUN LIMITED,CF36 3RF,CF,43210,active,electrical
06237819,TOUCH ELECTRICAL LIMITED,SN15 4EZ,SN,43210,active,electrical
06828629,NJP ELECTRICAL SERVICES LTD,CR5 1SG,CR,43210,active,electrical
09439021,DANTIUM TECHNOLOGIES LIMITED,WV11 2HA,WV,43210,active,electrical
09938750,J HARRISON ELECTRICAL LIMITED,GU26 6QQ,GU,43210,active,electrical
13463335,GLH ELECTRICAL LTD,LE3 8QX,LE,43210,active,electrical
09903143,DUK CONSTRUCTION AND ELECTRICAL SERVICES LTD,WD6 1TJ,WD,43210,active,electrical
12700232,GL ELECTRICAL (WM) LIMITED,CV1 2EL,CV,43210,active,electrical
09676437,BRISTOWS ELECTRICAL LTD,TA10 0LA,TA,43210,active,electrical
11062677,STAY SAFE ELECTRICAL SERVICES LTD,SM1 4AF,SM,43210,active,electrical
05632789,MAYNARD ELECTRICAL LIMITED,CT6 5NW,CT,"41201,43210",active,electrical
08329856,MAYO ELECTRICAL LIMITED,TR11 1QA,TR,43210,active,electrical
08283206,LSF ELECTRICAL SERVICES LTD,HP2 4TP,HP,43210,active,electrical
09743730,C MILLER ELECTRICAL LTD,SN4 8AW,SN,43210,active,electrical
09661895,ELECTRACOMS UK LIMITED,SN5 8BX,SN,43210,active,electrical
09649494,MARK DAWSON & SON LTD,IG2 6LR,IG,43210,active,electrical
09647789,TJS ELECTRICAL (NW) LIMITED,FY5 5HT,FY,43210,active,electrical
14188274,X-ELEX LTD,WD6 1QX,WD,43210,active,electrical
10723558,DRKING BUILDING SERVICES LIMITED,SR6 9JA,SR,43210,active,electrical
10674483,ANDREWS ASSOCIATES NE LTD,NE1 1LE,NE,43210,active,electrical
10611460,EL.CEM LIMITED,N4 1LZ,N4,"41202,43210,43290,43390",active,electrical
10626654,R. J. CARR LIMITED,WS12 2UY,WS,43210,active,electrical
01140574,C. & P. ENGINEERING SERVICES LIMITED,SA6 8PW,SA,"26511,26512,43210,78200",active,electrical
15834884,SB ELECTRICAL SERVICES (ESSEX) LIMITED,SS9 1PE,SS,43210,active,electrical
14996244,HJO ELECTRICAL LIMITED,SS7 2RD,SS,43210,active,electrical
15835116,AL AHRAM TAQA UK LTD,SM4 5HP,SM,"42220,43210,46520,71122",active,electrical
09122306,JS SUSSEX LTD,RH15 8DA,RH,43210,active,electrical
14973683,AW ELECTRICALS (N.E) LTD,SR3 2FS,SR,43210,active,electrical
14999293,OWEN ELECTRICAL SERVICES LIMITED,S72 8BE,S7,43210,active,electrical
07864629,A.B. ELECTRICAL (IPSWICH) LIMITED,IP1 4JR,IP,43210,active,electrical
10861075,COMMERCIAL ELECTRICAL LIMITED,NG10 5DU,NG,43210,active,electrical
11418420,STAMFORD ELECTRICAL LTD,HU18 1HL,HU,43210,active,electrical
SC735540,CRAIGOWL ELECTRICAL LTD,DD3 6EW,DD,43210,active,electrical
14423924,JLB ELECTRICALL LTD,ME1 3GF,ME,43210,active,electrical
14445116,STUART LYALL ELECTRICAL LTD,CV37 8EX,CV,43210,active,electrical
00931022,MURPHY TECHNICAL SERVICES LIMITED,NW5 1TN,NW,"43210,43999",active,electrical
15835798,STANBO ELECTRICAL LTD,ME3 9FN,ME,43210,active,electrical
05494125,LEVERETT ELECTRICAL LIMITED,KT5 9HU,KT,43210,active,electrical
09124571,BATTERY SERVICES (SW) LIMITED,BS16 1RY,BS,43210,active,electrical
14461469,THE CHARGE POD COMPANY LTD,LE10 0HF,LE,43210,active,electrical
04517388,SWORD ELECTRICAL SERVICES LIMITED,BD18 1QG,BD,43210,active,electrical
14974523,AAJ ELECTRICAL SERVICES LTD,W3 7JT,W3,43210,active,electrical
12981212,A1 MARINE ELECTRONICS LIMITED,SO31 5GP,SO,"33150,43210",active,electrical
05464331,EDNEY & WILSON ELECTRICAL CONTRACTORS LIMITED,HP7 0DQ,HP,43210,active,electrical
13670388,JDELECTRIX LTD,DE7 4GQ,DE,"33140,42220,43210",active,electrical
10578139,D & M ELECTRICAL WIGAN LTD,WN1 1SX,WN,"33140,43210",active,electrical
14972327,SKA-ELEKTRO LTD,OL9 6HZ,OL,"43210,43290",active,electrical
14608602,M.EVANS ELECTRICAL SERVICES LTD,EX4 1NN,EX,43210,active,electrical
14657129,DJ ELECTRICAL SERVICES LIMITED,N17 6EP,N1,"43210,85600",active,electrical
08427170,FIRESERV UK (MIDLANDS) LIMITED,LE4 9LJ,LE,"43210,80200",active,electrical
13942718,DOK ELECTRICAL LTD,ME8 6BN,ME,43210,active,electrical
02544331,JADON ELECTRICAL CO. LIMITED,SA1 5TN,SA,43210,active,electrical
11438974,WIRE ENTERPRISES LIMITED,WA2 7TT,WA,43210,active,electrical
15170692,S & F HOMES INTERNATIONAL LIMITED,TW13 7NF,TW,"43210,62090,68100,68209",active,electrical
12099543,IPOWER NORTH WEST LIMITED,BB8 8TJ,BB,43210,active,electrical
15835764,LEVI L-ECTRICS LTD,SW16 2SS,SW,43210,active,electrical
12524169,PRIME LAUNDRY SERVICES LTD,OX26 1EY,OX,"43210,52290,96010",active,electrical
13143474,MK MAINTENANCE SERVICES LIMITED,IG11 7PZ,IG,"43210,43220",active,electrical
10466148,ELEQUIP LTD,S60 8FB,S6,43210,active,electrical
14019661,ASPIRE INDUSTRIES LIMITED,YO8 6EL,YO,"43210,43320",active,electrical
09687820,MTN ELECTRICAL SERVICES LTD.,PO30 3DE,PO,43210,active,electrical
12459571,DLEK ELECTRICAL LTD,IP17 2NL,IP,43210,active,electrical
09514142,J G ELECTRICAL CONTRACTORS LTD,CM1 1TF,CM,43210,active,electrical
11748277,PARKWAY ELECTRICAL SERVICES LIMITED,WV6 7NJ,WV,"33160,43210",active,electrical
14996977,WILLIAMS RENEWABLE ENERGY (GB) LIMITED,BH11 9HS,BH,"43210,43290",active,electrical
12613224,WEST YORKSHIRE ELECTRICIANS LIMITED,HX1 2HX,HX,43210,active,electrical
11581027,AC1 ELECTRICAL SERVICES LIMITED,E14 9XL,E1,43210,active,electrical
06373478,LIGHTING LOGISTICS LIMITED,SL4 1RU,SL,43210,active,electrical
10254252,LOCATION EX LTD,DA1 3EN,DA,"43210,62012,78200,84240",active,electrical
15834545,HAPPY HOUSE PROJECT LTD,NW10 9UD,NW,"41202,43210,43341,43910",active,electrical
05481590,GASEL SERVICES LIMITED,N13 6JH,N1,43210,active,electrical
06948504,TURNLEYS LIMITED,NP44 3AS,NP,43210,active,electrical
05512377,MARCUS KNIGHT INTERIORS LIMITED,IP18 6LW,IP,"43210,43220,43310,43320",active,electrical
10846890,KM ELECTRICAL LIMITED,OL6 9NZ,OL,43210,active,electrical
14993590,LC ELECTRICAL SERVICES LIMITED,CA14 2LU,CA,43210,active,electrical
06212703,ANCO ELECTRICAL INSTALLATIONS LTD,B46 1HH,B4,43210,active,electrical
06016121,SPARTAN ELECTRICAL CONTRACTORS LIMITED,MK11 1BN,MK,43210,active,electrical
11006073,SCOPE ELECTRICAL CONTRACTORS LTD,S41 0SJ,S4,43210,active,electrical
11441857,MENDIP ELECTRICAL SOLUTIONS LIMITED,BA3 2DZ,BA,43210,active,electrical
08141464,BOSTOCK ELECTRICAL LTD,ME12 2LX,ME,43210,active,electrical
13417027,MURPHY & SON INSTALLATIONS LTD,B38 9QA,B3,43210,active,electrical
13851752,EIC SOLUTIONS LIMITED,M46 0NZ,M4,43210,active,electrical
14485485,AGJ ELECTRICAL LTD,EN6 5BL,EN,43210,active,electrical
11599606,MARINE ELECTRIFICATION SOLUTIONS LTD,BH23 4SY,BH,43210,active,electrical
SC593528,CRAIK ELECTRICAL LTD,DD10 9NY,DD,43210,active,electrical
04254966,GORDON PETERS LIMITED,NE30 1AR,NE,43210,active,electrical
07653516,WHITES ELECTRICAL CONTRACTORS LTD,LE67 4PA,LE,43210,active,electrical
08137301,JOHN MARCHANT ELECTRICAL LTD,TA7 0BB,TA,43210,active,electrical
11862576,JFR ELECTRICAL LTD,NP20 4JD,NP,43210,active,electrical
04550322,R.T. ELECTRICAL AND COMPUTING INSTALLATION LIMITED,B37 7DL,B3,43210,active,electrical
11455348,HUDSON COMMUNICATION SERVICES LIMITED,EN1 4LP,EN,"43210,61900",active,electrical
06045423,AGG ELECTRICAL SAFETY TESTING LIMITED,NG19 8RL,NG,43210,active,electrical
13507572,MANCHESTER INTERIOR DECORATION LTD,WC2H 9JQ,WC,"43210,43310,43330,43341",active,electrical
09118729,DENES ELECTRICAL LTD,WD19 7DR,WD,43210,active,electrical
SC817177,RORUSO LIMIITED LTD,DD5 1DJ,DD,43210,active,electrical
13529412,AMP TEC ELECTRICAL ENGINEERING AND CONTRACTING LTD,SO53 4LG,SO,43210,active,electrical
10290873,ALP ENGINEERING & CONSULTANCY LTD,SW1V 1RY,SW,"33140,43210,74100",active,electrical
04823627,STEVE TUCKNOTT LIMITED,BN10 8LB,BN,43210,active,electrical
07321448,P C DONEY ELECTRICS (SW) LIMITED,PL12 6PA,PL,43210,active,electrical
SC776328,GREENTECH (SCOTLAND) LTD,ML5 4AQ,ML,43210,active,electrical
06643951,ELLIS CONTROLS LIMITED,DA5 2BL,DA,43210,active,electrical
15009407,LPS COMMUNICATIONS LTD,DA12 1BL,DA,43210,active,electrical
06095866,J M HAZELL ELECTRICAL LTD,BS13 7TW,BS,43210,active,electrical
10466050,THE LANCASHIRE PROPERTY COMPANY LTD,PR25 2LQ,PR,43210,active,electrical
06337704,S.B ELECTRICAL & SECURITY LIMITED,BL6 5LR,BL,43210,active,electrical
10252162,ALLSTAR ELECTRICAL SERVICES LIMITED,DA2 7DH,DA,43210,active,electrical
12071907,IAN WHITEHEAD ELECTRICAL LTD,WF5 8JE,WF,43210,active,electrical
11054643,DICKINSON ELECTRICAL LIMITED,CF10 3EH,CF,43210,active,electrical
13478919,ONES ELECTRICAL SERVICES LTD,ME8 0BQ,ME,43210,active,electrical
09693287,ASM TECHNICAL LIMITED,TS5 8FB,TS,43210,active,electrical
00755580,O.V. BARTLETT & SONS (CARDIFF) LIMITED,CF14 4LY,CF,43210,active,electrical
12114633,EVC ELECTRICAL INSTALLATIONS LTD,DA5 1PR,DA,43210,active,electrical
05184635,KBS ELECTRICAL AND DATA SERVICES LIMITED,RG41 2FD,RG,43210,active,electrical
03400440,GEE-BEC SERVICES LIMITED,DA2 7WX,DA,"43210,43220",active,electrical
12584338,D.R ELECTRICAL SERVICES LTD,NP44 7LB,NP,43210,active,electrical
09134096,PD SLEAN CONSULTANCY LIMITED,PE14 0HX,PE,43210,active,electrical
05747758,APC ELECTRICAL ENGINEERS LTD,S40 3JZ,S4,43210,active,electrical
02601348,ALAN BENFIELD LIMITED,DE56 1WN,DE,43210,active,electrical
08141431,HARRIS ELECTRICAL SERVICES (SOUTH EAST) LTD,TN4 9SP,TN,43210,active,electrical
14457876,JANWAY ELECTRICS LTD,E6 6NT,E6,43210,active,electrical
SC603381,KIMMET ELECTRICAL LIMITED,G44 4RQ,G4,"33140,43210",active,electrical
07767012,NENE DATA AND ELECTRICAL LIMITED,NN3 6QB,NN,"43210,61100,61200",active,electrical
05604410,I M ELECTRICAL CONTRACTS LIMITED,N13 5RY,N1,43210,active,electrical
15020986,ABG GROUP SOLUTIONS LTD,EC4M 7JN,EC,43210,active,electrical
15852852,NHG ELECTRICAL AND PLUMBING LTD,BD20 5AH,BD,"43210,43220",active,electrical
11868759,PETER FRANK & R W TURL LIMITED,EX2 5JL,EX,"43210,43390,96030",active,electrical
SC387149,BLACK ELECTRICAL SERVICES LTD,AB16 5LE,AB,43210,active,electrical
11031427,LELYLANCE ELECTRICALS LIMITED,UB3 2RF,UB,43210,active,electrical
11447333,M J B ELECTRICAL CONTRACTORS LTD,CV35 0UQ,CV,43210,active,electrical
02042693,GEORGE E. BUXTON LIMITED,CM23 3YT,CM,43210,active,electrical
09665372,RAF SKI CONSTRUCTION LTD,TW13 7BT,TW,"43210,43220,43290",active,electrical
11455295,JONESCOMM SERVICES LTD,CM17 9TZ,CM,43210,active,electrical
02732273,GROSVENOR (MECHANICAL SERVICES) CO. LIMITED,EN8 9BH,EN,"43210,43220",active,electrical
14245437,RJB AUTOMATION LIMITED,PE37 7QH,PE,43210,active,electrical
08146652,N HARRIS LTD,BN6 9JG,BN,43210,active,electrical
08168065,BEATTIE ELECTRICAL LTD,RG45 6HS,RG,43210,active,electrical
09657127,CHRISTIAN PHIBBEN LIMITED,NP22 4FA,NP,43210,active,electrical
09101933,PLF ELECTRICAL LTD,N7 8GR,N7,43210,active,electrical
12072009,MANLEY'S ELECTRICAL SERVICES LTD,NG20 9BX,NG,"33140,43210",active,electrical
07853053,BUILDING WIRING SOLUTIONS LIMITED,DH1 5SP,DH,43210,active,electrical
13298385,ALIM ELECTRICAL SOLUTIONS LIMITED,B14 6DT,B1,43210,active,electrical
14233909,HEATSPARK LTD,HA9 8LY,HA,"41202,43210,43220,81100",active,electrical
08621662,GBIRMZ LTD.,B60 3PG,B6,43210,active,electrical
06962220,FAB ELECTRICAL SERVICES LIMITED,KT19 0JT,KT,43210,active,electrical
06731456,BOGDAN CONTRACTORS LTD,E15 1SU,E1,"43210,43220,43330,43341",active,electrical
15851818,M & M ELECTRICAL SOLUTIONS LTD,GL16 8EF,GL,43210,active,electrical
01288130,W.F. FROST (SERVICES) LIMITED,RM13 8EU,RM,43210,active,electrical
15012321,FISECC FIRE & SECURITY SOLUTIONS LTD,OL1 1TE,OL,43210,active,electrical
08733660,THORN ELECTRIC MK LIMITED,MK15 0DU,MK,43210,active,electrical
09861622,SDT ELECTRICAL SERVICES LTD,B77 4RA,B7,43210,active,electrical
SC817146,J E SMITH ELECTRICAL LTD,ZE2 9HF,ZE,"33140,43210",active,electrical
12100347,ASTA PROPERTY MAINTENANCE LTD,NG20 9AF,NG,"41201,41202,43210,43220",active,electrical
10879296,ELVIDGE LIMITED,AL1 1NG,AL,43210,active,electrical
12730727,ARB20 LTD,B76 9EE,B7,"43210,73110",active,electrical
12760228,HAL ENERGY LTD,DN6 7EU,DN,"33200,43210",active,electrical
08375615,BYRON WILSON ELECTRICAL CONTRACTOR LIMITED,LA6 1TB,LA,43210,active,electrical
13524073,CONNECTING ELECTRICAL CONTRACTORS LTD,TF10 9DJ,TF,43210,active,electrical
06966444,D & S RUMBLE ELECTRICAL SERVICES LIMITED,BR8 7PA,BR,43210,active,electrical
10279348,WEEKES ELECTRICAL CONTRACTORS LTD,LL13 7HY,LL,43210,active,electrical
09649239,DMH ELECTRICAL CONTRACTORS LIMITED,ME19 4PS,ME,43210,active,electrical
15718765,JV JOINTING LIMITED,BH9 1AY,BH,43210,active,electrical
02689242,TOKENGROVE ELECTRICAL LIMITED,DE24 8HG,DE,43210,active,electrical
10989096,WALKER GABBOTT ELECTRICAL LIMITED,PR7 7NA,PR,"43210,81100",active,electrical
08385983,BLACK PEAR ELECTRICAL LIMITED,WR9 9BN,WR,43210,active,electrical
11174776,MICROXTEC LTD,CR0 7DT,CR,"43210,43220,43390,61900",active,electrical
11081448,G & B BUILDING SERVICES LTD,TN4 8JS,TN,43210,active,electrical
11139615,NILOC PROPERTY SERVICES LTD,DL5 6ZE,DL,43210,active,electrical
11152469,MAGNITUDE ELECTRICAL'S LTD,CF14 8LH,CF,"42220,43210",active,electrical
11147323,SPOT ON ELECTRICAL SOLUTIONS LIMITED,BN18 0AF,BN,43210,active,electrical
11121997,SUBTLE IMPROVEMENTS ELECTRICAL CONTRACTORS LIMITED,EX5 1AY,EX,43210,active,electrical
11161850,MARSHALLS M AND E LIMITED,M18 8DB,M1,43210,active,electrical
11620806,CALPIN COMPEX ELECTRICAL LTD,FY4 5LZ,FY,"33140,43210",active,electrical
11852750,COOL-LOGIK LTD,RH10 6PR,RH,"33120,33140,43210,43220",active,electrical
10437289,L.I.T ELECTRICAL SERVICES LTD,SM5 1NQ,SM,43210,active,electrical
12192817,SYGNUS LTD,HR2 7DF,HR,"43210,43220,43330,43341",active,electrical
12414976,LUTON BS LIMITED,TN1 1NU,TN,"43210,43220",active,electrical
SC610169,BROWNLIE SOLUTIONS LIMITED,G65 9SX,G6,"33170,43210",active,electrical
11837736,DORLING ELECTRICAL SERVICES LIMITED,SO40 2LH,SO,43210,active,electrical
14235542,KEELAN ELECTRICAL SERVICES LTD,CA3 0JG,CA,43210,active,electrical
07886213,CUSTOM SOLAR LTD,SE1 9SG,SE,43210,active,electrical
10697946,S2 CONSTRUCTION SERVICES LTD,NP44 1SE,NP,"41202,43210,43220",active,electrical
13585298,ACE ELECTRICAL SOLUTIONS LTD,S9 4PS,S9,"43120,43210,43390,81210",active,electrical
11036860,LAWLOR LIGHTING & MAINTENANCE SERVICES LIMITED,UB9 6EG,UB,43210,active,electrical
14482272,GREEN HILL TECHNOLOGY LTD,EN5 1SG,EN,"27900,43210,46900,74909",active,electrical
11227693,LCA MAINTENANCE LTD,IG11 0XG,IG,"43210,43220,43290",active,electrical
11246700,CHROSS LIGHTING LIMITED,LE17 4DN,LE,43210,active,electrical
11230693,A WINN ELECTRICAL SERVICES LIMITED,PL7 1YW,PL,43210,active,electrical
04833295,SHEVKET BROTHERS LTD,E18 1AN,E1,43210,active,electrical
11777875,TRADEPRO CONSTRUCTION LTD,M26 1GN,M2,"43210,43310,43320,43390",active,electrical
11779464,PPSU LTD,IP24 3AG,IP,"41202,43210,43220",active,electrical
12019217,ONBOARD MARINE ELECTRICAL LTD,PL1 1SB,PL,43210,active,electrical
12069495,RJS ELECTRICAL COMPLIANCE LTD,L22 7RU,L2,43210,active,electrical
12254270,YELROC GLOBAL LTD,EC1V 2NX,EC,43210,active,electrical
12245571,SMARTER SYSTEMS LIMITED,CF14 8LH,CF,"43210,62012,62020",active,electrical
SC585238,ALBAHUMBER OFFSHORE LTD,EH6 5PQ,EH,"33140,42220,43210",active,electrical
05960229,ARC ELECTRICAL SOLUTIONS LIMITED,WF3 3TB,WF,43210,active,electrical
SC605693,EFFCEE LTD,G52 2DZ,G5,43210,active,electrical
SC608046,BUCKLEY ELECTRICAL LTD,G33 6PD,G3,43210,active,electrical
14228027,ELECTRICAL POWER SOLUTIONS HOME LIMITED,SS14 3JJ,SS,43210,active,electrical
15078747,REFRIGERATION DRAINAGE LTD,BS4 4AW,BS,43210,active,electrical
12718683,VISION ELECTRICAL DEVELOPMENTS LIMITED,BD1 4NS,BD,43210,active,electrical
SC737152,WIRE IN LIMITED,ML11 9DB,ML,"43210,99999",active,electrical
05600723,C & G CONTRACTORS LIMITED,SL7 2LS,SL,43210,active,electrical
10825119,PADDOCK ELECTRICAL SERVICES LIMITED,DE24 5AP,DE,43210,active,electrical
10722707,SMITHS ELS LIMITED,WS8 7BW,WS,43210,active,electrical
10725134,ASK UK HOLDINGS LIMITED,CV23 0FB,CV,43210,active,electrical
10736883,NIGEL MORGAN RAIL LTD,CF63 2RA,CF,"42120,43210",active,electrical
11038270,CNK ELECTRICAL LIMITED,NE29 8LA,NE,43210,active,electrical
10916101,MIKE HENRY ELECTRICAL CONTRACTORS LIMITED,SO21 1TH,SO,"41202,43210,43290",active,electrical
10945340,GRIFFITHS ELECTRICAL LIMITED,CH63 9YS,CH,43210,active,electrical
11712359,LBD ELECTRICAL (NW) LTD,L32 6QT,L3,43210,active,electrical
11746658,HOOD AND BALDRIC LTD,NG15 7EE,NG,"21100,43210,43220,93290",active,electrical
11715431,KIA ELECTRICAL WORKS LTD,BD7 2HT,BD,43210,active,electrical
11745590,EXPANDCO LTD,N19 3LZ,N1,"43210,43220,43341,43910",active,electrical
11907205,CAR NECT LTD,WD18 8PH,WD,43210,active,electrical
12340714,HOMEWATCH SECURITY SERVICES LIMITED,LE8 4GR,LE,43210,active,electrical
09130886,DSK ELECTRICAL LIMITED,FY5 3LJ,FY,43210,active,electrical
SC322570,JAMES WISHART POWER LIMITED,EH14 5JS,EH,43210,active,electrical
SC346719,PANGLOSS LIMITED,IV36 2TG,IV,"43210,70229",active,electrical
10578244,ELECTRICAL POWER CONTROL SOLUTIONS LTD,LS22 4ET,LS,43210,active,electrical
10824692,DATLEC LIMITED,LE16 9AW,LE,43210,active,electrical
14406254,R4 LIGHTING LTD,NG11 8LH,NG,43210,active,electrical
14406535,COMPOUNDING HARMONICS LIMITED,N22 6HU,N2,"43210,43220,98000",active,electrical
10877971,LEPTON ELECTRICAL LIMITED,PE9 4LH,PE,43210,active,electrical
11075327,GD&M ELECTRICAL LIMITED,RM1 3JT,RM,43210,active,electrical
11473022,OPTAMUS LIMITED,GL2 7AX,GL,43210,active,electrical
04550297,CABLEGOLD LIMITED,HA7 1JS,HA,43210,active,electrical
11808210,OSPREY SECURITY SOLUTION LTD,E10 6LA,E1,"42220,43210",active,electrical
03803052,EMPROSE LIMITED,RG14 5SA,RG,43210,active,electrical
12048173,AZRA IT TECHNOLOGY LTD,N3 2LN,N3,"43210,62020,62090",active,electrical
12112382,TECHN LTD,LE5 4LS,LE,43210,active,electrical
SC736126,MS ELECTRIC SERVICES LTD,G5 8HE,G5,43210,active,electrical
12367741,ZAPDOS ELECTRICAL LTD,NG2 6ND,NG,43210,active,electrical
12387848,WATERHOUSE M&E LTD,N3 1XW,N3,"43210,43220,43320",active,electrical
12395249,HALSOLAR LTD,S2 1AS,S2,"43210,43220",active,electrical
12395011,SKYLINE DIMENSIONS LTD,E12 5QR,E1,"43210,43220,43390,43910",active,electrical
09122556,STM RENOVATION LIMITED,N17 9PT,N1,43210,active,electrical
SC636330,CLARK ELECTRICAL AYRSHIRE LIMITED,KA18 2JN,KA,43210,active,electrical
14945725,EGAN ELECTRICAL LTD,M30 0AS,M3,"43210,43320",active,electrical
12258134,PURECHARGE LTD,ME14 3DD,ME,43210,active,electrical
11836660,EBL ELECTRICAL LIMITED,DE11 7DW,DE,43210,active,electrical
11838692,J STERLING ELECTRICAL LTD,L10 0AZ,L1,43210,active,electrical
04828253,A.J.S. ELECTRICAL (BRISTOL) LIMITED,BS1 4HW,BS,43210,active,electrical
10375463,CHRIS M RANDALL LTD,SY23 5BJ,SY,43210,active,electrical
14224633,ECO POWER SYSTEMS LTD,LE9 4LH,LE,43210,active,electrical
13507178,UNDER THE LIGHTS ELECTRICAL LTD,MK43 9BB,MK,43210,active,electrical
12126594,DIJ ELECTRICAL LIMITED,CF3 4HL,CF,43210,active,electrical
12136552,YRH ENGINEERING LIMITED,SE23 3HW,SE,"35140,41201,42210,43210",active,electrical
12937980,ADVANCE ELECTRICAL SERVICES LTD,BR6 7BQ,BR,43210,active,electrical
13566602,REW ELEC LIMITED,L3 9HF,L3,"33140,43210",active,electrical
07742215,IDEAL ENERGY NOW LTD,BH12 1DF,BH,43210,active,electrical
01654646,HEPPLE ENGINEERING SERVICES LIMITED,NE6 5XB,NE,43210,active,electrical
11444261,MEDIA INSTALLATIONS LTD,TS10 5EW,TS,43210,active,electrical
05182037,WILTS ELECTRICAL CONTRACTING LIMITED,SN11 9PT,SN,43210,active,electrical
15000840,BRIGHT BOX ELECTRICAL SOLUTIONS LTD,GL2 4NU,GL,43210,active,electrical
10404301,J & J ELECTRICS LIMITED,NN8 1TD,NN,43210,active,electrical
02630842,KENWARD PULLEN LIMITED,TN33 0EA,TN,43210,active,electrical
12948941,RUG ELECTRICAL LTD,NP22 3DJ,NP,43210,active,electrical
14464795,THE NEXT PUZZLE LTD,UB5 6TP,UB,"43210,71121,72190",active,electrical
14246416,SPT ASSOCIATES (EM) LTD,LE13 1AF,LE,43210,active,electrical
05714625,GOLDSTAR ELECTRICAL LIMITED,B13 0HY,B1,43210,active,electrical
06045888,CHRIS SLATTERY ELECTRICAL SERVICES LIMITED,OL4 2LP,OL,43210,active,electrical
11111857,A & L ELECTRICAL SOLUTIONS LIMITED,NP26 5JH,NP,43210,active,electrical
12126891,ECOMOTION LIMITED,DL12 9QB,DL,43210,active,electrical
11288685,INTERPHASE LIMITED,NG1 4GZ,NG,"42220,43210",active,electrical
15855199,ENERJI GROUP LTD,CH60 7RJ,CH,43210,active,electrical
10426854,M FERNE ELECTRICAL LIMITED,EX31 3GD,EX,43210,active,electrical
09273076,CURRENT VOLTAGE ELECTRICAL LIMITED,TF3 2JF,TF,43210,active,electrical
12092848,NVT FIRE AND SECURITY LTD,HA9 6PN,HA,"43210,61100,61200,80200",active,electrical
11488675,RJC ELECTRICAL LTD,EX15 2PD,EX,43210,active,electrical
14997992,PEGASUS ELECTRICAL SOLUTIONS LTD,EC2A 4NE,EC,"33140,43210,74100",active,electrical
SC301237,GRANITE CITY ELECTRICAL LTD,AB21 7EL,AB,43210,active,electrical
15847169,PEAK ACCESS CONTRACTORS LTD,SK17 9PP,SK,43210,active,electrical
13682069,J & S ELECTRICAL ENGINEERING SERVICES LTD,S12 3GL,S1,43210,active,electrical
02514366,HYATT SERVICES LIMITED,CR2 0HW,CR,43210,active,electrical
12688166,TENTERDEN ELECTRICAL LTD,TN30 7NH,TN,43210,active,electrical
04827313,APPLIED ELECTRICAL SERVICES LIMITED,NE3 3HL,NE,43210,active,electrical
07319658,WELTEC ENGINEERING(UK) LTD,HA3 0RA,HA,"43210,43220,43290",active,electrical
SC541799,DARA SERVICES LIMITED,AB51 8UL,AB,"43210,71122,82110",active,electrical
12009621,WAI POWER LIMITED,TQ1 4UT,TQ,43210,active,electrical
04558956,CMC ELECTRICAL LIMITED,BN11 1RY,BN,43210,active,electrical
11230900,DATOM ELECTRICAL LTD,FY4 1SF,FY,43210,active,electrical
13014135,LMI ELECTRICAL SERVICES LTD,SG1 5QE,SG,43210,active,electrical
06460454,EP SERVICES PENKRIDGE LIMITED,ST19 5HX,ST,43210,active,electrical
12113004,SHAUN ELECTRIC & AIR CONDITIONING SERVICES LIMITED,B11 4DA,B1,"33140,43210",active,electrical
12761618,WE ARE EV ENERGY LTD,BS35 5RH,BS,43210,active,electrical
05894075,TATE ELECTRICAL LIMITED,DN4 5HY,DN,43210,active,electrical
13392354,TD ELECTRICAL AND BUILDING LTD,BR2 8NE,BR,"43210,43290",active,electrical
08714385,JLJ ELECTRICAL CONTRACTORS LIMITED,BL1 3NT,BL,43210,active,electrical
15855428,J VOLT ELECTRICAL LIMITED,SO18 2RQ,SO,43210,active,electrical
07112117,HALLAM ELECTRICS LTD,DE22 1DZ,DE,43210,active,electrical
09685357,C&M CONTRACTING LTD,NE33 2JR,NE,43210,active,electrical
06795788,AIMS ELECTRICAL LIMITED,TA10 0LH,TA,43210,active,electrical
SC386735,L & E FOWLIE ELECTRICAL LIMITED,AB33 8HU,AB,43210,active,electrical
08587476,J & A ELECTRICAL SERVICES LTD,SA5 8BJ,SA,43210,active,electrical
06300292,E 4 ELECTRICAL SERVICES LIMITED,NE21 5SJ,NE,43210,active,electrical
13237441,SOLAR MONTAGE TEAM UK LTD,CM8 1XG,CM,"43210,43290,82990",active,electrical
11441813,HIVE ELECTRICAL LIMITED,NG4 1RS,NG,43210,active,electrical
07948462,EVERGREEN ELECTRICAL CONTRACTING LIMITED,WA1 3RB,WA,43210,active,electrical
14466145,MS ELECTRIC LTD,KT8 2EZ,KT,43210,active,electrical
11357970,ECO CARE SOLUTIONS LTD,SA2 8HS,SA,"43210,43220,43999",active,electrical
15842756,OBSCUR LIGHTING LTD,SS5 4RP,SS,43210,active,electrical
14043324,D3V-ENGINEERING LIMITED,HA7 1PF,HA,"43210,71122,71129",active,electrical
05003908,J BROWNING LIMITED,PL15 9JF,PL,43210,active,electrical
13686076,C GOODMAN LTD,DE11 8LN,DE,43210,active,electrical
15841137,ELECTROSCOPE ELECTRICAL LIMITED,E4 9HZ,E4,43210,active,electrical
11702287,EMERALD COMMERCIAL ELECTRICAL LTD,AL7 1FU,AL,43210,active,electrical
SC402524,DBS ELECTRICAL LIMITED,DD3 8DF,DD,43210,active,electrical
01012880,NEVILLE AERIAL SYSTEMS LIMITED,KT18 6JX,KT,43210,active,electrical
10854071,BKB SERVICES GROUP LTD,BS16 7HZ,BS,43210,active,electrical
05285453,MA ELEC PLUMBING & HEATING LTD,PE34 4BU,PE,43210,active,electrical
15841641,TILEHURST ELECTRICAL SERVICES LTD,RG30 6TX,RG,43210,active,electrical
05873626,ALPHA LIGHTING SOLUTIONS LIMITED,BL2 2HH,BL,43210,active,electrical
10425847,LK ELECTRICS LIMITED,SS14 3JJ,SS,43210,active,electrical
12827654,UNISON ELECTRICAL LTD,CV34 5SY,CV,43210,active,electrical
08323479,THEYDON ELECTRICAL LIMITED,N3 2SZ,N3,43210,active,electrical
09119256,TIBCOR LIMITED,NG19 9RA,NG,43210,active,electrical
14996808,A2B ELECTRICAL LIMITED,TS23 2DH,TS,43210,active,electrical
SC667549,BENNIE ELECTRICAL LIMITED,FK6 5FF,FK,43210,active,electrical
09563428,DELEC ELECTRICAL SERVICES LTD,BB1 4BP,BB,43210,active,electrical
15840898,LITLEC LTD,WA12 8NG,WA,"33140,43210",active,electrical
02047270,L S G ELECTRICAL SERVICES LIMITED,GU11 1TT,GU,43210,active,electrical
08320499,ACL ELECTRICAL CONTRACTORS LIMITED,MK40 3JY,MK,43210,active,electrical
10375935,DURATEC (READING) LIMITED,RG31 6FN,RG,"43210,43320,43342,43390",active,electrical
04832381,NT HOME SERVICES LIMITED,RG31 6LG,RG,"43210,43220,43290,62090",active,electrical
05493636,M. GORMAN LTD,BR3 3JG,BR,43210,active,electrical
NI693654,SUREWIRE ELECTRICAL SERVICES LTD,BT34 1DF,BT,43210,active,electrical
05092437,M J LAWLESS ELECTRICAL LIMITED,BS5 8HY,BS,43210,active,electrical
15842786,MAZ ELECTRICAL AND BUILDING SOLUTIONS LTD,SL4 5LW,SL,"41202,43210,43220,43290",active,electrical
15840829,ECO CHARGE WEST LTD,SA72 6PN,SA,43210,active,electrical
SC716251,COUNTY ELECTRICAL (INVERNESS) LTD,IV13 7YA,IV,43210,active,electrical
06290670,FIRST CALL LIMITED,E12 6RN,E1,"43210,43220",active,electrical
08303400,FROSTS FIREPLACES LIMITED,KT13 9ET,KT,43210,active,electrical
15841759,TJ UTILITIES AND ELECTRICAL SERVICES LTD,WF15 6LR,WF,43210,active,electrical
14999483,BOURNE ELECTRICAL SOLUTIONS LTD,GL2 7JN,GL,43210,active,electrical
03856134,KASTEN SERVICES LIMITED,SS11 8QS,SS,43210,active,electrical
15842385,PROVOLT ELECTRICAL SOLUTIONS LIMITED,PR8 3DE,PR,43210,active,electrical
15071729,TIME FOR SOLAR LTD,WF4 3NT,WF,43210,active,electrical
NI624947,KC UTILITIES LTD,BT60 2FH,BT,"33140,43210",active,electrical
10304830,AEGIS SECURITY SOLUTIONS LTD,BR1 3RB,BR,"43210,80200",active,electrical
05353256,K & M ELECTRICAL CONTRACTORS LIMITED,BA11 1BH,BA,43210,active,electrical
11349228,ILLUMINA LTD,BA11 1BH,BA,43210,active,electrical
13537219,JMB LIGHTING LTD,CB7 5QS,CB,43210,active,electrical
04173327,FINCHWEY ELECTRICAL LTD,GU18 5ST,GU,43210,active,electrical
06665744,J.F. ELECTRICAL CONTRACTORS LIMITED,EN8 7AP,EN,43210,active,electrical
12810608,INTEGRATED CARE GUARD LTD,WC2H 9JQ,WC,43210,active,electrical
15345143,VIVID SOLAR STREET LIGHTING (MIDLANDS) LTD,B72 1UJ,B7,43210,active,electrical
15883446,TWINSPARK ELECTRICAL LTD,ME1 1TL,ME,"33140,43210",active,electrical
03812186,PARK ELECTRICAL (REDDISH) LIMITED,SK6 1JR,SK,43210,active,electrical
15882827,PARKWAY MEP LIMITED,DT6 6LP,DT,43210,active,electrical
09970464,EXCELL ELECTRICAL LIMITED,WD4 8NA,WD,43210,active,electrical
09298218,DAVE NAUGHTON ELECTRICAL SERVICES LIMITED,BA14 0QZ,BA,43210,active,electrical
07844620,S.A.H.ELECTRICAL LTD,GL2 9LP,GL,43210,active,electrical
10897710,J NORRIS ELECTRICAL LIMITED,BA16 0ER,BA,43210,active,electrical
10622456,RJ ELECTRIC SOLUTIONS LIMITED,WA1 1RG,WA,43210,active,electrical
10322097,PRENDON ELECTRICAL SERVICES LTD,ME10 2NH,ME,43210,active,electrical
08102596,STAMEL LTD,GU47 0DU,GU,43210,active,electrical
13552980,JON BRADFORD ELECTRICAL LTD,EX17 3DX,EX,43210,active,electrical
05165179,ELITE ELECTRICAL SOLUTIONS LIMITED,HX2 6RJ,HX,43210,active,electrical
10898057,POINT 1 LIGHTING LIMITED,SG18 9QS,SG,43210,active,electrical
15881566,BRIGHTON ELECTRICAL SOLUTIONS LTD,BN3 3WH,BN,43210,active,electrical
07719556,LOUGHTON ELECTRICAL CONTRACTORS LIMITED,RM12 6RJ,RM,43210,active,electrical
04828095,CANNING ELECTRICAL LIMITED,NR1 1BY,NR,43210,active,electrical
09452543,TERRY BROOK ELECTRICAL SERVICES LTD,HD4 5TP,HD,43210,active,electrical
07711672,SILVER PV LIMITED,HA9 8JU,HA,43210,active,electrical
11112852,ASPIRE ELECTRICAL CONTRACTORS LTD,SG4 7BD,SG,43210,active,electrical
11690657,DV CABLING LTD,NW9 5FL,NW,43210,active,electrical
04500103,GARY TABERER LIMITED,TR11 3JH,TR,43210,active,electrical
14198558,ELECTRO CONDUCT LTD,W13 9PW,W1,43210,active,electrical
10298652,SAFEHANDS HEATING & PLUMBING LIMITED,E6 6AX,E6,"43210,43220,43290,43390",active,electrical
12313747,NEW LEAF ELECTRICAL LIMITED,DA14 6NE,DA,43210,active,electrical
14985978,GAVIN WORBY ELECTRICAL LTD,HP2 4TP,HP,43210,active,electrical
SC572971,MCINERNEY ELECTRICAL SERVICES LTD,ML3 0BP,ML,43210,active,electrical
SC668332,IW ELECTRICAL SERVICES LTD,IV53 8UU,IV,43210,active,electrical
15372392,H.C.L ELECTRICAL LIMITED,B77 1PW,B7,43210,active,electrical
14469250,AW FIRE SAFETY LTD,PR7 5BZ,PR,43210,active,electrical
05886849,K. WOLVERSON ELECTRICAL SERVICES LIMITED,DE7 5EH,DE,43210,active,electrical
10516791,HOME SERVICES HD LIMITED,HD9 3RD,HD,"43210,43220",active,electrical
11502322,SHAW POWER LTD,BB2 5LF,BB,"43210,71122",active,electrical
10294089,UNIQHOME LTD,E11 2RF,E1,"43210,43999",active,electrical
09374848,D W T CONTRACTING LIMITED,WS10 9JG,WS,43210,active,electrical
10157511,INSIGHT ELECTRICAL SERVICES LTD,NW2 1DT,NW,43210,active,electrical
13922880,A W MANAGEMENT SERVICES LIMITED,BR6 9NN,BR,43210,active,electrical
SC493761,SY INDUSTRIAL LTD,FK13 6LL,FK,43210,active,electrical
03881736,INSPECT ELECT LIMITED,RM12 4XG,RM,"43210,71200",active,electrical
04515543,D.J.MACE & SON (ELECTRICAL CONTRACTORS) LIMITED,RG7 1PQ,RG,43210,active,electrical
14254623,LIGHTING DESIGN DIRECT LTD,B65 0EH,B6,43210,active,electrical
10262133,ROCHDALE ELECTRICAL LTD,OL16 2RR,OL,"43210,43290",active,electrical
14253087,MSJL LTD,SM4 5BT,SM,43210,active,electrical
SC818730,EXCELSIOR E&I SERVICES LTD,G73 2DZ,G7,"33140,33200,43210,71129",active,electrical
06136755,CHOICE ELECTRICAL LTD,BL4 7EU,BL,43210,active,electrical
09388835,MDLE LIMITED,HD5 0JU,HD,43210,active,electrical
11102852,RPM SERVICES (LINCS) LTD,PE11 1AF,PE,43210,active,electrical
14282390,D & R ELECTRICAL SOLUTIONS LTD,B13 0HY,B1,43210,active,electrical
08132763,WEST LANCS ELECTRICAL CONTRACTORS LTD,FY6 8JX,FY,43210,active,electrical
06174982,MP TRADING (UK) LIMITED,BN2 6RP,BN,"43210,74909",active,electrical
03401125,AJE INFRASTRUCTURE SERVICES LIMITED,IG11 7BD,IG,43210,active,electrical
10685011,APPROVED CONTRACTORS LIMITED,BR3 6NS,BR,"41100,43210",active,electrical
14034456,LM RESOURCE LTD,DN8 4RE,DN,43210,active,electrical
SC778417,A.V.M. ELECTRICAL SERVICES (AUCHTERARDER) LTD,PH3 1AY,PH,43210,active,electrical
05217282,D STANWAY ELECTRICAL LTD,CW12 1RE,CW,43210,active,electrical
01660631,YORKSHIRE PLUMBING AND HEATING SERVICES LIMITED,DN6 7AU,DN,"43210,43220",active,electrical
03998381,PHASE 3 ELECTRICAL LIMITED,SA11 2FD,SA,43210,active,electrical
04888494,DALEMOUNT SERVICES LIMITED,LA16 7AA,LA,"43210,43220",active,electrical
04844952,JTS (SOUTH WEST) LIMITED,EX33 1AR,EX,43210,active,electrical
12302698,BJG ELECTRICAL SERVICES LIMITED,WS13 6QZ,WS,43210,active,electrical
07309964,LYDDY'S ELECTRICAL SERVICES LIMITED,CR7 6DT,CR,43210,active,electrical
08167722,MS LN ELECTRICAL LTD,GL3 3EA,GL,43210,active,electrical
09242347,LIVING HOME TECH LIMITED,BH12 4NQ,BH,43210,active,electrical
10300778,GRB INTELLIGENT SECURITY & AUTOMATION LTD,UB3 5BJ,UB,"43210,80200",active,electrical
14286269,SLN ELECTRIC LTD,WA5 3DQ,WA,43210,active,electrical
04409914,AC WEBB (ELECTRICAL CONTRACTORS) LIMITED,IP31 3SH,IP,43210,active,electrical
11069100,FIRST ESCAPE SYSTEMS LIMITED,RM12 6AS,RM,43210,active,electrical
05894677,ARC ELECTRICAL & LIGHTING CONTRACTORS LIMITED,PO19 8DU,PO,43210,active,electrical
10887752,CHARLIE CROSSMAN LTD.,NR8 6DE,NR,43210,active,electrical
13102470,AMB ELECTRICAL LTD.,SW6 3JD,SW,43210,active,electrical
14734751,AG HEATING & ELECTRICAL LTD,E6 2HB,E6,"43210,43220",active,electrical
08152558,PR1ME ELECTRICAL LIMITED,SG1 2PE,SG,43210,active,electrical
15866455,SOLAR STREAM LIMITED,HU15 2RH,HU,43210,active,electrical
15883866,MECHANICAL LTD,RG12 2XG,RG,43210,active,electrical
04897368,LDG ELECTRICAL SOLUTIONS LIMITED,CW11 4NA,CW,43210,active,electrical
12340639,A STAR ELECTRICAL CONTRACTORS LTD,CO3 3BZ,CO,43210,active,electrical
09694603,TANNER ELECTRICAL CONTRACTORS LTD,OX49 5PT,OX,43210,active,electrical
08384633,DEROAN UTILITIES LIMITED,LU2 7BZ,LU,"33120,33140,43210,43290",active,electrical
04323833,M.I.D. LIGHTING LIMITED,SS13 1QQ,SS,43210,active,electrical
10895939,A L WILLIAMS ELECTRICAL LTD,LL15 1DQ,LL,43210,active,electrical
04500309,K. M. ELECTRICS LIMITED,HA6 1NW,HA,43210,active,electrical
06973239,3RD GROUP LIMITED,LN2 4WP,LN,43210,active,electrical
07325913,RIV ELECTRICAL LIMITED,TS21 1QB,TS,43210,active,electrical
04432032,CEC (COYLE ELECTRICAL CONTRACTORS) LTD,SA1 5QF,SA,43210,active,electrical
15030222,CIRCUIT WORKS LIMITED,WF8 1BJ,WF,43210,active,electrical
06771944,M A COOPER PROJECTS LIMITED,CH5 2LA,CH,43210,active,electrical
03990190,EUROTECHNOLOGIES LIMITED,L23 3AT,L2,"33140,43210",active,electrical
02770746,HIGHADMIT PROJECTS LIMITED,CF72 8AJ,CF,43210,active,electrical
SC518535,ABTS (GRAMPIAN) LIMITED,AB52 6WZ,AB,43210,active,electrical
SC177224,GATEWAY CONTROL SYSTEMS LIMITED,AB56 5BL,AB,"26512,33140,43210,71121",active,electrical
09538547,MLS ELECTRICAL SERVICES LTD,NR29 5HX,NR,43210,active,electrical
01662145,CLARKSON CONTROLS LIMITED,DY9 9AF,DY,"27900,43210,43999",active,electrical
07126234,FM ELECTRICAL SOLUTIONS LTD,PR1 1LD,PR,43210,active,electrical
06830253,A PEARSON ELECTRICAL LIMITED,CO3 3BZ,CO,43210,active,electrical
09911145,SEEN SERVICES LIMITED,SG12 8RL,SG,43210,active,electrical
05975144,EN-TEGRA SYSTEMS LIMITED,CA8 2JR,CA,43210,active,electrical
09477365,MARTINS ELECTRICAL SERVICES LTD,WD6 4NR,WD,43210,active,electrical
10421920,MIKE MCCORMACK ELECTRICAL SERVICES LTD,HA9 8TW,HA,43210,active,electrical
04956720,PREMIERE STREET LIGHTING LIMITED,SG13 8QL,SG,43210,active,electrical
15003106,FAIR WINDS ELECTRICAL LTD,PO6 3BL,PO,43210,active,electrical
10493230,CALL2FIX LTD,CF3 3HG,CF,"43210,43220",active,electrical
05509001,PHC ELECTRICAL LTD,FY6 7SR,FY,43210,active,electrical
09033306,PRIME ELECTRICAL CONTRACTORS LTD,NG10 1NJ,NG,43210,active,electrical
09474575,G.E.S GYMER'S ELECTRICAL SERVICE LIMITED,DA14 4DT,DA,43210,active,electrical
09811812,P.A.LEEMING ( ELECTRICAL ) LTD.,S10 4GW,S1,43210,active,electrical
08615616,SPECIALIST ELECTRICAL CONTRACTORS LIMITED,LD1 5TE,LD,43210,active,electrical
SC723361,THE SHOPFIT CONTRACTORS LTD,KY1 2YX,KY,"43210,43220,43320,43999",active,electrical
10262019,HALTON ELECTRICAL LIMITED,LL13 7EE,LL,43210,active,electrical
09027732,ELECTRICAL SERVICES SCH LTD,B74 3RL,B7,43210,active,electrical
11454599,PROJ-X LTD,OX17 3DR,OX,"43210,82301",active,electrical
10252370,OIB LIMITED,NE23 1RQ,NE,43210,active,electrical
14196634,GREEN-LINK ELECTRICAL SERVICES LTD,SA2 7QD,SA,43210,active,electrical
06630833,EMM COMMISSIONING LIMITED,IG9 5RD,IG,43210,active,electrical
09103873,CROSSLEC LIMITED,KT7 0BX,KT,43210,active,electrical
14573248,PROSPECT ELECTRICIANS LTD,GL20 5BB,GL,43210,active,electrical
13699150,CLEAR AS MUDD PRODUCTIONS LIMITED,NE23 2XR,NE,"43210,43290",active,electrical
03991294,FENLEC LIMITED,PE7 1LW,PE,43210,active,electrical
11416971,UNILECTRIC LTD,KT2 6HP,KT,"25990,27900,43210,74202",active,electrical
08269514,J HUMPHRIES ELECTRICAL LTD,NN10 8BW,NN,43210,active,electrical
14734541,BZ CONSTRUCTION LIVERPOOL LTD,L8 0QF,L8,"41202,43210,43390",active,electrical
08809703,ICON ELECTRICAL SOLUTIONS LTD,NG9 2LH,NG,43210,active,electrical
04301729,DALE ELECTRICAL LIMITED,IP2 0EH,IP,43210,active,electrical
SC609462,AJT ELECTRICAL LTD,AB32 6ND,AB,43210,active,electrical
09161438,INTEGRATED ENERGY BUILDING SERVICES LIMITED,S40 1LA,S4,"43210,43220,43290",active,electrical
07711908,MJH ELECTRICAL (YORKSHIRE) LTD.,S72 8RP,S7,43210,active,electrical
10060647,MORLEY ELECTRICAL (SUFFOLK) LTD,IP13 7AZ,IP,43210,active,electrical
15028620,WATT ELECTRICAL (SW) LTD,TR11 2DA,TR,43210,active,electrical
07824360,D STEPHENSON ELECTRICAL INSTALLATIONS LTD,YO62 4LW,YO,43210,active,electrical
03408352,PROCESS CONTROL SERVICES UK LTD,SK17 9RZ,SK,43210,active,electrical
12108793,HEATING AND ELECTRICS LTD,HP19 8TE,HP,"41100,41202,43210,43220",active,electrical
NI682801,GND ELECTRIX LIMITED,BT34 1DF,BT,43210,active,electrical
SC287958,LOCKTITE SECURITY LIMITED,G51 1PR,G5,43210,active,electrical
12956540,MAC ELECTRICAL CONTRACTORS LIMITED,L30 3TA,L3,43210,active,electrical
08241238,GREAT WHITE SPARK LIGHTING LIMITED,HA1 3EX,HA,"43210,96090",active,electrical
08153711,WS ELECTRICAL CONTRACTORS LTD,,,43210,active,electrical
07709368,G & H ELECTRICAL (RUGBY) LIMITED,NN11 8RB,NN,43210,active,electrical
NI039462,A.T. (IRELAND) LIMITED,BT36 4XX,BT,"43210,43290",active,electrical
11833566,ALL LANDLORD CERTIFICATES LIMITED,RM19 1QN,RM,"43210,43220,81100",active,electrical
06975168,SPARKS R US ELECTRICAL LIMITED,GL20 6DA,GL,43210,active,electrical
12248153,G H ELECTRICAL SERVICES LIMITED,HX3 7AB,HX,43210,active,electrical
13692622,SUPPORT 2 GO LTD,E14 9TS,E1,"43210,43220",active,electrical
11604166,ACTION BUILDING SERVICES LTD,EC1V 2NX,EC,"43210,43220,43290,43390",active,electrical
NI654637,MN ELECTRICS (ARMAGH) LTD,BT60 2HE,BT,43210,active,electrical
12955930,COOPER WESTON ELECTRICAL CONTRACTORS LIMITED,RH13 5PX,RH,43210,active,electrical
SC817947,CARROLL JOINTING SERVICES LTD,ML6 9EW,ML,43210,active,electrical
04535688,JOHN AUDUS (ELECTRICAL CONTRACTORS)  LIMITED,CB6 1SE,CB,43210,active,electrical
NI683418,O'HANLON MURPHY ELECTRICAL LIMITED,BT71 5HJ,BT,43210,active,electrical
10873688,ALPHA ELECTRICAL AND ELECTRONIC SOLUTIONS LTD,SA13 1BL,SA,"27900,43210",active,electrical
08251744,CASTLEVIEW SYSTEMS LIMITED,IG10 3UD,IG,"43210,80200",active,electrical
10990760,PRO ELECTRICAL CONTRACTORS LIMITED,S66 9HD,S6,43210,active,electrical
11012120,CS PPM LIMITED,ME4 5SR,ME,"43210,43220",active,electrical
09255449,NAD ELECTRICAL SERVICE LTD,SE11 4HR,SE,43210,active,electrical
SC292562,CHAPMAN ELECTRICAL LIMITED,AB53 5TG,AB,43210,active,electrical
NI690207,RGE ELECTRICAL LTD,BT78 3NQ,BT,43210,active,electrical
08592187,GUILD ELECTRICAL SERVICES LTD,B73 5LX,B7,43210,active,electrical
11464685,POWERON LIMITED,BB7 9AZ,BB,43210,active,electrical
15866972,KDS ELECTRICAL GROUP LTD,SG1 2LN,SG,43210,active,electrical
10411698,THE LARGE HOUSE LTD,CR4 1DU,CR,"41202,43210,62090",active,electrical
12260444,MPL ELECTRICAL & SON LIMITED,LU6 3HS,LU,43210,active,electrical
04920157,PROLEC ENGINEERING LTD,PO9 6BT,PO,43210,active,electrical
05770965,PAUL STEADWARD ELECTRICAL LTD,TS7 0GB,TS,43210,active,electrical
11028030,NLBG ELECTRICAL LTD,SN10 1HT,SN,43210,active,electrical
08256553,G PRICE ELECTRICAL INSTALLATIONS LTD,RM1 1DA,RM,43210,active,electrical
11067090,TOMASZ ELECTRICAL LIMITED,SE25 6AQ,SE,43210,active,electrical
11606618,CUBE4 LIMITED,SL6 0JQ,SL,"41202,43210",active,electrical
11407288,GOLDING ELECTRICAL CONTRACTORS LTD,NG17 4ES,NG,43210,active,electrical
13523663,E A ENGINEERING (NORTH WEST) LIMITED,WA8 9LH,WA,43210,active,electrical
12258067,INTO-GREEN LTD,BH7 6BP,BH,43210,active,electrical
07785004,LITERIVER SERVICES LIMITED,HA4 7AE,HA,43210,active,electrical
11453781,JJM ELECTRICAL SERVICES LIMITED,DA3 7EX,DA,43210,active,electrical
11484041,AM ELECTRICAL ENGINEERS LTD,WF1 3TQ,WF,43210,active,electrical
08147988,LEAGUE ELECTRICAL LTD,BH8 9DQ,BH,43210,active,electrical
07053728,KINGSTON FIRE AND ELECTRICAL LTD,HA3 9EQ,HA,43210,active,electrical
12964380,SKILLS ESSILFIE ELECTRICAL SERVICES LIMITED,SW9 0UU,SW,"33140,43210",active,electrical
11597233,GREENWAYS ELECTRICAL TESTING LIMITED,SA14 8UU,SA,"33140,43210",active,electrical
12738636,GS ELECTRICS & BUILDING SERVICES LTD,SS2 6HL,SS,43210,active,electrical
11815871,WTR PLUMBING HEATING & ELECTRICAL CONTRACTORS LTD,TQ12 6PS,TQ,"43210,43220",active,electrical
03523493,C T ELECTRICAL (WARRINGTON) LIMITED,WA1 3JT,WA,43210,active,electrical
11620958,MK LONDON GROUP LIMITED,SW6 2SZ,SW,43210,active,electrical
09162546,CJS PROPERTY MAINTENANCE LIMITED,NP44 6HQ,NP,43210,active,electrical
05613791,RANSFORD ELECTRICAL SERVICES LIMITED,DN22 0QN,DN,43210,active,electrical
05882535,EASTHILL FARADAY LIMITED,SG1 2FP,SG,43210,active,electrical
08625368,R.A.W. ENERGY (SW) LIMITED,EX5 1AY,EX,43210,active,electrical
NI719270,JCQ ELECTRICAL LTD,BT45 7RZ,BT,43210,active,electrical
11486802,TREVOR ALLEN ELECTRICAL SERVICES LIMITED,WA8 5SQ,WA,43210,active,electrical
06629809,SDES UK LIMITED,IP32 7AR,IP,43210,active,electrical
05964986,UCS AUTOMATION LIMITED,ST6 4NF,ST,43210,active,electrical
09016932,TARRANT ELECTRICAL LIMITED,CM14 4BD,CM,43210,active,electrical
12934727,JJ LONDON SERVICES LIMITED,E9 5AA,E9,"43210,68100,68320,80200",active,electrical
12324014,RCBO ELECTRICAL LIMITED,NG9 3JE,NG,43210,active,electrical
11496078,J BOOTH ELECTRICAL LIMITED,NG11 7AR,NG,43210,active,electrical
15866965,BUCAS ELECTRICAL SERVICES LTD,RG2 9AD,RG,43210,active,electrical
11025234,D.E.F ELECTRICAL AND GAS SERVICES LIMITED,EN5 5TZ,EN,"43210,43220,43290,43999",active,electrical
08753349,TH.ES ENTERPRISES LTD,SE13 7DW,SE,43210,active,electrical
09184948,METRO ELECTRICAL (WALES) LTD,SA15 1AL,SA,43210,active,electrical
07463542,DECOHOMES LIMITED,GU51 1ER,GU,"43210,43310,43341",active,electrical
08434287,TECH 3 ELECTRICAL LIMITED,DN35 7LX,DN,43210,active,electrical
06969032,HARVEY ELECTRICAL LIMITED,BH13 7AB,BH,43210,active,electrical
11659775,FIRSTPLACE ELECTRICAL SERVICES LIMITED,DA2 6AE,DA,43210,active,electrical
12318280,MJ POWER HIRE SERVICES LTD,LL18 4DS,LL,43210,active,electrical
15905521,JD-ELEC SOLUTIONS LTD,L12 9LJ,L1,43210,active,electrical
15905630,R P ELECTRICAL(TELFORD) LTD,TF1 5FF,TF,43210,active,electrical
00761378,J.A. RICHARDSON (ELECTRICAL) LIMITED,LS6 3BR,LS,43210,active,electrical
06542162,J.T. HODSON ELECTRICAL CONTRACTORS LIMITED,NG10 1NJ,NG,43210,active,electrical
10892173,SMART VISION ELECTRICAL LTD,TA2 6BD,TA,43210,active,electrical
15906321,SPINNAKER ELECTRICAL AND MECHANICAL LIMITED,PO1 3EY,PO,43210,active,electrical
09875770,I G INSTALLATIONS MIDLANDS LIMITED,B77 4QH,B7,43210,active,electrical
15906855,MADALI ELECTRIC LIMITED,N16 5UP,N1,43210,active,electrical
13336187,A.WALKER ELECTRICAL SERVICES LTD,LN1 2UG,LN,43210,active,electrical
12104338,ELECTRIMEC LIMITED,SO45 5SG,SO,43210,active,electrical
11865816,LAWHAM LIMITED,KT12 5RU,KT,"43210,80200,81100",active,electrical
04505466,G. R. WESTBUILD LTD.,BH9 1PA,BH,"43210,43220,43310,43320",active,electrical
SC719652,MS ELECTRICAL & RENEWABLES LTD,IV31 6NG,IV,"43210,43290",active,electrical
08813078,B & D ELECTRICAL CONTRACTORS LTD,S75 2RG,S7,43210,active,electrical
11507116,R&M GLAZING LTD,RM16 6PP,RM,"41202,43210,43342,43390",active,electrical
10860801,P.B.POWER AND DATA LTD,SE8 4BF,SE,43210,active,electrical
SC483126,MES POWER ENGINEERING LTD,DD1 3DU,DD,"42220,43210",active,electrical
11967627,GMC ELECTRICAL CONTRACTORS LTD,S44 5SA,S4,43210,active,electrical
14521056,MCWILLIAMS ELECTRICAL LTD,ME8 6TS,ME,43210,active,electrical
13328274,PEAK EVOLUTION LIMITED,M28 3NS,M2,"41100,43210,43290,43320",active,electrical
15904145,SPARKY RENOVATIONS LTD,SO18 1NH,SO,"43210,43341,43999",active,electrical
SC307644,ARRAN ELECTRICAL & REFRIGERATION LTD.,KA27 8ER,KA,43210,active,electrical
04952805,SPEEDEK SERVICES LIMITED,PR2 2SU,PR,43210,active,electrical
13000881,PERFECT POWER ELECTRICAL SOLUTIONS LTD,DA15 7JG,DA,43210,active,electrical
15844978,EADE ELECTRICAL LTD,EN1 2AZ,EN,43210,active,electrical
06718666,A.M. (CUMBRIA) LIMITED,CA1 1PN,CA,43210,active,electrical
01756304,D.G. SCOTT LIMITED,NG14 6BP,NG,"42990,43210,43999",active,electrical
10335414,DRACO POWER LIMITED,FY4 1DS,FY,43210,active,electrical
15114743,GG ELECTRICAL LTD.,SY11 4BD,SY,43210,active,electrical
09911318,STEVE DELPH ELECTRICAL CONTRACTOR (U.K) LIMITED,CV5 8JY,CV,43210,active,electrical
11062774,JFR BARNARD LIMITED,SS4 1AJ,SS,43210,active,electrical
08777075,CONTOUR ELECTRICAL LIMITED,GU1 4UX,GU,43210,active,electrical
11462086,JOHAL ELECTRICAL WORKS LIMITED,B71 2RS,B7,43210,active,electrical
07078523,SKB ENGINEERING SERVICES LTD,CR0 0LS,CR,43210,active,electrical
11541049,FORD CONTRACTING SERVICES LTD,LS18 5JU,LS,"43210,43390,70229",active,electrical
14308163,NDP ELECTRICAL LTD,EX16 6HY,EX,43210,active,electrical
15904072,PINNACLE HOME SOLUTIONS (PVT) LIMITED,SW17 9HP,SW,"41100,41202,43210,43220",active,electrical
04261540,HOME 2 LIMITED,SW14 8EF,SW,43210,active,electrical
12327131,"L.A FIRE, ELECTRICAL AND SECURITY LIMITED",CM19 5BN,CM,"43210,80200",active,electrical
13541715,RHINO ELECTRICAL SOLUTIONS LTD,PR2 1PU,PR,43210,active,electrical
10344252,H.E.G. ENGINEERS LTD,B60 3LA,B6,"43210,43220",active,electrical
10031495,MAC SECURITY SYSTEMS LTD,DY8 2JL,DY,"32990,43210",active,electrical
13077235,DOMESTIC TRADES SERVICES LTD,S35 2ZU,S3,"43210,43290,43910",active,electrical
02627326,MM ELECTRICAL & SHOPFITTING CONTRACTORS LIMITED,LE16 8TZ,LE,43210,active,electrical
09585019,ULTRA TECH SOLUTIONS UK LTD,SL2 5NL,SL,43210,active,electrical
05759475,JRC ELECTRICAL ENGINEERS LTD,OL2 6HT,OL,43210,active,electrical
NI720147,DAMIAN KELLY ELECTRICAL LTD,BT94 3EB,BT,43210,active,electrical
14751658,MANTECH AUTOMATION LTD,B36 0EH,B3,43210,active,electrical
SC257792,C & R MUNRO LTD.,FK7 7NP,FK,43210,active,electrical
13570927,RPM ELECTRICAL SERVICES LIMITED,NG14 5GQ,NG,43210,active,electrical
09578242,REMTECH ELECTRICAL SERVICES LIMITED,EN11 8UR,EN,43210,active,electrical
08181710,CODA INSTALLATIONS LIMITED,SK7 4SH,SK,43210,active,electrical
14267141,AUTO ELECTRIX - FERNDOWN LTD,BH21 7RX,BH,"33140,43210,45200",active,electrical
03415910,BUTT LIMITED,BH2 6NE,BH,43210,active,electrical
11514787,GAP SECURITY SOLUTIONS LTD,NE10 8EQ,NE,"43210,80200",active,electrical
14281054,HALL'S GAS & PLUMBING SERVICES LIMITED,CR4 1PD,CR,"43210,43220",active,electrical
02530874,ADG SYSTEMS PLC,GU15 3SY,GU,43210,active,electrical
13483033,K&A ELECTRICAL LIMITED,LE5 5NN,LE,"41100,41202,43210,43290",active,electrical
12329592,WRIGHT'S LONDON ELECTRICAL LIMITED,RM1 3JT,RM,43210,active,electrical
SC617129,ALPHA ELECTRICAL CONTRACTS LTD,EH48 2UP,EH,"33140,42220,43210",active,electrical
04954867,S. BOGUE BATHROOMS LIMITED,B92 8AX,B9,"43210,43220",active,electrical
13878490,C-ELECT HOLDINGS LTD,CT19 5DU,CT,43210,active,electrical
SC778087,KSB ELECTRICAL FIFE LTD,KY4 8LT,KY,43210,active,electrical
02638917,DIRECTION FIRE LIMITED,KT19 9QN,KT,"43210,43220",active,electrical
15881030,LANCASHIRE HEATING AND RENEWABLES LTD,BB6 7UR,BB,"43210,43220",active,electrical
12485806,EC ELECTRICAL SOLUTIONS LTD,GL2 4AL,GL,43210,active,electrical
11133277,T J ARCHER LTD,CB9 0NN,CB,43210,active,electrical
13778031,GFK ELECTRICAL LTD,GL14 2PQ,GL,"43210,43999,74909",active,electrical
14287956,CO2 CONTROLS SERVICE LTD,EC4A 2AB,EC,43210,active,electrical
14505818,UNRIVALLED SOLUTIONS LIMITED,CH62 3QG,CH,"41201,43210",active,electrical
10336846,NICHOLAS ELECTRICAL LIMITED,RH7 6DN,RH,43210,active,electrical
NI660008,MK ELECTRICAL (N.I) LTD,BT47 4LW,BT,43210,active,electrical
14240918,MERCURIAL ELECTRICAL LTD,TS15 9TZ,TS,43210,active,electrical
08599099,THAMES VALLEY ELECTRICIANS LIMITED,SL6 0JQ,SL,43210,active,electrical
12320559,P&H MECHANICAL SERVICES LTD,L24 9HJ,L2,"43210,43220",active,electrical
12307884,WILLOW MARINE ELECTRICAL LIMITED,BH18 8NH,BH,43210,active,electrical
04984413,KINGSNORTH ELECTRICAL LIMITED,TN26 2EG,TN,43210,active,electrical
12714250,MAGNUM ELECTRICAL SERVICES LTD,NG16 3SF,NG,43210,active,electrical
07069664,ELCOM PROJECTS LIMITED,N3 2SZ,N3,43210,active,electrical
14239092,TCB ELECTRICAL LTD,WA9 5QF,WA,43210,active,electrical
08495302,J.E.B. CONTRACTORS (UK) LIMITED,SR5 2TB,SR,43210,active,electrical
09689503,AKK ELECTRICAL SERVICES LTD,EC2A 4NE,EC,"43210,43999",active,electrical
14525254,ECOGREEN ELECTRICAL & EV LTD,AL3 4PQ,AL,43210,active,electrical
15049999,RECNEPS LTD,DA5 3BU,DA,43210,active,electrical
11060417,SMARTOHMS ELECTRICAL LTD,WV5 0AQ,WV,43210,active,electrical
SC669963,ALGER ELECTRICS LTD,G82 2EL,G8,43210,active,electrical
13209285,JOHN LEWIS ELECTRICAL LIMITED,SO50 7DZ,SO,43210,active,electrical
13580658,BMJ ELECTRICAL SERVICES - CHELTENHAM LTD,GL50 2UQ,GL,43210,active,electrical
10316110,SMARTSPARKY ELECTRICAL SERVICES LTD,E20 1AN,E2,"43210,82990",active,electrical
12937550,BURGE ELECTRICAL LTD,BA14 8DX,BA,43210,active,electrical
12487197,SOUTHWELL ELECTRICAL SERVICES LTD,NG21 0HJ,NG,43210,active,electrical
09870741,MP ELECTRICAL (OXON) LIMITED,OX14 3LH,OX,43210,active,electrical
15910181,WOODHOUSE ELECTRICAL INSTALLATIONS LTD,WV7 3AU,WV,43210,active,electrical
11840125,TATE & TONBRIDGE AUTOMATION LIMITED,TN5 7PR,TN,43210,active,electrical
06015090,ARMOUR SECURITY SYSTEMS LIMITED,ME4 4TE,ME,43210,active,electrical
09315500,BEN J BROCKWELL LTD,TN27 0JS,TN,43210,active,electrical
13095061,DAMAND INSTALLS LTD,B50 4DT,B5,"43210,80200",active,electrical
09979696,COAST ELECTRICAL SOLUTIONS LTD,LL33 0AU,LL,43210,active,electrical
13726597,TJD ELECTRICAL LTD,DA1 5NY,DA,43210,active,electrical
11510311,HOUSEHOLD PROPERTY SERVICES LTD,TS6 0BN,TS,"43210,43220,80200,98000",active,electrical
09979817,B TOINTON ELECTRICAL LTD,BH21 2QT,BH,43210,active,electrical
04278353,C & H ELECTRICS LIMITED,SK8 3LU,SK,43210,active,electrical
10322548,TEECEE ELECTRICAL LTD,KT18 6JX,KT,43210,active,electrical
15088041,TILT SOLAR LTD,KT4 8FG,KT,"43210,43910",active,electrical
07439816,DOMESTIC ELECTRICAL INSTALLATIONS LTD,GU14 7DW,GU,43210,active,electrical
04703888,A E I (NORTH WEST) LIMITED,FY4 5GU,FY,43210,active,electrical
10333257,WIRED UP ELECTRICAL SOLUTIONS LIMITED,E14 9FJ,E1,43210,active,electrical
14300964,RGM ELECTRICAL SOLUTIONS LTD,NR1 1RY,NR,43210,active,electrical
12147183,MIKE DOWLE LTD,LL30 2AE,LL,"33140,43210",active,electrical
04870875,EIBEN LIMITED,M27 9SA,M2,43210,active,electrical
04524468,IN - KONTROL LIMITED,M27 9SA,M2,43210,active,electrical
10010710,ALL ASPECTS ELECTRICAL LIMITED,NG6 8AJ,NG,"41100,43210",active,electrical
12150054,EV CHARGER INSTALLATIONS LTD,S80 3QE,S8,43210,active,electrical
14497724,SUSSEX RENEWABLES LTD,TN38 0HU,TN,43210,active,electrical
10927275,SPARKS ELECTRICAL CONTRACTING LTD,BA2 8HY,BA,43210,active,electrical
11510093,H&F ELECTRICAL SOLUTIONS LTD,NG21 0TA,NG,43210,active,electrical
13557200,A-LECTRICAL SERVICES LTD,B24 9BP,B2,43210,active,electrical
08205605,MARC JACKSON ELECTRICAL LIMITED,BA4 4NB,BA,43210,active,electrical
09175764,D.O. ELECTRICAL LTD.,NR14 6SP,NR,43210,active,electrical
12871734,SIDMAR ELECTRICAL LTD,CO6 2LG,CO,43210,active,electrical
04526099,KEITH MATTHEWS ELECTRICAL CONTRACTORS LIMITED,HD4 6XF,HD,43210,active,electrical
14500353,NIKO ELECTRICAL LTD,B68 0NU,B6,43210,active,electrical
13567480,D.TAYLOR ELECTRICAL SW LTD,TR4 9LF,TR,43210,active,electrical
SC464167,CCKM ELECTRICAL LIMITED,DD1 5RR,DD,43210,active,electrical
10929212,OJH ELECTRICAL LTD,CH43 8TF,CH,43210,active,electrical
09165115,J'S ELECTRICAL (SWINDON) LTD,SN1 5NS,SN,43210,active,electrical
07451797,ALL POINTS ELECTRICAL SERVICES LTD,YO11 2PW,YO,43210,active,electrical
13941512,WEST LONDON ELECTRICAL CONTRACTOR SERVICES LTD.,W3 6AY,W3,43210,active,electrical
15909680,CORNISH SOLAR LTD,TR3 6FW,TR,"43210,43290",active,electrical
13500679,RADIANCE RENEWABLE ENERGY SOLUTIONS LTD,CA14 4NA,CA,43210,active,electrical
SC666498,MARIYA CONTRACTING COMPANY LTD,ML9 1JP,ML,"43210,43220,43310,43330",active,electrical
05638765,GENTRY SERVICES (E.A.) LIMITED,NR32 2HD,NR,43210,active,electrical
08668452,W&P ELECTRICAL LTD,TQ13 0BN,TQ,43210,active,electrical
15247861,MF ELECTRICAL - RENEWABLE ENERGY SOLUTIONS LTD,NG32 1BH,NG,43210,active,electrical
04868831,ELECTEC (HULL) LIMITED,HU16 5TL,HU,43210,active,electrical
04872929,C J BOREHAM LIMITED,TN40 1HE,TN,43210,active,electrical
15909067,RKW HOMES LTD,WC2H 9JQ,WC,"41201,41202,43210,43220",active,electrical
15909648,DIRECT FIRE & SECURITY SOLUTIONS LTD.,CF42 6DL,CF,43210,active,electrical
01427800,MIDLAND COMMERCIAL ELECTRICAL SYSTEMS LIMITED,B38 9EP,B3,43210,active,electrical
04510757,A.C.D. ELECTRICAL SERVICES LIMITED,PL12 6LS,PL,43210,active,electrical
12207369,CHEN HEATING AND PLUMBING LIMITED,EC1V 2NX,EC,"43210,43220,43320,78200",active,electrical
12439589,INGLETON CONTRACT SERVICES LIMITED,ME8 7RG,ME,43210,active,electrical
08176485,AR ELECTRICAL SPECIALISTS LIMITED,ST5 8AZ,ST,43210,active,electrical
13907707,CAVENDISH ELECTRICALS & SERVICES LIMITED,NN16 0HA,NN,43210,active,electrical
15083732,NJG ELECTRICAL LTD,SK14 4UA,SK,43210,active,electrical
05289666,ANTHONY MERCY (ELECTRICAL) LIMITED,WF4 4SB,WF,43210,active,electrical
14759729,LUCRATIVE SOLAR LTD,HA1 4HE,HA,"26110,35110,43210,43220",active,electrical
14106121,VANQUISH ELECTRICAL & DATA SERVICES LTD,DA1 3EN,DA,43210,active,electrical
11902279,F & DJ ELECTRICAL SERVICES LIMITED,BH22 9PH,BH,43210,active,electrical
10879392,RAUL TULEI LTD,SE3 8UD,SE,"41100,43210",active,electrical
13006871,LUMEX TRADING LTD,WC2H 9JQ,WC,43210,active,electrical
10459106,SSH ELECTRICAL LTD,PO16 7BB,PO,43210,active,electrical
14510572,BERRY BRIGHT ELECTRICAL LTD,GU52 6HT,GU,43210,active,electrical
13896885,ARCH ELECTRICAL SERVICES (UK ) LTD,RM5 3SS,RM,43210,active,electrical
11197875,GLENO ELECTRICAL SERVICES LIMITED,BR2 6HQ,BR,43210,active,electrical
05625973,CAPITAL DESIGN SERVICES LTD.,L25 5NU,L2,43210,active,electrical
12333820,THETA CONTROL SOLUTIONS LTD,BB11 5SX,BB,43210,active,electrical
14315113,EVRST LTD,BR2 6HQ,BR,43210,active,electrical
10503226,JON JEWELL ELECTRICAL LIMITED,TR8 4LB,TR,43210,active,electrical
14371037,IELEC LIMITED,BR2 6AX,BR,43210,active,electrical
04592497,T. E. GALLIMORE AND SONS LIMITED,CA6 4RR,CA,43210,active,electrical
06458449,PRESTIGE ELECTRICAL SERVICES (BATH) LIMITED,BA3 2DZ,BA,43210,active,electrical
15085591,INNERT SECURITY LTD,GU1 2AG,GU,43210,active,electrical
SC464726,JDS ELECTRICAL DUNDEE LIMITED,DD5 1DJ,DD,43210,active,electrical
05328460,NORTH & SOUTH GROUNDWORK SERVICES LTD,M27 9SA,M2,43210,active,electrical
07081588,(RESPONSE) EPR LIMITED,PE3 6SR,PE,43210,active,electrical
13196127,MEEL GROUP (SUSTAINABILITY SOLUTIONS) LIMITED,ST5 2BE,ST,43210,active,electrical
15912480,PHOENIX ECO POWER LTD,SS16 4RN,SS,43210,active,electrical
10462910,PROELEC ELECTRICAL INSTALLATIONS LTD,WS7 9JP,WS,43210,active,electrical
04858975,M LOCKYER ELECTRICAL LIMITED,BH23 4SY,BH,43210,active,electrical
15083150,KENDO ELECTRICAL LIMITED,BS48 2AA,BS,43210,active,electrical
09319113,FUEL AND ELECTRICAL SOLUTIONS LTD,DN15 8RE,DN,"43210,46690",active,electrical
14499670,UK.EMEG LTD,EN3 6BQ,EN,"43210,78200",active,electrical
10844938,GREEN BUILDING SERVICES LIMITED,BS30 9UE,BS,"41100,43210,43220,68100",active,electrical
15094418,MDL ELECTRICAL (SOUTH WEST) LTD,PL13 2JS,PL,43210,active,electrical
12512833,HERTS EV SPECIALISTS LTD,AL6 9EH,AL,43210,active,electrical
12287587,S & P ELECTRICAL HOLDINGS LTD,PR2 1HY,PR,43210,active,electrical
02324980,H.C.M. ELECTRICAL LIMITED,DE5 9QA,DE,43210,active,electrical
14305847,HARLAN ELECTRICAL LTD,PR9 0PG,PR,43210,active,electrical
13484670,BEACONSFIELD ELECTRICAL LIMITED,HP14 3SQ,HP,43210,active,electrical
10893731,METELEC SERVICES LTD,HP1 3BN,HP,43210,active,electrical
04838751,K. J. NORRIS ELECTRICAL LIMITED,FY3 9XH,FY,43210,active,electrical
06068948,A.J.R. ELECTRICAL SERVICES (BANBURY) LIMITED,NN2 7AZ,NN,43210,active,electrical
11676204,HS SECURITY CONTRACTS LIMITED,WF1 2TP,WF,"43210,80200",active,electrical
09851642,SPRINGBUKS GROUP SERVICES LIMITED,SS11 7AT,SS,43210,active,electrical
10484675,DADSON ELECTRICAL LIMITED,CF82 7PU,CF,43210,active,electrical
00787449,MEEL GROUP (PROJECTS) LIMITED,ST5 2BE,ST,43210,active,electrical
05442496,HARVEYS WINDOWS & CONSERVATORIES LIMITED,LE3 5HE,LE,"43210,43342,43910",active,electrical
06455325,MDP ELECTRICAL LTD,GL11 6DJ,GL,43210,active,electrical
12064316,SCARBELL SERVICES LTD,IG10 4LF,IG,43210,active,electrical
15089542,DJS ENERGY AND RENEWABLES LTD,S43 3UT,S4,"43210,43290",active,electrical
05542104,WILSON TECHNICAL SERVICES LIMITED,YO25 6PS,YO,43210,active,electrical
10931457,NOVED CONTRACTORS LIMITED,EX39 1PW,EX,43210,active,electrical
14302168,OFFORD ELECTRICAL LIMITED,IP6 9AB,IP,43210,active,electrical
08236790,MOSS ELECTRICAL & PLUMBING LTD,ME16 9JU,ME,"43210,43220",active,electrical
04166363,INTEGRATED CONTROL SOLUTIONS (EASTERN) LIMITED,NR10 4SW,NR,43210,active,electrical
09437566,ICN SYSTEMS LIMITED,B33 8BB,B3,43210,active,electrical
12088870,SYNERGY ELECTRICS (MIDLANDS) LIMITED,B33 8BB,B3,43210,active,electrical
05535281,CJS ELECTRICAL (WALES) LTD,CF14 0SH,CF,43210,active,electrical
11677901,SA & MAT LTD,MK6 2ST,MK,43210,active,electrical
11815352,CP ELECTRICAL SOLUTIONS LTD,GU15 3HQ,GU,43210,active,electrical
10916535,POB ELECTRICAL LTD,SK15 3DU,SK,43210,active,electrical
05534305,AGM FACILITY SERVICES LTD,NE34 8TB,NE,43210,active,electrical
10491683,M J LAW ELECTRICAL LIMITED,NN3 5HL,NN,43210,active,electrical
NI049271,CRIEVEMORE ELECTRIC LTD,BT70 1LN,BT,43210,active,electrical
07343230,HARD HAT MEDIA LIMITED,RG19 4ER,RG,"43210,77291",active,electrical
15914443,DSELEC LIMITED,NE66 2XX,NE,43210,active,electrical
NI046957,DEREK BURNSIDE LIMITED,BT42 4OH,BT,43210,active,electrical
12333702,UKE'S CONSTRUCTION LIMITED,TW4 5QP,TW,"43210,43220",active,electrical
13575622,DAZLEW ELECTRICAL LTD,WA7 5PX,WA,43210,active,electrical
09867840,MILLS ELECTRICAL SERVICES LTD.,EX22 7HD,EX,43210,active,electrical
15044199,CABLE BASHER LTD,SR6 0JH,SR,43210,active,electrical
09705490,EFFICIENT EARTH LTD,SW20 9HL,SW,"33140,43210",active,electrical
12945796,J R ELECTRICAL CONTRACTORS LIMITED,NE25 9XP,NE,43210,active,electrical
15913138,IIRNA GROUP LTD,M16 0AD,M1,"43210,45112,46900,68209",active,electrical
08732439,DE HAVILLAND ELECTRICAL LIMITED,CT13 0JW,CT,43210,active,electrical
07747723,ACE (SOUTH YORKSHIRE) LTD,S75 3LS,S7,43210,active,electrical
15914235,DEAL 39 LTD,LU4 9RH,LU,"43210,43220,45200,49410",active,electrical
10879218,MCCARTHY POWER SOLUTIONS LTD,DA12 5TD,DA,43210,active,electrical
01176644,R.H. ELECTRICAL LIMITED,LS15 4JX,LS,43210,active,electrical
14290498,SYLEC LTD,YO32 5XP,YO,43210,active,electrical
04581362,BRADBURY'S ELECTRICAL CONTRACTORS LIMITED,BD18 1AG,BD,43210,active,electrical
15915932,BW3 ELECTRICAL LTD,NN2 8PF,NN,43210,active,electrical
12300271,S GROVES PROPERTY SERVICES LTD,OX12 7EJ,OX,"41100,41202,43210",active,electrical
08773671,SINAN ELECTRICS LIMITED,SK5 6JG,SK,"41100,43210,43220",active,electrical
15916594,AVEYARD LIMITED,HX4 9HN,HX,43210,active,electrical
SC225686,FACILITIES ENGINEERING AND DESIGN SOLUTIONS LIMITED,EH53 0LQ,EH,"33200,42990,43210",active,electrical
09306917,A FOSTER ELECTRICAL LTD,LE7 2HB,LE,43210,active,electrical
00739627,K.C.HICKSON LIMITED,B66 2AY,B6,43210,active,electrical
04982031,BAY ELECTRICS LIMITED,BN22 8PW,BN,43210,active,electrical
14283428,RD LIGHT AND POWER LTD,CO5 0EU,CO,43210,active,electrical
14302075,COCONUT ENERGY LTD,EX1 1PZ,EX,43210,active,electrical
14511596,STARLEY ELECTRICAL LIMITED,SS4 3RF,SS,43210,active,electrical
13588026,WILLS ELECTRICAL SERVICES LTD,SG2 8TQ,SG,"33140,43210",active,electrical
08178425,FIRST CALL ELECTRICAL LIMITED,SE9 2BD,SE,43210,active,electrical
11609265,O’DONOGHUE SIGNALLING LIMITED,HA4 0BZ,HA,43210,active,electrical
11703059,AAM ELECTRICAL SERVICES LTD,N9 7RE,N9,43210,active,electrical
08773470,MAIN LINE DIRECT LTD,RG7 1PE,RG,43210,active,electrical
10346990,EXPRESS PROJECTS LTD,LS11 8JH,LS,"43210,70229",active,electrical
00686149,S.J. WATSON (ELECTRICAL) LIMITED,TN6 1XD,TN,43210,active,electrical
15064400,WINDLEC LTD,SA34 0LN,SA,43210,active,electrical
08154025,DALEY SOLUTIONS LIMITED,LE9 9GN,LE,43210,active,electrical
SC749911,AWM ELECTRICAL SERVICES LTD,G66 5BS,G6,43210,active,electrical
13750884,NB ELECTRICAL MAINTENANCE AND INSTALLATION SERVICES LTD,EN3 5AQ,EN,43210,active,electrical
13339320,N2 PROJECTS LIMITED,BD12 9JQ,BD,43210,active,electrical
15916799,DASH ELECTRICAL LTD,DL3 7HL,DL,43210,active,electrical
13714425,ASSET INTEGRITY MANAGEMENT & TRADING LTD,RM8 1UJ,RM,"43210,45112,71129",active,electrical
13757314,SAINTS ELECTRICAL LIMITED,HG2 7QH,HG,43210,active,electrical
06987241,LLOYDS ELECTRICAL CONTRACTORS LTD,TQ13 9HU,TQ,43210,active,electrical
13590809,VOLTZ ELECTRIC LTD,NR2 3AA,NR,43210,active,electrical
SC190375,T.T. TESTING LIMITED,EH55 8ET,EH,43210,active,electrical
15917926,CRS ELECTRICS LIMITED,LE12 7WQ,LE,43210,active,electrical
15077282,S & J CUNNINGHAM LTD,NE26 4DS,NE,"41100,43210",active,electrical
09876173,ANDREW ELECTRICAL CO. LTD,DE56 1GF,DE,43210,active,electrical
12323102,ONEA BUILDING SOLUTIONS LTD,OX5 1EL,OX,"43210,43999",active,electrical
15915881,HULK ELECTRICAL LTD,BS15 9WY,BS,43210,active,electrical
15915878,CS FIRE AND ELECTRICAL LTD,BH7 6PZ,BH,"43210,80200",active,electrical
11046524,ALPHA ELECTRICAL AND PROPERTY LIMITED,LE16 9DS,LE,43210,active,electrical
07957402,HAMMOND ELECTRICAL CONTRACTORS (NW) LIMITED,FY3 7BJ,FY,43210,active,electrical
13513347,ELECTRIC FLOW LIMITED,RM9 5JP,RM,43210,active,electrical
01347974,SHEERS LIMITED,DL1 4PQ,DL,"42910,43210,43290",active,electrical
SC742543,FIRST FIX ELECTRICAL GROUP LTD,EH52 5LR,EH,43210,active,electrical
07075274,BAMFORD ELECTRICAL LIMITED,DE55 3AJ,DE,43210,active,electrical
10488396,STEPHEN MCGUIGAN ELECTRICAL LIMITED,TS3 0BJ,TS,43210,active,electrical
12163970,M.D ELECTRICAL SOLUTIONS HULL LTD,HU7 4QF,HU,43210,active,electrical
14303264,AB ELECTRICAL SERVICES (YORKSHIRE) LTD,HD3 4GH,HD,43210,active,electrical
15016920,HOLT SECURITY LIMITED,WV10 9QB,WV,43210,active,electrical
02245197,SPARKBRIDGE LIMITED,SS1 1BD,SS,"43210,68209",active,electrical
05292106,GENCO ELECTRICAL PROJECTS LIMITED,HD1 3ER,HD,43210,active,electrical
15916037,SPARKS HUB LTD,ME10 1JG,ME,43210,active,electrical
09276112,CROSTHWAITE & SON LIMITED,PO21 2JF,PO,43210,active,electrical
11089536,KDPC ELECTRICAL LIMITED,OL12 0AU,OL,43210,active,electrical
12993038,JLH ELECTRICS LIMITED,NE34 8HR,NE,43210,active,electrical
11516412,WEBTEC ELECTRICAL LTD,S75 2RF,S7,43210,active,electrical
14286073,COMPLETE SOLUTIONS SW LTD,EX3 0HQ,EX,43210,active,electrical
08781896,DATATECH ELECTRICAL LIMITED,NG31 7JJ,NG,43210,active,electrical
06343966,AMER (UK) LTD,PR4 2DZ,PR,"43210,43220,43290",active,electrical
06739770,A. C. ELECTRICAL & SECURITY SERVICES LTD,TF7 4NA,TF,43210,active,electrical
SC553556,EMC (SCOTLAND) LTD,PH8 0RF,PH,43210,active,electrical
15006786,MGL ELECTRICAL LTD,HR6 8DS,HR,43210,active,electrical
15085977,JH ELECTRICALS & SOLAR LTD,ME10 4FT,ME,43210,active,electrical
11506011,AAW ENTERPRISES LTD,MK16 8RW,MK,"43210,49410,72190,78300",active,electrical
08902335,ME ENGINEERING LTD,CA5 6NA,CA,"33200,43210,43220,43999",active,electrical
05545008,L. J. ELECTRICAL OF LOUGHBOROUGH LTD,LE11 2HP,LE,43210,active,electrical
SC201663,J & M ELECTRICAL (ABERDEEN) LTD.,AB11 8BJ,AB,43210,active,electrical
10895129,JSE ELECTRICAL CONTRACTING LIMITED,BL2 4EW,BL,"33140,43210",active,electrical
10943942,FIGJAM SOLUTIONS LTD,NN6 0AW,NN,"43210,71122",active,electrical
15076216,A J BEALE ELECTRICAL LIMITED,SS8 9DE,SS,43210,active,electrical
09167157,LINCOLNSHIRE SITE SERVICES LTD,DN31 2TG,DN,43210,active,electrical
14708358,VOLTLEC LIMITED,TN12 7AT,TN,43210,active,electrical
NI659454,OMNI POWER TECHNOLOGIES LTD,BT34 2GB,BT,43210,active,electrical
11664767,ROCK SOLID PROPERTY SERVICES LIMITED,GU1 2AG,GU,"43210,43220,43341,43390",active,electrical
15916555,MAIN POWER ELECTRICAL LTD,LE9 8FD,LE,43210,active,electrical
13011398,SMARTWIREUK LTD,CR7 6EH,CR,43210,active,electrical
15008086,PHOENIX EV & ELECTRICAL LIMITED,BH12 2AJ,BH,43210,active,electrical
10601205,S J THOMPSON ELECTRICAL LTD,HU14 3AX,HU,43210,active,electrical
07339965,CARR ELECTRICAL SERVICES LIMITED,ME3 8AR,ME,43210,active,electrical
14253663,NORWICH RENEWABLE INSTALLATIONS LTD,NR6 5DR,NR,43210,active,electrical
12840809,BERRY ELECTRICAL SERVICES (LONDON) LTD,KT22 9QZ,KT,43210,active,electrical
14253705,NORFOLK RENEWABLE INSTALLATIONS LTD,NR6 5DR,NR,43210,active,electrical
08600092,D B ELECTRICAL AND SECURITY LIMITED,IP14 4ED,IP,43210,active,electrical
06671732,GOSPORT ELECTRICAL LTD,PO13 0GY,PO,43210,active,electrical
10462819,DRAGON VALE LIMITED,CF40 1TA,CF,"41100,43210,68209",active,electrical
10858559,3CORE SERVICES LTD,CF3 1RH,CF,43210,active,electrical
12818214,SPARKED OUT LTD,RM6 6SP,RM,43210,active,electrical
12312219,IMBERHORNE ELECTRICAL SERVICES LIMITED,RH19 1DF,RH,43210,active,electrical
15902982,PWR SERVE LTD,TS9 6BS,TS,"33140,43210",active,electrical
08298575,APPLAUD ENGINEERING LTD,PO5 2RE,PO,"22290,43210,62012,62020",active,electrical
05901735,M.E.S.K. ELECTRICAL SERVICES LIMITED,BS35 4JU,BS,43210,active,electrical
11725900,ENT TECH SYSTEMS LTD,N12 0BP,N1,43210,active,electrical
11527324,U9 ELECTRICAL CONTRACTORS LTD,TW13 4RG,TW,43210,active,electrical
14512886,ECO SMART ELECTRICAL LTD,CV34 6AY,CV,43210,active,electrical
SC038771,STEVEN GIBSON LIMITED,PA23 7NE,PA,"43210,47430,77291",active,electrical
10339052,NCH ELECTRICAL CONTRACTORS LIMITED,KT17 1HQ,KT,43210,active,electrical
15039777,WESTWOOD ELECTRICAL CONTRACTING LTD,FY2 9AU,FY,43210,active,electrical
06116192,RELAY SECURITY LIMITED,PO17 6EX,PO,43210,active,electrical
11559789,CORONA SERVICES (NE) LIMITED,NE11 0JQ,NE,43210,active,electrical
13559438,LIGHTS CONTROL ACTION LTD,CF35 6QJ,CF,"43210,90020",active,electrical
06951245,GREEN INSTALLATIONS (WALSALL) LIMITED,WS5 3DW,WS,43210,active,electrical
03335630,P & H INSTALLATIONS LIMITED,E4 6AG,E4,43210,active,electrical
04744646,R M ELECTRICAL SERVICES LTD.,OX5 2LN,OX,43210,active,electrical
14042956,TRYDANWYR PRESELI ELECTRICAL LTD,SA41 3RQ,SA,43210,active,electrical
15878772,PETER WOODWARD ELECTRICAL CONTRACTING LTD,B77 2EH,B7,43210,active,electrical
14198553,PATH ENERGY LTD,LS1 2ND,LS,43210,active,electrical
13296874,XPRT LIMITED,NW7 2HP,NW,"14110,14132,43210,43220",active,electrical
04881693,JDS ELECTRICAL (UK) LIMITED,WS14 0DJ,WS,43210,active,electrical
05189142,TPT FIRE SYSTEMS GROUP LTD.,RG24 8PE,RG,43210,active,electrical
SC820693,DONSIDE ELECTRICAL SERVICES LTD,AB51 4TB,AB,43210,active,electrical
12704087,ELECTRIC CAR CHARGING GROUP LIMITED,SS17 7PU,SS,43210,active,electrical
11716381,ADVANCED CONTRACTS SOLUTIONS LIMITED,NP11 5AR,NP,43210,active,electrical
09114749,PARKER ELECTRICAL SOLUTIONS LIMITED,CM18 7EN,CM,43210,active,electrical
05916741,G-SPARK ELECTRICAL SERVICES LTD.,CB4 0WS,CB,43210,active,electrical
09869775,GOLDEN PIN LIMITED,N3 2LJ,N3,"14110,14132,43210,43220",active,electrical
12153255,PROPIPE HEATING AND ELECTRIC LTD,TW3 4BJ,TW,"43210,43220,43290",active,electrical
SC582679,HUTCHISON ELECTRICAL SERVICES LTD,DD2 2JQ,DD,43210,active,electrical
03875137,RDM ELECTRICAL CONTRACTORS LIMITED,SS8 9DE,SS,43210,active,electrical
11946657,EKH ELECTRICAL LIMITED,PO15 7AH,PO,43210,active,electrical
11542200,ELTOM ELECTRICAL LTD,CH64 9XF,CH,43210,active,electrical
11538207,U R ELECTRICAL INSTALLATIONS LIMITED,LE5 4NH,LE,43210,active,electrical
13284703,MF ELECTRICAL SERVICES LTD,WN5 7AQ,WN,43210,active,electrical
02887378,JORDAN JAMES LIMITED,RM2 5SH,RM,43210,active,electrical
09870463,C ROSE ELECTRICS LTD,PO14 2JG,PO,43210,active,electrical
NI655178,SOLUTIONS FOR SYSTEMS LTD,BT19 7PD,BT,"43210,61300,63990,96090",active,electrical
11660216,NOUR2B LIMITED,EC1V 2NX,EC,43210,active,electrical
11006717,AA ELECTRICAL CONTRACTORS LIMITED,SE19 3TT,SE,43210,active,electrical
09455198,SGC PROPERTY MAINTENANCE (SUSSEX) LIMITED,BN1 7ET,BN,"43210,43220,43310,43341",active,electrical
03749934,ARTHUR CADDICK ELECTRICAL CONTRACTORS LIMITED,S64 8UL,S6,43210,active,electrical
12310983,AW&J ELECTRICAL AND MAINTENANCE LIMITED,WA5 9EA,WA,43210,active,electrical
15923323,ZAK ELECTRIC LIMITED,E16 3DS,E1,43210,active,electrical
07053781,RJM CONTRACTS LIMITED,IG8 8HD,IG,43210,active,electrical
13583195,HESTER & HARBER LIMITED,SL6 2SR,SL,43210,active,electrical
13534820,MALPASS ELECTRICAL INSTALLATION LIMITED,WS10 8TE,WS,43210,active,electrical
07555661,RICHARD EVANS ELECTRICAL LTD,SA20 0UR,SA,43210,active,electrical
15919419,HEDGEHOG ELECTRICAL LTD,NG21 0HJ,NG,43210,active,electrical
12753826,DSJONESELECTRICAL LIMITED,DE15 9SP,DE,43210,active,electrical
11721561,MA ELECTRICAL SOLUTIONS LTD,DA7 4NN,DA,43210,active,electrical
NI690290,UNITE ENERGY LTD,BT9 7GT,BT,"35110,43210",active,electrical
09210801,SMART LINE ELECTRICAL SERVICES LIMITED,SS14 3JJ,SS,43210,active,electrical
15918640,STATHAM’S PROPERTIES SERVICE LTD,EC1V 2NX,EC,"41100,41201,41202,43210",active,electrical
05340496,WGS POWER & LIGHTING LTD,SN4 8ER,SN,43210,active,electrical
04059015,BARD ELECTRICS LIMITED,PE19 6YH,PE,43210,active,electrical
13758153,A TO Z ELECTRICAL SERVICES LIMITED,M8 4HY,M8,43210,active,electrical
05990422,ELECTRICITY SOLUTIONS LTD,CH66 7NF,CH,"43210,43290",active,electrical
01857872,E.M. ELECTRICS (BRISTOL) LIMITED,BS5 0SX,BS,43210,active,electrical
14260981,GATE TECH AUTOMATION LIMITED,HU16 5RP,HU,43210,active,electrical
06216845,H & L ELECTRICS LTD,ST9 0NE,ST,43210,active,electrical
08306199,BEST ELECTRICAL SERVICES TODAY LTD,W3 0LJ,W3,43210,active,electrical
14297531,BEZT ELECTRICAL CONTRACTS AND SERVICES LIMITED,DE55 1RL,DE,43210,active,electrical
12234888,CONSTRACTION UK LTD,W4 1SZ,W4,"25110,43210,43342,43390",active,electrical
14553971,MJG FIRE & SECURITY LTD,PR8 2QP,PR,43210,active,electrical
10098457,PS LIDSTER ELECTRICAL SERVICES LTD,SL6 2ED,SL,43210,active,electrical
06545813,SJS CONTROL SYSTEMS LIMITED,NR7 0TA,NR,43210,active,electrical
13763349,ELECTROFIX INSTALLATIONS LTD,WS11 7GL,WS,43210,active,electrical
06681455,R J NIX (ELECTRICAL) LIMITED,CM7 2QR,CM,43210,active,electrical
13751022,OSBORNE TECHNICAL SERVICES LTD,M34 6FX,M3,43210,active,electrical
NI678524,SW ELECTRICS (NI) LIMITED,BT43 7LL,BT,43210,active,electrical
13007825,JTF ELECTRICAL SERVICES LTD,BS7 9JW,BS,43210,active,electrical
15919213,ELECTRICAL & PROPERTY MAINTENANCE LTD,NE30 3QA,NE,"43210,98000",active,electrical
13586329,OFL ELECTRICAL AND MAINTENANCE SERVICES LTD,DA3 8QD,DA,43210,active,electrical
12182559,AIRBORNE ELECTRICAL LTD,PO15 7AH,PO,43210,active,electrical
10928455,MULCAHY ELECTRICAL LTD,BB3 2QF,BB,43210,active,electrical
08899558,CHURCH HILL PROPERTY SOLUTIONS LTD,SM1 2NB,SM,43210,active,electrical
13752193,AMPTEC LTD,ME9 7JL,ME,"33150,43210,46520,96090",active,electrical
14495697,D R ELECTRICAL CONTRACTORS (SHROPSHIRE) LTD,SY22 6EF,SY,43210,active,electrical
06758761,MAC (MIDLANDS) LIMITED,CV12 9JD,CV,43210,active,electrical
06681252,PLATINUM INSTALLATION & MAINTENANCE LIMITED,TN25 5NX,TN,43210,active,electrical
12908667,S J UK ELECTRICAL LIMITED,L37 4AQ,L3,43210,active,electrical
13563179,ECO-1 ENERGY LIMITED,WS9 8NP,WS,43210,active,electrical
15918792,OAK LEAF ELECTRICAL SERVICES LIMITED,B98 8RH,B9,"43210,81300",active,electrical
11060734,T & E FIRE AND SECURITY LTD,TQ12 1QN,TQ,"43210,80200",active,electrical
10489106,CARDEAN ELECTRICAL SERVICES LIMITED,EN11 9LR,EN,43210,active,electrical
02996643,B.K.F. ELECTRICAL SERVICES LIMITED,CM5 0AL,CM,43210,active,electrical
01291131,OLLINGTON ELECTRICAL LIMITED,CB22 3TG,CB,43210,active,electrical
SC580542,IAIN WOODROW ELECTRICAL CONTRACTOR LIMITED,PA43 7LA,PA,43210,active,electrical
13665900,AUTOMATED CONTROLS INSTALLATIONS LTD,SE23 3UW,SE,43210,active,electrical
08667078,INTER-LECT (UK) LIMITED,LE11 1JR,LE,43210,active,electrical
14262063,CEC RENEWABLES LIMITED,WV6 9HD,WV,"35110,43210,43910",active,electrical
14136420,UK INDEPENDENT CONNECTION PROVIDERS LTD,CV11 6JR,CV,43210,active,electrical
04493853,BMN SERVICES LTD,W1H 6BQ,W1,"43210,43220,43310,43342",active,electrical
SC551303,HARRY K LTD,KA1 3DN,KA,43210,active,electrical
10915511,ELECTRICAL CONTROLS MANAGEMENT (ECM) LTD,TW15 2TS,TW,43210,active,electrical
13974114,SPARKS ELECTRICAL (NORTH) LIMITED,DN14 5DS,DN,43210,active,electrical
09321889,CARTER & SONS ELECTRICAL LTD,PO15 7AH,PO,43210,active,electrical
10051322,CB ELECTRICAL (SERVICES) LTD,PO15 7AH,PO,43210,active,electrical
SC707711,MARR IMPERIUM LIMITED,EH51 9TH,EH,"41201,41202,43210,70229",active,electrical
13918973,S-WIRES ELECTRICAL LTD,LS20 8NH,LS,43210,active,electrical
05911740,S.N.G. ELECTRICAL LIMITED,PE11 2TA,PE,43210,active,electrical
11400088,WORLDFIBER TELECOMMUNICATION LTD,EC4N 8AL,EC,"43210,61900",active,electrical
09901706,JJP SERVICES LIMITED,SY16 2NY,SY,"41202,43210,43220",active,electrical
11516566,RYAN ELECTRICAL AND LIGHTING LTD,HD8 9GA,HD,43210,active,electrical
13529486,UIRTUS CONSTRUCTION LTD,HD1 5HN,HD,"41201,41202,43210,43220",active,electrical
08761009,C H (UTTOXETER) LIMITED,ST16 1DA,ST,43210,active,electrical
13596142,M ELECTRICAL LTD,LE7 2LJ,LE,43210,active,electrical
14244139,SCREED IT M&E LIMITED,B3 1PX,B3,"43210,71129",active,electrical
09852652,D J CHAPMAN ELECTRICAL LTD,SL9 9NB,SL,43210,active,electrical
14644854,MO-VER 23 LIMITED,TW13 6LA,TW,"41100,43210,43999,59111",active,electrical
12332647,SOLAR FUEL LTD,HR2 6DT,HR,43210,active,electrical
15923997,SIRI CONSTRUCTION LTD,EC2A 4NE,EC,"41202,43210,43220,43910",active,electrical
11069472,FASTRACK ELECTRICAL LTD,NG10 1HP,NG,43210,active,electrical
11655310,COPPER ELECTRICAL LTD,DE21 6DF,DE,43210,active,electrical
09192321,ELITE ELECTRICS (ANGLIA) LIMITED,PE34 4BB,PE,43210,active,electrical
13752802,S&S INTERIOR RENOVATIONS LTD,SE16 4UX,SE,"43210,43290,43341,43390",active,electrical
14085693,LG MECHANICAL & ELECTRICAL LIMITED,M24 2LX,M2,"43210,43220",active,electrical
08642714,JOHNSON ELECTRICAL (NORTH WALSHAM) LIMITED,NR28 0FP,NR,43210,active,electrical
13035866,ARCHER ELECTRICAL SERVICES LIMITED,B61 7DN,B6,43210,active,electrical
14521882,EAST RENEWABLES LTD,DE7 4EZ,DE,43210,active,electrical
09726140,CURRENT INSTALLS LTD,B50 4NP,B5,43210,active,electrical
15106035,MANTLE ENGINEERING SERVICES LTD,TS18 3QT,TS,43210,active,electrical
05281122,PREVIEW PROPERTIES LTD,NR1 4DJ,NR,"43210,43290,81210",active,electrical
SC552600,JC ELECTRICAL AND SECURITY SOLUTIONS LIMITED,G60 5AT,G6,43210,active,electrical
NI625335,T MC ALINDEN & CO LIMITED,BT67 9JT,BT,"41201,41202,43210",active,electrical
12692304,E & R (SW) LTD,PL11 2TB,PL,43210,active,electrical
11536394,JORDAN BLAND ELECTRICAL LTD,SY4 2LD,SY,43210,active,electrical
SC715831,STUART MILLS ELECTRICAL SERVICES LIMITED,G69 9ND,G6,43210,active,electrical
11062448,NTD ELECTRICAL SERVICES LTD,WA8 9LH,WA,43210,active,electrical
12299472,CASAFIX LTD,W8 4LZ,W8,"43210,43220,43999",active,electrical
11693823,ELECMET ELECTRICAL SOLUTIONS LTD,LS12 3UZ,LS,43210,active,electrical
13382653,MULTICRAFT GROUP LTD,CB8 8PW,CB,"43210,95210",active,electrical
06770043,CHUBB ELECTRICS LTD,PL1 3AD,PL,43210,active,electrical
07596219,KJW ELECTRICAL LIMITED,NR18 0AD,NR,43210,active,electrical
09691059,JEREMY ELECTRICAL LIMITED,N18 2DL,N1,43210,active,electrical
09585888,SPARKY & PLUMB LTD,NG7 7DA,NG,"43210,43220",active,electrical
08697971,ELECTRICAL MANAGEMENT SOLUTIONS LTD,S81 0JG,S8,43210,active,electrical
14424715,HANCOCK ELECTRICAL SERVICES LTD,BD2 3FD,BD,43210,active,electrical
SC715983,SJS ELECTRICAL LTD,AB21 7BN,AB,43210,active,electrical
12634081,EZBUILD & MAINTAIN LTD,E1 5AB,E1,"41202,43210,43220,43341",active,electrical
11305229,RS CONTROLS LTD,KT14 7JW,KT,43210,active,electrical
13528672,NORTHERN ENGLAND ELECTRICAL INSTALLATIONS LTD,SK7 2QW,SK,43210,active,electrical
06816902,NAC ELECTRICAL SERVICES LIMITED,E14 9DT,E1,43210,active,electrical
11020812,ENLIM ELECTRICS LIMITED,NE9 6UY,NE,43210,active,electrical
NI679917,DUNLERIN ELECTRICAL LIMITED,BT51 5ER,BT,43210,active,electrical
SC600765,NEW LEADS ELECTRICAL LIMITED,AB42 1QG,AB,43210,active,electrical
01116614,A.J. PADDOCK & SON LIMITED,DA3 8NZ,DA,"43210,68209",active,electrical
12055547,BUILDFORCE CM LTD,ME1 3DQ,ME,"41202,43210,43390",active,electrical
03644077,CENTRAL ELECTRICAL SERVICES (HINCKLEY) LIMITED,LE10 1SL,LE,43210,active,electrical
07025462,"SUNLIGHT RENEWABLES, ELECTRICAL, DESIGN AND FACILITIES LTD",TS1 5QY,TS,43210,active,electrical
06614458,HSC CANDELA LTD.,DA1 2EN,DA,"43210,43290",active,electrical
05741581,SQUIRES ELECTRICAL & SECURITY LTD,EX5 1DP,EX,43210,active,electrical
04454760,LANGDALE ELECTRICAL  CONTRACTORS LIMITED,RM13 9LJ,RM,43210,active,electrical
08513931,CBM GROUP LTD,AL7 1AU,AL,"43210,43220,43390",active,electrical
10977580,RESPOND ELECTRICAL SERVICES LIMITED,S11 9AZ,S1,43210,active,electrical
09220924,M ELECTRICAL WORKS LTD,WD6 1QX,WD,43210,active,electrical
11547881,GREENSTAR ENERGY LIMITED,NR32 1UR,NR,43210,active,electrical
14961410,LW ELECTRICAL AND ENVIRONMENTAL SYSTEMS LTD,PE29 1WA,PE,43210,active,electrical
03847476,TENPRO NETWORK CABLING LIMITED,WA4 2JY,WA,43210,active,electrical
13240020,GREENERAMPS LTD,M20 2YY,M2,"41100,41202,43210,74901",active,electrical
13636511,HAMPTON ASSOCIATES LIMITED,CO5 8JB,CO,43210,active,electrical
04243681,TOR ELECTRICAL (MATLOCK) LIMITED,DE4 3DL,DE,43210,active,electrical
03385420,WRENCH & CO LIMITED,CM8 2DY,CM,43210,active,electrical
12567037,CCTV INSTALLATION LTD,SW16 5NN,SW,43210,active,electrical
10126467,AJ SPARKS LIMITED,LL18 4PA,LL,43210,active,electrical
04237481,DARREN WILKINS ELECTRICAL CONTRACTORS LIMITED,BA3 3AS,BA,43210,active,electrical
10944308,ATE ELECTRICAL CONTRACTORS LIMITED,PO6 3EB,PO,43210,active,electrical
10835547,ELFIX LTD,RM15 5AS,RM,43210,active,electrical
08870490,ELSWORTH ELECTRICAL SERVICES LIMITED,WD4 8FR,WD,43210,active,electrical
14043555,VOLTECH ELECTRICAL SERVICES LTD,LU3 2NJ,LU,43210,active,electrical
12295395,SMART POWER ELECTRICAL SERVICES LIMITED,CF24 2PX,CF,43210,active,electrical
09258286,D K ELECTRICAL PROJECTS LIMITED,PO7 7SQ,PO,43210,active,electrical
08715640,KING ELECTRICAL CONTRACTING LTD,BA22 9DG,BA,43210,active,electrical
NI692095,RR TECHNICAL SERVICES LTD,BT42 2HJ,BT,"33140,43210",active,electrical
06810619,KBH INSTALLATIONS LIMITED,S25 3QX,S2,"43210,80200",active,electrical
NI698058,TC ELECTRICAL & SONS LTD,BT44 0AY,BT,43210,active,electrical
11389528,TROJAN AV LTD,EN1 4DL,EN,43210,active,electrical
SC598560,JAMIESON ELECTRICAL LIMITED,KY11 8NP,KY,43210,active,electrical
10793556,SSS ELECTRICAL LTD,SE6 2NZ,SE,43210,active,electrical
08364214,M D CUSTOM ELECTRIC LTD,EN5 5TZ,EN,43210,active,electrical
12112254,RTMHVI LIMITED,WF4 3DD,WF,43210,active,electrical
05513109,OAKFIELD ELECTRICAL LIMITED,HP10 8BB,HP,43210,active,electrical
11473858,SMALL ELECTRICAL JOBS LTD,N12 0BP,N1,43210,active,electrical
11493991,P SCHMIDT (ELECTRICAL) LIMITED,OX27 7SG,OX,43210,active,electrical
11936911,PJM ELECTRICAL LTD,BL9 6NL,BL,43210,active,electrical
15800661,BEST FITTERS LTD,LU5 5SB,LU,"43210,43220,43320,43390",active,electrical
06598760,SHAW FIRE LIMITED,CV5 7FP,CV,43210,active,electrical
13474541,RTH GROUP LTD,CM22 6QJ,CM,43210,active,electrical
06601248,M P ELECTRICAL CONTRACTORS (BERKSHIRE) LTD.,W3 0BU,W3,43210,active,electrical
09844983,ELECTRIX TWENTY 4 LTD,SM3 9UL,SM,43210,active,electrical
05949072,B.  MERRY ELECTRICAL LIMITED,E6 3RX,E6,43210,active,electrical
SC709599,J CALLAGHAN ELECTRICAL LTD,ML3 9QS,ML,43210,active,electrical
05848574,DJK ELECTRICAL CONTRACTORS LIMITED,GU21 2EP,GU,43210,active,electrical
12102307,PRG ELECTRICAL LTD,L22 1RQ,L2,"43210,43320",active,electrical
14229219,THOMPSON ELECTRICAL CORBY LIMITED,NN17 2RG,NN,43210,active,electrical
SC457893,EWF ELECTRICAL SERVICES LTD,AB51 6AR,AB,43210,active,electrical
NI656582,ZED AUTOMATION LTD,BT34 1DJ,BT,"33190,43210,43290,74100",active,electrical
07361325,T 2 DIGITAL LIMITED,BA20 1HX,BA,43210,active,electrical
14520561,GREEN DEAL ENERGY AGENTS LTD,HD2 2TN,HD,"43210,43220,43999,71122",active,electrical
09529509,GCM ELECTRICAL CONTRACTORS LTD,SP11 9NA,SP,43210,active,electrical
02075432,C.T.S. SECURITY LIMITED,PE30 4ND,PE,"43210,74909",active,electrical
13031505,UCKUL LTD,ME20 7GY,ME,43210,active,electrical
07077607,ANGLO SECURITY LTD,PR3 3XL,PR,43210,active,electrical
SC213036,MSM ELECTRICAL SERVICES LTD.,AB42 5LJ,AB,43210,active,electrical
15925809,MB ELECTRICAL LTD,CB8 8DX,CB,43210,active,electrical
12302247,GCH ENGINEERING LTD,SK6 4HD,SK,43210,active,electrical
05272446,DAVEY ELECTRICAL SERVICES LIMITED,PL27 6HB,PL,43210,active,electrical
11077424,K.S.REGAN ELECTRICAL LIMITED,CF48 2AQ,CF,43210,active,electrical
12165926,COGNITECH LTD,HU17 9BZ,HU,"43210,43220,71122,71129",active,electrical
05085680,CTE CONTRACTORS LIMITED,S70 2BB,S7,43210,active,electrical
06355541,P GOUGH ELECTRICAL LIMITED,NP44 8UA,NP,43210,active,electrical
13587647,STONEBRIDGE ELECTRICAL LTD,TS5 7BJ,TS,43210,active,electrical
13577360,TAYLOR RICHARDSON ELECTRICAL LTD,TN38 0XT,TN,43210,active,electrical
06666056,POWERFIX CONNECTIONS LIMITED,B46 1NW,B4,43210,active,electrical
12095768,CDS ELECTRICAL SOLUTIONS NW LTD,M27 4AA,M2,43210,active,electrical
13763965,HIGH TECH ELECTRICAL LTD,GL55 6BB,GL,43210,active,electrical
12316683,HL MAINTENANCE LTD,TN24 0NY,TN,"16230,43210,56302",active,electrical
SC715816,BRIAN DURKIN ELECTRICAL SERVICES LTD.,EH54 5EP,EH,43210,active,electrical
12956465,KSD ELECTRICALS LTD,EN2 6DE,EN,43210,active,electrical
02314692,SHELTEK ELECTRICAL SERVICES LIMITED,GU24 8JE,GU,43210,active,electrical
14003775,HPS ELECTRICAL CONTRACTORS LTD,LS20 8NH,LS,43210,active,electrical
10489138,LEXA GROUP LIMITED,SO14 3TJ,SO,"43210,43999",active,electrical
06741452,BUTLER ELECTRICAL LIMITED,YO17 7AA,YO,43210,active,electrical
04109414,AVON ELECTRICAL & DEVELOPMENTS LTD,CV37 7RP,CV,43210,active,electrical
11061304,CYAN CONTROLS LTD,CT20 3EF,CT,43210,active,electrical
08299090,C B ELECTRICAL & MECHANICAL SERVICES LTD,TW7 6NL,TW,"43210,43220,43290",active,electrical
14304703,TNI INSTALLATIONS LTD,PO7 6NU,PO,43210,active,electrical
12075551,POWERED ON LTD,BB9 0QY,BB,43210,active,electrical
05993921,TRIPLE A FIRE & ELECTRICAL LIMITED,BH7 6DQ,BH,43210,active,electrical
SC743031,STIRLING ELECTRICAL CONSULTANTS LIMITED,FK7 7AN,FK,43210,active,electrical
07855367,CONQUEST ELECTRICAL INSTALLATION SERVICES LTD,SS1 1EA,SS,43210,active,electrical
10855055,G J BROWN ELECTRICAL LIMITED,ME5 9FD,ME,43210,active,electrical
SC758672,VOLT ENERGY (SCOTLAND) LIMITED,G51 1PR,G5,43210,active,electrical
11044741,SPECIALISED ELECTRICAL SERVICES LIMITED,NG6 8YN,NG,43210,active,electrical
10477248,ZAR SYSTECH LTD,N16 7XB,N1,"43210,61300",active,electrical
09866688,KTECH GROUP LIMITED,RH18 5AA,RH,"43210,74909",active,electrical
13734787,APACHE ELECTRICAL SERVICES LTD,L8 4RR,L8,43210,active,electrical
04603923,SLS ELECTRICAL CONTRACTORS LIMITED,OX26 1TD,OX,43210,active,electrical
11688118,COMMSPARC LTD,RM6 5HD,RM,"43210,61100",active,electrical
11149361,JTKI LIMITED,CH62 3NX,CH,"43210,43320",active,electrical
13855049,SPARKS ELECTRICAL ESTIMATORS LTD,NE28 7QZ,NE,"43210,71122",active,electrical
12988226,RLM ELECTRICAL SERVICES LIMITED,PE29 1TS,PE,43210,active,electrical
04587667,C & S HARRIS LIMITED,SL3 8PR,SL,"43210,43220,43390",active,electrical
SC476378,LCON OFFSHORE LTD,ML3 0BP,ML,43210,active,electrical
09742482,ROB BAILEY ELECTRICAL INSTALLATIONS LIMITED,SN12 8BY,SN,43210,active,electrical
05963743,AMALFI ELECTRICAL SOLUTIONS LIMITED,WN7 3ET,WN,43210,active,electrical
SC580597,IAN BEVERIDGE ELECTRICAL SERVICES LTD,KY12 0RW,KY,43210,active,electrical
05295765,SIX SOLUTIONS LTD,DN22 9LH,DN,43210,active,electrical
11926666,J I TURNER ELECTRICAL LIMITED,CM2 0RG,CM,43210,active,electrical
15926607,713 PRODUCTIONS LTD,WS12 1AG,WS,"43210,90020",active,electrical
02659194,PROLIGHT DESIGN LIMITED,SN10 2EY,SN,"27400,43210,90030",active,electrical
12820809,RJL ELECTRICAL LIMITED,BL9 7BE,BL,43210,active,electrical
13035239,FOREST EDGE ELECTRICAL LIMITED,SP5 2JG,SP,43210,active,electrical
10355456,RBS CONTRACT SERVICES LIMITED,EC2A 4NE,EC,"43210,43220",active,electrical
13050715,SAFFRON ELECTRICAL LIMITED,CB10 2GW,CB,43210,active,electrical
08073046,I.M MAINTENANCE SERVICES LIMITED,TN15 7LX,TN,43210,active,electrical
12305582,J3-UK ENGINEERING LTD,L18 1DG,L1,43210,active,electrical
03042704,VANSTONE BUILDERS LIMITED,EX23 8NH,EX,"41100,41201,41202,43210",active,electrical
09317126,DAVID WILLIAMS LIVERPOOL LIMITED,L15 5AN,L1,43210,active,electrical
07743447,VELLEDA ENERGY LIMITED,SK10 1BX,SK,43210,active,electrical
07743794,KIRSA SOLAR LIMITED,SK10 1BX,SK,43210,active,electrical
13585044,ELEC-TECH NORTH EAST LTD,DH3 3JS,DH,43210,active,electrical
12926615,ALERT2 LTD,NG18 3EP,NG,43210,active,electrical
SC188797,WALLACE ELECTRICAL LIMITED,G2 1AL,G2,43210,active,electrical
08323523,AVW ELECTRICAL (NORTH WEST) LIMITED,CH41 5AS,CH,43210,active,electrical
14516219,RURAL ELECTRICAL SERVICES LIMITED,EN8 9SH,EN,43210,active,electrical
13918165,W SACK ELECTRICS LIMITED,SG2 8RZ,SG,43210,active,electrical
11878893,KER INTERNATIONAL LIMITED,L1 5AG,L1,43210,active,electrical
09310151,PEVIAP LIMITED,SO19 2PP,SO,"43210,43999",active,electrical
09187894,D.L.K ELECTRICAL CONTRACTORS LTD,BR1 2JU,BR,43210,active,electrical
11929229,NORTH OXON ELECTRICAL LTD,OX16 9SA,OX,"43210,43390",active,electrical
NI671114,GAS DETECTION LTD,BT2 8BG,BT,43210,active,electrical
05921980,PANTHER INTELLIGENT HOME SOLUTIONS LIMITED,B71 1BA,B7,43210,active,electrical
14637332,EEL ONSITE LTD,DA2 7SN,DA,43210,active,electrical
08294837,CREDENCE CONTRACTS LTD,N12 0BP,N1,"43210,43220,43290,43999",active,electrical
NI665550,MISKIMMONS LTD,BT63 6BS,BT,43210,active,electrical
10396494,MP ELECTRICAL (SW) LIMITED,BS23 2QZ,BS,43210,active,electrical
15086228,JNE ELECTRICAL LTD,CO9 3JE,CO,43210,active,electrical
04869227,OAS SOLUTIONS LIMITED,BL6 7AF,BL,43210,active,electrical
03229302,QUARTZ ELECTRICAL & MECHANICAL SERVICES LIMITED,TS2 1RT,TS,43210,active,electrical
06785493,MERCURY FIRE LIMITED,AL7 1JG,AL,"25120,43210,80200,84250",active,electrical
10300158,DANCO ELECTRICAL CONTRACTORS LIMITED,PO17 6LG,PO,43210,active,electrical
12839610,A SPROAT ELECTRICAL LIMITED,NE3 1YF,NE,43210,active,electrical
13758260,J4S SECURITY LTD,CV6 5LU,CV,"33140,43210,80200",active,electrical
11660023,EV-PV LTD,B74 4AG,B7,43210,active,electrical
09194486,JKL SPARKIES LIMITED,DE14 1DU,DE,43210,active,electrical
SC758898,VOLT RENEWABLES (SCOTLAND) LIMITED,G51 1PR,G5,43210,active,electrical
SC758688,VOLT CIVILS LIMITED,G51 1PR,G5,43210,active,electrical
10033331,DECORATIVE ILLUMINATION LTD,RH20 1DZ,RH,43210,active,electrical
09887031,POWERMUNKYS LTD,S70 3RU,S7,43210,active,electrical
14665147,PYRAMID CONTRACTING LIMITED,SP2 0AH,SP,"43210,43220",active,electrical
05912917,BS ELECTRICAL SERVICES (UK) LTD,IG1 3QE,IG,43210,active,electrical
10957517,ANH ELECTRICAL LTD,HX2 9TR,HX,43210,active,electrical
13728516,ZERO ELECTRICAL LIMITED,OX28 5JQ,OX,"33140,43210",active,electrical
08758457,WINSLOW ELECTRICAL SERVICES LTD,RM10 7XJ,RM,43210,active,electrical
13022249,EDISON ELECTRICAL NW LTD,OL14 6HX,OL,43210,active,electrical
09326263,AJ HAFFENDEN ELECTRICAL SERVICES LTD,ME16 9EL,ME,43210,active,electrical
SC571643,BURNS ELECTRICAL SERVICES LTD,ML8 5NF,ML,"33140,35110,35130,43210",active,electrical
12168275,TONY ROWLANDS ELECTRICAL LTD,LL49 9AP,LL,43210,active,electrical
10953473,A LEWIS ELECTRICAL LIMITED,CF11 9PJ,CF,43210,active,electrical
12124976,SHORT FUSE ELECTRICAL SERVICES LIMITED,KT13 8DH,KT,43210,active,electrical
07379090,3 CORE ELECTRICAL ENGINEERING LIMITED,HU12 9JJ,HU,43210,active,electrical
07562599,ONTOP ELECTRICAL LTD,NG8 5HQ,NG,43210,active,electrical
06307842,DCI ELECTRICAL (WALES) LIMITED,NP10 8GR,NP,43210,active,electrical
05204393,ILS ELECTRICAL INSTALLATIONS LIMITED,CM19 5LE,CM,43210,active,electrical
14295237,A J CURD ELECTRICAL LTD,BN13 2JA,BN,43210,active,electrical
11057588,D J SCOBLE COMPLETE SERVICES LIMITED,DA14 4DT,DA,43210,active,electrical
SC524985,FINESSE ELECTRICAL LTD,EH54 6PA,EH,43210,active,electrical
09868026,SHAUN JACKSON ELECTRICAL LIMITED,DN37 9RX,DN,43210,active,electrical
SC260038,CPE LIGHTING LIMITED,G13 2UN,G1,43210,active,electrical
15928188,FOORD ELECTRICAL LTD,BH23 7HU,BH,43210,active,electrical
07089417,ELEGANCE ELECTRICAL LIMITED,BS8 4DB,BS,"43210,43999",active,electrical
05219228,H.E.S HALLS ELECTRICAL SERVICES LTD,SR7 9NB,SR,43210,active,electrical
15110703,CLARKSON ELECTRICAL SERVICES LTD,PR7 4EA,PR,43210,active,electrical
12170410,LIGHTHOUSE ELECTRICAL SOLUTIONS LTD,PL7 2BW,PL,43210,active,electrical
15049918,HIGHPOST LIGHTING SERVICES LTD,SP1 2TJ,SP,43210,active,electrical
06683010,LAWSONS ELECTRICAL LIMITED,EX20 1FJ,EX,43210,active,electrical
06683368,CUNDY ELECTRICAL LIMITED,S8 8SA,S8,43210,active,electrical
11876318,SMITH & SAUNDERS ELECTRICAL LTD,IP12 2PB,IP,43210,active,electrical
05997216,MRL CONTRACTING LIMITED,SO14 3TJ,SO,43210,active,electrical
03631117,B F KEANE ELECTRICAL CONTRACTORS LIMITED,SP5 1BP,SP,43210,active,electrical
11660919,BLACK BARN ELECTRICAL LTD,CM6 2JQ,CM,43210,active,electrical
01448585,M. & C. JONES & COMPANY LIMITED,LE67 3DW,LE,43210,active,electrical
10463857,B. ECO SOURCE LTD,EN5 2DY,EN,43210,active,electrical
07445400,BLUEVISTA SOLUTIONS LIMITED,WC1N 3AX,WC,"43210,62020,90020",active,electrical
15928150,GW ELECTRICAL SOLUTIONS LTD,GL4 6PB,GL,43210,active,electrical
07026785,LTF SERVICES LIMITED,SS6 7AW,SS,43210,active,electrical
02494089,INTERLEC SERVICES (BRISTOL) LIMITED,BS13 9NQ,BS,43210,active,electrical
11074550,ELECTRIC ROAD LIMITED,WA5 2EF,WA,43210,active,electrical
14511832,INSIGNIA SERVICES LTD,B11 2JB,B1,43210,active,electrical
10937975,TRITECH SOLUTIONS SECURITY FIRE ELECTRICAL LIMITED,B62 9JT,B6,43210,active,electrical
02456127,MINERVA COMMUNICATIONS LIMITED,B61 8BA,B6,43210,active,electrical
12719557,ARDEN ELECTRICAL INSTALLATIONS LTD,B93 9HU,B9,43210,active,electrical
15924370,GOL ELECTRICAL SERVICES LTD,EN1 1JE,EN,"43210,43220",active,electrical
12909031,SM ELECTRICAL ENGINEERING LTD,S81 0JY,S8,43210,active,electrical
SC583134,SPOTT ENERGY SERVICES LTD,DD9 6DY,DD,43210,active,electrical
10501004,NORTHERN REFRIGERATION COMPANY LIMITED,OL15 0BT,OL,"18140,35130,43210,43220",active,electrical
07488896,NASM SERVICES LTD,WS14 0LZ,WS,43210,active,electrical
12869686,FF ELECTRICAL LTD,LN6 7ED,LN,"33140,43210",active,electrical
03114139,EMCOR ENERGY SERVICES LIMITED,KT6 4BN,KT,"43210,43220,43999",active,electrical
13561702,BRIGHT ELECTRIC SERVICES LTD,WD18 8WH,WD,43210,active,electrical
SC757624,NORTHERN TRACE HEATING & INSULATION LIMITED,EH33 1FA,EH,"43210,43220",active,electrical
08624011,HALLMARK NETWORKING SOLUTIONS LTD,B26 2JL,B2,"43210,96090",active,electrical
13020446,BEAM ELECTRICAL SERVICES LIMITED,CM3 5NG,CM,43210,active,electrical
12294439,JAW INDUSTRIES LTD,NP13 1PT,NP,"18129,43210,46190",active,electrical
11673075,A.OK ELECTRICAL INSTALLATION & COMPLIANCE SERVICES LIMITED,N18 1RT,N1,43210,active,electrical
14517702,RTEC - ELECTRICAL SERVICES LTD,WA8 9HT,WA,43210,active,electrical
12102957,BRADLEY ELECTRICAL CONTRACTING LTD,PR9 9RN,PR,43210,active,electrical
02546421,BRIGGS & FORRESTER SPECIAL PROJECTS LIMITED,NN2 6LZ,NN,"43210,43220",active,electrical
06978049,KEEN CONTROLS LIMITED,SG12 0XR,SG,43210,active,electrical
07342338,COTSWOLD LIGHTING COMPANY LIMITED,GL54 2QN,GL,43210,active,electrical
13747406,MERAKI RENOVATIONS LTD,SG8 7BX,SG,"41202,43210",active,electrical
15929455,INSPIRING EXCEPTIONAL PERFORMANCE LTD,WV10 8AQ,WV,"43210,70229",active,electrical
07352934,POWERPLUS SYSTEMS LTD,WN5 7XX,WN,43210,active,electrical
15929637,M FLOYD ELECTRICAL LTD,PO5 1DS,PO,43210,active,electrical
13108214,J4 ELECTRICAL LTD,S60 5RX,S6,43210,active,electrical
05046338,TOTAL FACILITIES LTD,OX16 2EW,OX,43210,active,electrical
10459736,THAMES ELECTRICAL SERVICES LTD,HP13 7JA,HP,43210,active,electrical
11075008,DJA TECHNICAL SERVICES LTD,DA12 5QT,DA,"33140,35130,43210,74100",active,electrical
09181629,C & K ELECTRICAL SUSSEX LTD,BN12 5QY,BN,43210,active,electrical
SC430745,EPT SERVICES SCOTLAND LIMITED,AB51 3QQ,AB,43210,active,electrical
14488779,POWERSURJ ELECTRICAL SERVICES LIMITED,B42 2LX,B4,43210,active,electrical
13585998,GS ELECTRICAL SOLUTIONS LTD,DA11 9LN,DA,43210,active,electrical
07364146,C S ELECTRICAL SOUTH WEST LIMITED,TR4 9LF,TR,"43210,43220",active,electrical
12586981,SW3 ELECTRICAL LTD,BR2 0JN,BR,43210,active,electrical
SC821412,CAMMO SOLAR SOLUTIONS LTD,FK1 1LL,FK,43210,active,electrical
06748991,C & C ELECTRICAL GILDERSOME LTD.,LS27 7RZ,LS,43210,active,electrical
SC742037,K.E.S KNOWLES ELECTRICAL SERVICES LTD,AB51 0AW,AB,43210,active,electrical
00786287,P.J.P.DUNBAR LIMITED,NR31 8HG,NR,43210,active,electrical
14570109,WIKA LIMITED,BR2 0HH,BR,"41201,43210",active,electrical
13806922,SPOT ON ELECTRICAL LTD,HD4 5QB,HD,43210,active,electrical
10621139,BELLE VUE ELECTRICS LTD,BH6 5DB,BH,"33140,43210,96090",active,electrical
04885354,B.E.S.T. ELECTRICAL LIMITED,NP12 1PD,NP,"43210,43290,45200",active,electrical
SC241257,ROBERT FRASER ELECTRICAL SERVICES LTD.,FK9 4BD,FK,43210,active,electrical
11229689,RND ELECTRICAL SERVICES LTD,HD2 1YY,HD,"43210,43220",active,electrical
13802508,H.E.B ELECTRICAL LTD,TN23 3ST,TN,43210,active,electrical
05218609,SITE RESPONSE SERVICES LIMITED,NP19 0AR,NP,43210,active,electrical
05202579,DAY INTERIORS & PROPERTY MAINTENANCE LIMITED,SG17 5PG,SG,43210,active,electrical
11505788,TARNS ELECTRICAL LTD,DL12 0BD,DL,43210,active,electrical
12849666,GREENHITHE ELECTRICAL SERVICES LTD,DA1 1JN,DA,"41202,43210",active,electrical
09435404,MJ CONNECTED LTD,SE5 0BD,SE,43210,active,electrical
13585713,WHITTEN LTD,N21 1HS,N2,43210,active,electrical
06509378,J.S. ELECTRICAL SERVICES (UK) LIMITED,DE7 4AW,DE,43210,active,electrical
12802175,PHE NW LTD,PR1 5EZ,PR,"43210,43220",active,electrical
08985050,AO'S ELECTRICALS LTD,UB6 9RS,UB,"43210,71129,71200",active,electrical
08053531,ALYN THOMPSON ELECTRIAL SERVICES LIMITED,PE27 3DU,PE,43210,active,electrical
15022606,MW ELECTRICAL INSTALLATIONS LIMITED,TS17 9BW,TS,43210,active,electrical
15931781,PRACTICAL SPARK LTD,AL2 1LW,AL,43210,active,electrical
13832430,AJG SERVICES LTD,NP19 8BE,NP,"16230,43210,43220,43341",active,electrical
SC718242,MCES ELECTRICAL LTD,G72 8WR,G7,43210,active,electrical
14677341,N C ELECTRICAL (DERBYSHIRE) LTD,SK23 7HR,SK,43210,active,electrical
SC517252,PRATT BROS (EXHIBITIONS) LIMITED,EH28 8NF,EH,43210,active,electrical
15088679,TREDANEL ELECTRICAL LTD,TR13 8RB,TR,43210,active,electrical
15030739,REACH ELECTRICAL LTD,LS17 6LN,LS,43210,active,electrical
SC640383,NELSON TECHNICAL SERVICES LTD,G69 6EH,G6,43210,active,electrical
12367137,AJJ ELECTRICAL LTD,CT5 3LE,CT,43210,active,electrical
04180895,HARLEY ELECTRICAL LIMITED,BH14 8UF,BH,43210,active,electrical
09074888,C A M ELECTRICAL CONTRACTORS LIMITED,CM19 5BN,CM,43210,active,electrical
15932172,ASHLAR ELECTRICAL LIMITED,L33 7TW,L3,43210,active,electrical
10943358,LJSE SERVICES LIMITED,SS14 3JJ,SS,43210,active,electrical
11731837,CSR ELECTRICAL SERVICES LIMITED,S63 7LL,S6,43210,active,electrical
05204556,POTTERIES ELECTRICAL CONTRACTORS LIMITED,ST8 6QJ,ST,43210,active,electrical
14270354,EVOLTLUTION ELECTRICAL CONTRACTORS LTD,WD6 1NL,WD,43210,active,electrical
10304646,3S ELECTRICAL (UK) LTD,SO40 7GR,SO,43210,active,electrical
06693507,HOOT FIRE & SECURITY LIMITED,NG17 8BY,NG,43210,active,electrical
15931643,DUOGAS SERVICES LIMITED,DH7 8QN,DH,"33190,43210,43220,95220",active,electrical
05696882,T J ELECTRICAL LIMITED,BR2 7EH,BR,43210,active,electrical
09221854,M. READ ELECTRICAL LTD,SO50 9SS,SO,43210,active,electrical
13580215,AMD PROPERTY MAINTENANCE LTD,SN11 8AH,SN,"41100,43210",active,electrical
02820813,ETON ASSOCIATES LIMITED,EC3A 8BF,EC,"43210,43220,43290",active,electrical
03630163,D R ELECTRICAL SOLUTIONS LIMITED,RG31 5DL,RG,43210,active,electrical
13492112,SOUTH MANCHESTER INSTALLATIONS AND AUTO ELECTRICS LTD,M22 4JP,M2,43210,active,electrical
10512761,AME SOUTH LIMITED,SO50 6BF,SO,43210,active,electrical
14461067,ELQ ENERGY SOLUTIONS LTD,RG41 3TS,RG,"43210,46140,63990",active,electrical
11516906,IMPERIUM ELECTRICAL CONTRACTORS LTD,NR31 0NL,NR,43210,active,electrical
14615626,APEX LONDON GROUP (MAINTENANCE) LTD,W1T 5DB,W1,"33140,43210",active,electrical
13256358,LJF ELECTRICAL SERVICES LTD,NR26 8PZ,NR,43210,active,electrical
10877816,NAMI CONSTRUCTION LTD,RM8 3AS,RM,"41202,43210,43220,43290",active,electrical
12854495,CALEB&TYLER SERVICES LTD,W9 3NG,W9,"43210,52290",active,electrical
07128884,DOCTOR SPARKY LIMITED,TW9 2JA,TW,43210,active,electrical
04962654,PEARSON PROJECTS LIMITED,L23 3AT,L2,43210,active,electrical
15785413,RBMELECTRICAL LTD,CT9 1LB,CT,43210,active,electrical
NI608199,LIVESIDE LIMITED,BT47 3HX,BT,43210,active,electrical
04644602,LUNTSTONE LIMITED,CH6 5RR,CH,43210,active,electrical
04725938,SOUTH ELECTRICAL LIMITED,DN11 8QA,DN,43210,active,electrical
12840253,VIVO ELECTRICAL LTD,HU17 7JE,HU,43210,active,electrical
15935174,JTH SERVICES(NORTH EAST) LTD,NE28 0QN,NE,43210,active,electrical
12186205,BIG WILL ELECT LTD,MK12 5LJ,MK,43210,active,electrical
06477532,S L ELECTRIC SERVICES LIMITED,LS11 8HA,LS,43210,active,electrical
NI700837,MYFITNESSFLOW LIMITED,BT25 2NG,BT,"43210,62012",active,electrical
10682905,RST ELECTRICAL ENGINEERING & CONTRACTING LTD,WS4 1NH,WS,43210,active,electrical
09156782,CMM BUILDING SERVICES LIMITED,BS30 7SE,BS,43210,active,electrical
01246022,DOBSON & SURREY LIMITED,NE30 2AY,NE,43210,active,electrical
14724861,MP DYNAMICS LTD,CF32 9GH,CF,"43120,43210,43290,43910",active,electrical
NI616269,JKC ELECTRICS LTD,BT44 9DQ,BT,43210,active,electrical
05939812,TOTAL ELECTRIC SOLUTIONS LIMITED,BR6 8QE,BR,43210,active,electrical
12484521,INVISTA ELECTRICAL SERVICES LTD,SG6 1HX,SG,43210,active,electrical
NI720708,CMC ELECTRICAL SERV LTD,BT54 6QB,BT,43210,active,electrical
04533021,M.J. LOVERIDGE LIMITED,GL1 2EH,GL,43210,active,electrical
04518556,ASTRAL ELECTRICAL LIMITED,BL3 3RE,BL,43210,active,electrical
05523583,FOREST ELECTRICAL ENGINEERING LIMITED,NG15 0AJ,NG,43210,active,electrical
12838848,ROMTECH ELECTRICAL LTD,DA1 2EN,DA,43210,active,electrical
15081266,TRINITY LOGISTICS AND COMMUNICATION LTD,WS9 0JB,WS,43210,active,electrical
04286645,BRIGHTS (ELECTRICAL SERVICES) LIMITED,TQ3 3GA,TQ,43210,active,electrical
05605832,CRADAN ELECTRICAL LIMITED,NG4 4PL,NG,43210,active,electrical
10735057,E & L ENGINEERING LIMITED,PO22 9NH,PO,"43210,71200",active,electrical
SC743406,DALL ELECTRICAL LIMITED,ML7 5NJ,ML,43210,active,electrical
08527077,FIRST RATE ELECTRICAL LTD,WS12 2FY,WS,43210,active,electrical
08979748,SAA ELECTRICAL SERVICE LIMITED,CF5 2SB,CF,43210,active,electrical
07038550,IMPACT DATA SOLUTIONS LIMITED,WD6 4PJ,WD,"43210,62090",active,electrical
NI620762,SELECT ELECTRICAL & SECURITY SERVICES LTD,BT47 2LA,BT,43210,active,electrical
13569062,BC ELECTRICAL & TELECOMMUNICATIONS LIMITED,OX12 7GG,OX,43210,active,electrical
08670342,ALL ELECTRIC CONTRACTORS LTD,CH4 0DH,CH,43210,active,electrical
15064362,RYAN REYNOLDS LTD,NE9 6PZ,NE,"43210,43999",active,electrical
NI649680,PFM ELECTRICS LIMITED,BT43 7LX,BT,43210,active,electrical
07558222,ELECTROSAFE POWER LTD,TR7 3BJ,TR,43210,active,electrical
03555767,RTE ELECTRICAL ENGINEERS LIMITED,CA13 0HT,CA,"33140,33200,43210",active,electrical
14596980,COLVETTA ELECTRICAL LTD,BS13 7QR,BS,43210,active,electrical
08806435,THORNDYKE ELECTRICAL LTD,CM77 7UE,CM,43210,active,electrical
13547101,MIB ELECTRICAL SOLUTIONS LTD,M21 0XQ,M2,"42220,43210",active,electrical
04888515,BRIAN CURTIS LIMITED,SS9 2QH,SS,43210,active,electrical
13583593,REDEFINED ELECTRICAL & RENEWABLES LTD,SO53 4SA,SO,43210,active,electrical
14989539,AVHD LTD,LU5 4JY,LU,43210,active,electrical
SC020812,AIRD WALKER & RALSTON LIMITED,KA1 5LA,KA,43210,active,electrical
09383863,RENEW ELECTRICAL LIMITED,CW9 8SE,CW,43210,active,electrical
09297829,MTFW ELECTRICAL LTD,NG11 6DT,NG,43210,active,electrical
15867629,THAMESIDE CONTROLS LIMITED,DA11 9JW,DA,43210,active,electrical
14317353,R SQUARED ELECTRICAL LTD,KT21 2FD,KT,43210,active,electrical
08677634,NORTH EAST INSTALLATIONS LIMITED,NE12 9UP,NE,43210,active,electrical
13537942,JADE M&E SERVICES LIMITED,CM13 2JA,CM,"43210,43220,74902",active,electrical
15935518,BEST ELECTRICAL AND RENEWABLES LIMITED,SG1 2BW,SG,43210,active,electrical
06852023,PORTER ELECTRICAL SERVICES (UK) LIMITED,NE28 8LB,NE,43210,active,electrical
15936273,ADL ELECTRICAL (NW) LTD,L34 1QL,L3,43210,active,electrical
13137976,J.L.B. ELECTRICAL CONTRACTOR (CAMBRIDGE) LTD,CB24 1BS,CB,43210,active,electrical
12193801,NORFOLK ELECTRICAL AND TESTING LTD,NR6 7LR,NR,43210,active,electrical
09203900,PK ELECTRICAL MAINTENANCE LTD,PR7 5TW,PR,43210,active,electrical
12780172,EMMASTEN ELECTRICAL LIMITED,TN24 0HS,TN,43210,active,electrical
03112316,VEAR M & E SERVICES LIMITED,SO16 0AJ,SO,"43210,43220",active,electrical
06263037,SHEPHERD ELECTRICAL LIMITED,BR5 2HE,BR,43210,active,electrical
07338915,IC FURNITURE LIMITED,CV34 4AP,CV,43210,active,electrical
15093485,MERLIN A V LIMITED,OX14 5HE,OX,43210,active,electrical
14283051,LP ELECTRICIAN EXCELLENCE LTD,N14 6LN,N1,43210,active,electrical
08821822,PC ELECTRICAL SERVICES (N.E.) LIMITED,NE34 8TY,NE,43210,active,electrical
12839392,C COOK ELECTRICAL LIMITED,IP14 1JA,IP,43210,active,electrical
12507807,FUSETEC ELECTRICAL LTD,SG12 0XR,SG,43210,active,electrical
12168650,B'SPARK'S ELECTRICAL SERVICES LIMITED,N14 6HF,N1,"43210,43999,82990",active,electrical
14313705,ELBIS ELECTRICAL LTD,DT11 0TG,DT,43210,active,electrical
06702152,XTREME ELECTRICAL CONTRACTORS LIMITED,NG19 0QP,NG,43210,active,electrical
15018897,"OAKRAY ELECTRICAL, FIRE & SECURITY LTD",EN2 9DY,EN,43210,active,electrical
09917211,DATA AND WIRELESS LTD,ME16 8BT,ME,43210,active,electrical
11515639,LIGHTWAY FOR LIFE LTD,GU6 8ND,GU,"41201,43210,43390,81100",active,electrical
SC140942,MILLAR ELECTRICS LIMITED,KA18 4PQ,KA,43210,active,electrical
14533296,NUA ELECTRICALS LIMITED,LU2 7PD,LU,43210,active,electrical
14798749,CHEDELEC LIMITED,CT6 7BJ,CT,43210,active,electrical
06952091,INFINITY ELECTRICITY LTD.,GU14 8RY,GU,43210,active,electrical
12799932,MR-CONSTRUCTIONBUILDING LTD,TW8 9AA,TW,"41202,43110,43210,43220",active,electrical
11811046,JUDGE ELECTRICAL SOLUTIONS LTD,DN22 7WQ,DN,43210,active,electrical
03715119,SECURLEC LIMITED,FY2 0DJ,FY,43210,active,electrical
10393653,SEE RAIL PLC,IG6 3UT,IG,43210,active,electrical
15025218,REVOLUTION CONTRACTS LIMITED,DH8 5YH,DH,43210,active,electrical
09620280,TNS CONTRACTORS LTD,SS1 1PJ,SS,"43210,43220,43290",active,electrical
09207179,E D M ELECTRICAL LIMITED,CF14 1RG,CF,43210,active,electrical
SC809787,HANDYCHARGE LIMITED,G2 4TP,G2,43210,active,electrical
12496413,LONDON SURREY ELECTRICAL SERVICES LIMITED,KT3 3RJ,KT,43210,active,electrical
14305408,MIDLANDS SOLAR INSTALLATIONS LTD,WV11 2BE,WV,43210,active,electrical
08650720,STANTON & STUBBS LTD,IP21 4ED,IP,43210,active,electrical
04285264,SHEARING ELECTRICAL LIMITED,BH3 7NG,BH,43210,active,electrical
06995448,J PATERSON ELECTRICAL LTD,GL3 4ER,GL,43210,active,electrical
SC741929,LAVERY18 SOLUTIONS LTD,G76 7XZ,G7,43210,active,electrical
13248465,GREEN WAVE SERVICES LIMITED,LA2 6ND,LA,43210,active,electrical
05195669,DETECTION SOLUTIONS LIMITED,DN16 2RR,DN,43210,active,electrical
13537425,A & Z ELECTRICAL LIMITED,BD21 1RH,BD,43210,active,electrical
09190691,FAULTLESS INSTALLATIONS LTD,TN13 2RY,TN,43210,active,electrical
12241500,W M WILSON AUTO ELECTRICAL SERVICES LTD,TN13 2RY,TN,43210,active,electrical
15933501,DH ELECTRICAL (STAFFORDSHIRE) LTD,ST21 6FA,ST,43210,active,electrical
13581211,JAMESWITT ELECTRICAL LTD,EN8 9DN,EN,43210,active,electrical
05892814,AES (ANGEL ELECTRICAL SERVICES) LTD,OX15 4TA,OX,43210,active,electrical
12342778,ESS & SOLAR SOLUTIONS LIMITED,E6 1BF,E6,"43210,47910,74100",active,electrical
07687930,JON R ELECTRICAL LIMITED,BR7 5AN,BR,43210,active,electrical
12097908,SOLAR ELECTRICAL LTD,N3 1YH,N3,43210,active,electrical
10893422,DATA & ELECTRICAL SERVICES LIMITED,RH10 1HT,RH,43210,active,electrical
03369448,BEADEN POWERLEC LIMITED,WS9 0PR,WS,43210,active,electrical
11443360,SKYSCAPE GROUP LTD,N1 7GU,N1,43210,active,electrical
14767228,JAC ELECTRICAL SYSTEMS LTD,RG21 8UQ,RG,43210,active,electrical
SC616008,APF M AND E SERVICES LIMITED,IV30 6AL,IV,"43210,43220",active,electrical
10973167,ZK LIGHTING & ELECTRICAL LIMITED,N13 4PN,N1,43210,active,electrical
10038866,C8 ELECTRICAL SERVICES LTD,RG10 9RD,RG,43210,active,electrical
12458284,WILLINGHAM ELECTRICAL LTD,EN1 4SB,EN,43210,active,electrical
13111804,MATHEW THOMAS LTD,SK7 2DH,SK,43210,active,electrical
07155678,HILTON CANNON ELECTRICAL LTD,NG5 7DS,NG,43210,active,electrical
15938763,LIGHT LIFE ELECTRICAL LTD,LU7 4TP,LU,43210,active,electrical
12593616,MCN GROUP LIMITED,SG1 6BX,SG,"41201,41202,43210",active,electrical
06653713,HELLIWELL & MOTT LIMITED,S80 3JG,S8,"01110,43210",active,electrical
09453923,E7 ELECTRICAL LTD,E1 5JL,E1,"43210,96090",active,electrical
12849210,PTC ELECTRICAL SOLUTIONS LTD,LU2 7GE,LU,43210,active,electrical
07357013,TEESDALE ELECTRICAL SERVICES (LINCS) LIMITED,LN13 9BB,LN,43210,active,electrical
04697418,M M CONTRACTS LIMITED,NE15 7RD,NE,43210,active,electrical
13583697,COASTAL MECHANICAL SERVICES LTD,BN22 8PW,BN,"43210,43220",active,electrical
13570558,VEROHM ELECTRICAL LTD,WC2A 2JR,WC,43210,active,electrical
13982923,AMPERIO SERVICES LIMITED,GU9 7PT,GU,"43210,71122,71129,82990",active,electrical
SC752409,PAMAC SERVICES LTD,G72 0WT,G7,"43210,43290",active,electrical
10862835,ALPHA ELECTRICAL CONTRACTING LTD,GU52 8AZ,GU,43210,active,electrical
04978033,A.T. BUTLER LIMITED,LA1 1RH,LA,"43210,96090",active,electrical
09134795,X L ELECTRICAL WOLVERHAMPTON LIMITED,WV11 1SR,WV,"33140,41202,43210,71200",active,electrical
11931694,ARTEC FACILITIES SERVICES LTD,LN8 2DD,LN,43210,active,electrical
04282079,BROOKS ELECTRICAL CONTRACTORS LIMITED,HG3 4BJ,HG,43210,active,electrical
02964844,INTEGRATED UTILITY SERVICES LIMITED,NE1 6AF,NE,43210,active,electrical
14646876,TECHMARX (ELECTRICAL CONTRACTORS) LTD,NE28 6EQ,NE,43210,active,electrical
15941175,CORD ELECTRICS LTD,ST5 3RU,ST,43210,active,electrical
10955933,G RAO CONSTRUCTION LTD,RM10 9XS,RM,"41100,41202,43210,43290",active,electrical
11199788,TECH ELECTRICAL SOLUTIONS LTD,TN25 7GX,TN,43210,active,electrical
09559027,EDWARDS ELECTRICAL (IPSWICH) LTD,IP1 4LS,IP,43210,active,electrical
10956687,INTEGRUM POWER ENGINEERING LTD,SK3 8AB,SK,"43210,71129",active,electrical
10879393,ALEX&CO LTD,HA3 9BX,HA,"41100,43210",active,electrical
15943866,DIGITALRETAILPREVIEW LTD,NW11 6DX,NW,43210,active,electrical
14937205,AJB ELECTRICAL (NORTH WEST) LIMITED,PR3 3JP,PR,43210,active,electrical
SC646476,JOHN STEWART ELECTRICAL SERVICES LTD,IV30 6GZ,IV,43210,active,electrical
08761829,B POSTLE LIMITED,DL5 6QD,DL,43210,active,electrical
04332738,J. ELECTRICAL UK LIMITED,B45 9TA,B4,43210,active,electrical
15942448,GOODE ELECTRICAL LTD,WS10 9BZ,WS,43210,active,electrical
14272182,ALLEN HALL LTD,SK16 5LU,SK,43210,active,electrical
11943766,ECO LIGHTING SOLUTIONS UK LTD,LS21 1RS,LS,43210,active,electrical
14564788,WIREWISE LTD,IP7 6ND,IP,"43210,43390,71122",active,electrical
13115030,SA KHAN CONSULTANCY LTD,IG1 4NH,IG,43210,active,electrical
10559400,MASON JOINTING SOLUTIONS LIMITED,LE18 4UA,LE,43210,active,electrical
SC262977,THOMSON ELECTRICAL & BUILDING SERVICES LIMITED,DD4 0PP,DD,43210,active,electrical
11965804,N L ELECTRICAL & MAINTENANCE LIMITED,SS9 1SP,SS,43210,active,electrical
06587131,NORTHANTS ELECTRICAL SERVICES LTD,NN3 5BS,NN,43210,active,electrical
15076616,O & M ELECTRICIANS AND REFURBISHMENT LIMITED,WC2H 9JQ,WC,"41202,43210,43220,96090",active,electrical
00992133,R. FORREST LIMITED,LA15 8RH,LA,"43210,47430",active,electrical
15942213,BWS ELECTRICAL SERVICES LTD,NN3 7BY,NN,"43210,43290",active,electrical
14320530,QUANTEC SERVICES LTD,DY9 0YH,DY,43210,active,electrical
11154487,INFINITY RENEWABLES GROUP LTD.,RH10 1JH,RH,"43210,43220",active,electrical
13588768,LR ELECTRICAL SOLUTIONS LTD,BS16 6LG,BS,43210,active,electrical
09154857,DENS ELECTRICAL SERVICES LTD,RM8 1BT,RM,43210,active,electrical
13532644,HANDY DAD LTD,SP11 0ND,SP,"41202,43210,43310,43390",active,electrical
07913070,STEVE BROCKBANK LIMITED,LA23 1BW,LA,43210,active,electrical
15054464,GREEN NRG SOLUTIONS LIMITED,RG4 9SJ,RG,43210,active,electrical
15943573,SABLE BUILDING INDUSTRIES LTD,WC2H 9JQ,WC,"43210,77390,78109,78200",active,electrical
15943725,A13EAVS LIMITED,WD17 4PT,WD,43210,active,electrical
15943763,PREMIER ELECTRICAL RENEWABLES LTD,WF9 4PU,WF,43210,active,electrical
10366830,APPROVED LDR ELECTRICAL LTD,BD13 5JL,BD,43210,active,electrical
07471465,LA ZOUCH LIMITED,LE65 2LF,LE,43210,active,electrical
12381992,LIVE CIRCUIT ELECTRICAL LTD,BD9 4EY,BD,"43210,85310,85590",active,electrical
11251743,CONNECTED SYSTEM SOLUTION UK LTD,W1W 5PF,W1,"33140,42220,43210,61100",active,electrical
15942155,VISUCAM LTD,FY5 2WE,FY,43210,active,electrical
12155268,P.W.S. EVENT ELECTRICS LTD,HG3 8LB,HG,43210,active,electrical
12440812,SW ELECTRICAL AND RENEWABLE SOLUTIONS LTD,TF12 5DZ,TF,43210,active,electrical
07752434,IGNITE HEATING AND COOLING LTD,NR31 7LU,NR,43210,active,electrical
SC080852,BOYD BROTHERS (FAULDHOUSE) LIMITED,EH54 8SL,EH,43210,active,electrical
15943903,RSE (MIDLANDS) LTD,CV37 0HN,CV,"43210,43290,71129",active,electrical
04979818,DISCDAY LIMITED,NN7 4LS,NN,43210,active,electrical
09887384,FLEET ELECTRICAL GROUP LIMITED,NP22 4EH,NP,43210,active,electrical
13590820,ELHAM VALLEY ELECTRICS LTD,CT4 6QH,CT,43210,active,electrical
10363687,HIGHBANK HEATING LIMITED,SK6 3AU,SK,"43210,43220,43310,43320",active,electrical
09921582,PAUL SMALE ELECTRICAL SERVICES LTD,OX11 8AE,OX,43210,active,electrical
11522985,DBP ELECTRICAL LIMITED,RM14 2AP,RM,43210,active,electrical
14538003,HELIA RENEWABLES LIMITED,TN38 9PU,TN,43210,active,electrical
14286190,AKPS SOLUTIONS LTD,M3 1HE,M3,"41202,43210,43220,43390",active,electrical
02414601,LANCASHIRE DOUBLE GLAZING LIMITED,PR1 7NL,PR,"20600,43210",active,electrical
08845664,AW ELECTRICAL (SUSSEX) LTD,RH13 0RH,RH,43210,active,electrical
09914046,OSEDUMME LIMITED,SE18 5QW,SE,43210,active,electrical
SC752812,MCLEAN ELECTRICAL SERVICES LTD,G69 0HH,G6,43210,active,electrical
12775285,PETA ELECTRICAL LTD,EX15 1AZ,EX,43210,active,electrical
11428879,A&C COMMUNICATIONS LTD,NN4 0SG,NN,43210,active,electrical
15946681,ENHANCE ELECTRICAL SOLUTIONS LTD,TN11 0LT,TN,43210,active,electrical
NI663394,RAMOS FERREIRA UNITED KINGDOM LIMITED,BT9 7EW,BT,43210,active,electrical
15103525,RCM ELECTRICAL LTD,LS25 7HU,LS,43210,active,electrical
SC709068,GDF ELECTRICAL INSPECTION LTD,AB41 8AJ,AB,43210,active,electrical
SC822204,RBKL LIMITED,G22 7RN,G2,"33140,43210",active,electrical
05377672,ALB BUILDING SERVICES LTD,N12 9DA,N1,"43210,43220,43330",active,electrical
13534081,SACH ELECTRICAL LIMITED,E4 6RF,E4,43210,active,electrical
11545490,DEARMAN ELECTRICAL LIMITED,SG8 9AW,SG,43210,active,electrical
01158672,E.I.M. (LONDON) LIMITED,KT9 2DY,KT,43210,active,electrical
04490689,WOOD INTEGRATED BUILDING SERVICES LIMITED,PR2 2DX,PR,43210,active,electrical
07764962,RCR ELECTRICAL SYSTEMS LIMITED,GU15 3HQ,GU,43210,active,electrical
09671508,WEMS ELECTRICAL LIMITED,SM5 2DU,SM,43210,active,electrical
11527136,CJE FIRE & SECURITY LTD,DY6 9SE,DY,"43210,43290,80200,84250",active,electrical
15149157,DAN AND SONS ELECTRICAL LTD,HA8 6AL,HA,43210,active,electrical
04505678,P & P ELECTRICAL LTD,RH10 6HZ,RH,43210,active,electrical
14541932,S.TAYLOR ELECTRICAL LIMITED,HP5 2BS,HP,43210,active,electrical
SC780855,RJC ELECTRICAL CONTRACTING LTD,PH1 1JW,PH,43210,active,electrical
05658741,JDS SERVICES LIMITED,NR16 1JE,NR,43210,active,electrical
04729971,V-LECTRIC LIMITED,B79 7JS,B7,43210,active,electrical
15092613,FIRMUS ELECTRICAL CONTRACTORS LIMITED,SS16 4JA,SS,"43210,96090",active,electrical
10923341,MARRINER ELECTRICAL SERVICES LTD,ME14 5SF,ME,43210,active,electrical
SC630716,URBAN ELECTRICAL ABERDEEN LTD,AB22 8XR,AB,43210,active,electrical
08794671,BRS ELECTRICAL LTD,DN22 7HJ,DN,43210,active,electrical
15924566,PR MECHANICAL SERVICES (IRL) LIMITED,WC2H 9JQ,WC,"42910,43210,43220,43290",active,electrical
14516926,SK BUILDING & ELECTRICAL LTD,SS11 8YB,SS,"41100,43210",active,electrical
12771524,RICHARD JONES PLUMBING AND HEATING LTD,CF43 4SE,CF,"43210,43220",active,electrical
05760073,SUNLEC INTERNATIONAL LTD,B91 3DL,B9,"43210,43999",active,electrical
14323877,IONS ELECTRICAL LIMITED,RH10 8HR,RH,43210,active,electrical
NI628050,TULLYBRIDGE ELECTRICAL LTD,BT35 9NA,BT,43210,active,electrical
12355886,HIGHWIRE RA LTD,TS21 4BN,TS,43210,active,electrical
15924759,SIGMA PROJECTS LTD,LL55 1BA,LL,"41201,41202,43210,43220",active,electrical
SC682275,VORTEX ELECTRIC LIMITED,PA15 1EJ,PA,43210,active,electrical
06477772,MORTLAKE ELECTRICAL CONTRACTORS LIMITED,CO15 3JA,CO,43210,active,electrical
13767024,PV ELECTRICAL & ENERGY SERVICES LTD,NN4 6RW,NN,43210,active,electrical
11054488,ABZ INSTALLATIONS LTD,SM5 3AY,SM,"43210,43999",active,electrical
02464685,LONDON ELECTRICAL CONTRACTORS LIMITED,ME16 9NT,ME,43210,active,electrical
11928655,INFINITI INTEGRATION LTD,MK19 6AN,MK,"43210,43290",active,electrical
15924972,MH ELECTRICS LIMITED,E17 5BX,E1,43210,active,electrical
15948301,GUK SOLUTIONS LTD,E17 6JG,E1,43210,active,electrical
06375433,COTTONS ELECTRICAL LIMITED,SY14 7AL,SY,43210,active,electrical
03427453,RES GROUP LIMITED,HU4 7DY,HU,"43210,43290,43320",active,electrical
07024477,COTTONS REFRIGERATION LIMITED,SY14 7AL,SY,43210,active,electrical
04902835,S J BRIGHTMORE LIMITED,LE9 4FP,LE,43210,active,electrical
12189182,ZENNIO UK LIMITED,BS8 4HU,BS,43210,active,electrical
NI701342,JR ELECTRICAL & PLASTERING LTD,BT67 0LE,BT,"43210,43310",active,electrical
14384490,R&Q ELECTRICAL CO LTD,NR6 6HE,NR,43210,active,electrical
07369547,P.D.S ELECTRICAL LIMITED,DY13 8UJ,DY,43210,active,electrical
14716205,TRADETECH HOME SERVICES LIMITED,NR19 1WD,NR,"43210,43220,43290",active,electrical
07011907,THE ENERGY SMART GROUP LIMITED,S25 3QB,S2,"43210,43220",active,electrical
15949157,EDGE BUILDING MAINTENANCE LTD,GL2 4LB,GL,"43210,43220",active,electrical
13420112,AL JOINTING SERVICES LTD,DH1 1TW,DH,43210,active,electrical
07347402,DAC ELECTRICAL LIMITED,SK10 1EQ,SK,43210,active,electrical
04682585,THE ELECTRIC MAN LIMITED,SA31 2NY,SA,43210,active,electrical
06026110,A S K PROPERTY CONSTRUCTION LIMITED,WS3 2BD,WS,43210,active,electrical
15948011,RJM BUILDING SERVICES LIMITED,PO38 1EJ,PO,"43210,43310,43320,43390",active,electrical
15948007,DHE MIDLANDS LIMITED,NG16 3PA,NG,43210,active,electrical
12059386,ACCESS ELECTRICAL TECHNIQUES LTD,FY3 9AA,FY,"43210,43999",active,electrical
10900011,CSM LONDON HOLDINGS LTD,CM15 9RP,CM,43210,active,electrical
08326023,BLADE ELECTRICAL LTD,CM8 1HT,CM,43210,active,electrical
04067385,P. J. BARWICK ELECTRICAL SERVICES LTD,SM6 9PF,SM,43210,active,electrical
12691035,AV ELECTRICAL & PROPERTY SOLUTIONS LIMITED,SO19 9DY,SO,43210,active,electrical
14509625,E P ELECTRICAL LTD,TD15 1TQ,TD,43210,active,electrical
SC709215,STELLAR TESTING AND INSPECTION LIMITED,G53 7HE,G5,43210,active,electrical
05841477,G C ELECTRONICS LIMITED,LS25 5DR,LS,"33140,43210",active,electrical
05277329,ANDERSON SECURITY & EMERGENCY SYSTEMS LIMITED,CO5 0QE,CO,43210,active,electrical
08428434,MC ELECTRICAL SERVICES (LEICESTER) LTD,LE19 4SA,LE,43210,active,electrical
10337336,STEVE COE SERVICES LIMITED,CR0 0XZ,CR,43210,active,electrical
06775442,DISC ELECTRICAL LTD,CH62 3QG,CH,43210,active,electrical
06860838,SIMCOTT ELECTRICAL LTD,CM8 2TL,CM,43210,active,electrical
13606802,CHELLASTON RENEWABLES LIMITED,DE73 6WT,DE,"43210,43220",active,electrical
08769020,MAK ELECTRICAL SOLUTIONS LTD,KT1 4AS,KT,43210,active,electrical
SC747016,RAMSEY ELECTRICAL SERVICES LIMITED,EH21 7PQ,EH,43210,active,electrical
10945620,WEPRE LIMITED,CH5 4GP,CH,43210,active,electrical
12754725,LOVE AUTOMATION LTD,N6 5JX,N6,43210,active,electrical
06368470,HARPHAM ELECTRICAL LIMITED,NG17 1FE,NG,43210,active,electrical
09293084,S-COMPLEX LTD,DE24 8AA,DE,"26511,43210,43220,81222",active,electrical
07215562,MACHIN ELECTRICAL (SERVICES) LTD,SY1 1XF,SY,43210,active,electrical
12103279,TRACE ELECTRICAL LIMITED,CM19 5BN,CM,43210,active,electrical
10945599,IAN LEECH ELECTRICAL CONTRACTOR LIMITED,LL13 9PB,LL,43210,active,electrical
15952629,LEX ELECTRICAL CONTRACTORS LTD,AL1 5NF,AL,43210,active,electrical
05816223,J.V.G. ELECTRICAL SERVICES LIMITED,OL14 8SE,OL,43210,active,electrical
07564613,DARVILL ELECTRICAL LIMITED,HX5 0EE,HX,43210,active,electrical
08838488,SAMI IMAM ELECTRICAL LIMITED,M2 7AQ,M2,43210,active,electrical
02710367,METRICAB POWER ENGINEERING LIMITED,RH13 6QE,RH,43210,active,electrical
11529787,LUKE BURROWS ELECTRICAL LIMITED,NG5 6LJ,NG,43210,active,electrical
10937078,S GRICE ELECTRICAL LIMITED,PR2 3XD,PR,43210,active,electrical
05227648,RED UTILITIES LIMITED,PR7 1UU,PR,43210,active,electrical
14300378,H&S ELECTRICAL AND RENEWABLES LTD,WA2 8RU,WA,43210,active,electrical
15951880,AAE ELECTRICAL LTD,LD7 1LD,LD,43210,active,electrical
11567682,LB MULTI TRADE SERVICES LIMITED,ME9 7JG,ME,"42120,43210,43290",active,electrical
04617375,PLAN-IT ELECTRICAL SERVICES LIMITED,SK8 3ED,SK,43210,active,electrical
07322625,WIRED ONLINE LTD,MK10 9BP,MK,43210,active,electrical
11714493,GOODFELLOW ELECTRICAL SOLUTIONS LTD,DT1 1PW,DT,43210,active,electrical
04037335,NEUROSYSTEMS LIMITED,NG16 2HS,NG,43210,active,electrical
SC822438,GH ELECTRICAL CONSULTING LTD,DG1 3SJ,DG,"43210,70229",active,electrical
SC058942,H. MEANEN (ELECTRICAL SERVICES) LIMITED,G73 1SX,G7,43210,active,electrical
12851597,HEAD ELECTRICAL SERVICES LTD,PL1 3JY,PL,43210,active,electrical
11080707,LEE HARRIS ELECTRICAL LTD,CM21 9JP,CM,43210,active,electrical
15107860,PWP BUILDING SERVICES (HOLDINGS) LIMITED,NG5 1AY,NG,43210,active,electrical
05791703,RJB ELECTRICAL CONTRACTORS LIMITED,NN13 7ES,NN,43210,active,electrical
13098266,JZ ELECTRICAL INSTALLATIONS LTD,N13 4XS,N1,43210,active,electrical
08763173,JOEGLOW SERVICES LTD,SO50 9DT,SO,43210,active,electrical
08624119,PREDATOR ELECTRICAL SERVICES LIMITED,DN35 7LE,DN,43210,active,electrical
03830878,INTEGRATED PROJECT SERVICES LIMITED,DE1 1TJ,DE,"43210,43390,62090",active,electrical
08553322,PROMAIN SERVICES LTD,SO53 2PB,SO,43210,active,electrical
08863666,RAY LEWIS ELECTRICAL CONTRACTORS LIMITED,N18 1PH,N1,43210,active,electrical
05907210,SPICE INSTALLATIONS LIMITED,SE18 7BH,SE,"43210,82990",active,electrical
13637278,MOVING POWER LTD,BN17 6AW,BN,43210,active,electrical
09941349,MIMRAM SPECIAL WORKS LIMITED,PE2 6PZ,PE,"43210,43220",active,electrical
13504209,STA SMART HOMES LIMITED,SL1 4XS,SL,43210,active,electrical
08556183,EVESHAM & VALE ELECTRICAL SERVICES LTD,WR11 1XP,WR,43210,active,electrical
12141561,PERRY NEWMAN ELECTRICAL LTD,BS22 7SW,BS,43210,active,electrical
11167259,PENNINE POWER CABLE JOINTERS LIMITED,S72 8BE,S7,43210,active,electrical
14762797,SUSTAINABLE ELECTRICAL SOLUTIONS LTD,B26 2DR,B2,43210,active,electrical
14616307,S C ELECTRICAL MIDLANDS LTD,CV10 8JN,CV,43210,active,electrical
14562072,FUTURE ELECTRICAL YORKSHIRE LTD,LS27 7QN,LS,43210,active,electrical
12861188,ALBANI ELECTRICAL LTD,SO51 0NT,SO,43210,active,electrical
12904511,PREFERRED ELECTRICAL CONTRACTORS LTD,PE19 2NF,PE,43210,active,electrical
15950966,DLW MANAGEMENT LTD,PE27 5BH,PE,43210,active,electrical
15104002,EXECUTIVE SECURITY LTD,OX28 4BE,OX,43210,active,electrical
15116212,SPEL ENGINEERING SERVICES LTD,M33 6WW,M3,43210,active,electrical
04677222,MAX WOODCOCK LTD,LL13 0BH,LL,43210,active,electrical
07012350,NO SHOCKS ELECTRICAL LTD,SS8 7PP,SS,43210,active,electrical
08245601,SWAT CONSTRUCTION & INSTALLATIONS LTD,SO50 9DT,SO,43210,active,electrical
08253212,DCI ELECTRICAL CONTRACTORS LIMITED,SK14 1AH,SK,43210,active,electrical
14306194,MAXGRID ELECTRICAL SERVICES LTD,LU6 1FH,LU,43210,active,electrical
SC641365,GAULT ELECTRICAL SOLUTIONS LTD,ML6 0BD,ML,43210,active,electrical
15949945,OMEGA PROJECT ELECTRICAL LTD,AL1 3LF,AL,43210,active,electrical
06023810,BIRMINGHAM BUILDING AND ROOFING CONTRACTORS LIMITED,B90 2PU,B9,43210,active,electrical
15951631,VOLT3 ELECTRICAL LTD,HP22 7DJ,HP,43210,active,electrical
SC682632,B MUNRO ELECTRICAL LIMITED,PH1 4DA,PH,43210,active,electrical
04669812,BAKER ELECTRICAL LTD,EX9 6RJ,EX,43210,active,electrical
11565105,B C JEAVONS LTD,B97 5PH,B9,43210,active,electrical
01775019,POWER TRONICS LIMITED,E11 1LP,E1,43210,active,electrical
07959203,ELECTRIC FIELDS LIMITED,CM6 2BX,CM,43210,active,electrical
00215402,BALFOUR BEATTY ENGINEERING SERVICES (HY) LIMITED,E14 5HU,E1,"43210,43220",active,electrical
12324068,ASTLEY ELECTRICAL LTD,M29 7QJ,M2,43210,active,electrical
06324077,MCMILLAN EYTHORNE LIMITED,CT15 4BD,CT,43210,active,electrical
06411782,ABSOLUTE ELECTRICAL SOLUTIONS LIMITED,CH46 1PT,CH,43210,active,electrical
08094507,J MILLER ELECTRICAL LTD,HU1 1UD,HU,43210,active,electrical
04591655,HARRIS ELECTRICAL (POWYS) LIMITED,SY16 2NY,SY,43210,active,electrical
04335941,J LISTER ELECTRICAL LIMITED,YO19 5JA,YO,43210,active,electrical
15950354,KENNEDY RENEWABLES COMMERCIAL SOLAR LIMITED,WA14 4DR,WA,43210,active,electrical
14344557,LMSA LTD,RM5 2DB,RM,"41100,43210,68100,68209",active,electrical
14322200,KAIN MCEWEN ELECTRICAL CONTRACTORS LTD,BD19 4DR,BD,43210,active,electrical
13803216,GRIFFIN ELECTRICAL SERVICES LTD,W12 0BJ,W1,43210,active,electrical
13931791,GAS SAFETY MANCHESTER LIMITED,M14 7PB,M1,"43210,43220",active,electrical
05275297,NU FIRE & SECURITY LTD,M24 1AX,M2,43210,active,electrical
05340504,M M I BUILDING SERVICES LIMITED,TF1 1JT,TF,43210,active,electrical
02058345,R.T.HARRIS & SON (ELECTRICAL CONTRACTORS) LIMITED,OX3 8ST,OX,43210,active,electrical
05108599,WORTHING ELECTRICAL SERVICES CO. LTD,BN13 2AX,BN,43210,active,electrical
07817384,JB ELECTRICAL (HAMPSHIRE) LTD,SO14 7EB,SO,43210,active,electrical
07952756,APPROVED ELECTRICAL SOLUTIONS LIMITED,L13 3BS,L1,43210,active,electrical
07902291,P M JOHNSON OFFSHORE LIMITED,TS19 7PG,TS,43210,active,electrical
08002139,LIBHAM PROJECTS LIMITED,PE8 5SX,PE,43210,active,electrical
04417823,FABRIQUE SPECIALIST GLAZING SYSTEMS LIMITED,DN31 1XD,DN,"43210,43341",active,electrical
09671310,SAAL LIMITED,CM18 7EG,CM,43210,active,electrical
09678783,RJK ELECTRICAL LTD,NW2 3LP,NW,43210,active,electrical
09862705,FELLOWS ELECTRICAL SERVICES LIMITED,DT1 3BS,DT,43210,active,electrical
09789030,NEXGEN LED LIMITED,PR4 6TA,PR,43210,active,electrical
13909932,DAVID PARADINE (ELECTRICAL) LIMITED,WS6 7JL,WS,43210,active,electrical
11151384,HV ELECTRIC AUTO SOLUTIONS LTD,LE67 5GQ,LE,43210,active,electrical
11115283,VANGUARD BUILDING SERVICES LIMITED,SG19 1NQ,SG,43210,active,electrical
11553738,VVB ENGINEERING (UK) LIMITED,EC4M 9BR,EC,43210,active,electrical
11480148,ALCOOPER LTD,M29 8DS,M2,43210,active,electrical
11456406,JEAN PAUL ELECTRICAL LIMITED,EC2A 3AR,EC,43210,active,electrical
11473005,KCK ENGINEERING LTD,EC1V 2NX,EC,"43210,43290",active,electrical
11466807,K-R ELECTRICAL SOLUTIONS LIMITED,BB4 6ND,BB,43210,active,electrical
11771284,DXD LTD,RM3 8JS,RM,43210,active,electrical
06191005,PM ELECTRICAL (SW) LIMITED,TQ13 0HT,TQ,43210,active,electrical
04382187,S.S.C. PROPERTY SERVICES LIMITED,CO16 0AD,CO,43210,active,electrical
13933941,ELITE ELECTRICAL DEVON LTD,EX5 1AY,EX,43210,active,electrical
SC643291,D&C ELECTRICAL SOLUTIONS LTD,G32 6NR,G3,43210,active,electrical
SC635347,COOPER CAMDEN LIMITED,PA4 8ZS,PA,43210,active,electrical
03668725,GBR ELECTRICAL LIMITED,L37 1NH,L3,43210,active,electrical
11263973,GREGORIS LONDON LTD,WC1E 6DX,WC,43210,active,electrical
11768943,WILKINSON ELECTRICAL LTD,UB9 6AP,UB,43210,active,electrical
15032523,NATIONAL ELECTRIC & ENGINEERING LTD,CV34 6LX,CV,"43210,71129",active,electrical
09323042,CANIRA ELECTRICIANS LIMITED,NP13 1QQ,NP,"43210,47190,47910",active,electrical
09477087,INSTAMECH ELECTRICAL SERVICES LIMITED,CT9 2PT,CT,43210,active,electrical
10507844,DEVON ELECTRICAL SERVICES LTD,TQ1 1EG,TQ,43210,active,electrical
10521455,KSM PROJECT MANAGEMENT & CONSULTANCY LIMITED,BR1 3QD,BR,43210,active,electrical
10523932,BLUCO ELECTRICAL LTD,E17 4BH,E1,43210,active,electrical
10493326,P JUDD ELECTRICAL LIMITED,ME8 7RG,ME,43210,active,electrical
10454207,J FINNIGAN ELECTRICAL LTD,LE11 5HU,LE,43210,active,electrical
11002878,AA ELECTRICAL BZ LIMITED,HD4 5BJ,HD,43210,active,electrical
11288033,TFL PROPERTY SERVICES LTD,WF14 0LF,WF,"41202,43210,43220,43390",active,electrical
11287429,ADVANCED INTEGRATED SERVICES LIMITED,L40 8JY,L4,43210,active,electrical
12110238,ENERGEC GROUP LTD,WA2 7NW,WA,"43210,43220",active,electrical
12343358,TINGO ELECTRICAL LIMITED,NW2 3BT,NW,43210,active,electrical
SC327588,ONELEC LIMITED,PA3 4EA,PA,43210,active,electrical
SC382493,LOTHIAN CONSTRUCTION LTD,EH14 2QB,EH,"43210,43310,43330,43341",active,electrical
07198123,SOLAR PLUS YORKSHIRE LIMITED,YO51 9HS,YO,"43210,43290",active,electrical
13576563,JD O'LEARY LTD,E9 5SH,E9,43210,active,electrical
04636523,OBSIDIAN SECURITY LIMITED,ME20 7HP,ME,43210,active,electrical
11112944,LPR INSTALLATIONS GROUP LTD,S63 8HD,S6,43210,active,electrical
09453737,SRC  FIRE M & E LIMITED,DY1 1JJ,DY,"43210,80200",active,electrical
09345601,PARFITT ELECTRICAL SERVICES LTD,SP7 8GB,SP,43210,active,electrical
SC708180,USHER 1977 LIMITED,G5 0YE,G5,43210,active,electrical
09414748,SIMON ELECTRICAL SERVICES LIMITED,NW7 2AS,NW,43210,active,electrical
15952939,LYONS POWER ELECTRICAL LIMITED,ST6 3JW,ST,43210,active,electrical
10315717,LMH TECHNICAL SERVICES LIMITED,PL1 2NA,PL,"43210,43290",active,electrical
15953035,LWO ELECTRICAL LTD,LL57 4YH,LL,43210,active,electrical
10752397,GOLDSEAL LIMITED,DE1 1TJ,DE,43210,active,electrical
07742933,CAREY ELECTRICAL LTD,RG18 4DX,RG,43210,active,electrical
12121278,BRADELEC BUILDING SERVICES LTD,ME5 0AP,ME,43210,active,electrical
12381271,PARR INSTALLATIONS LTD,ME5 0AP,ME,"41100,43210",active,electrical
SC428152,SWS ELECTRICAL SERVICES LTD,G72 8RE,G7,43210,active,electrical
SC511604,RIKKI FRASER LIMITED,IV12 5DW,IV,43210,active,electrical
04591356,J C BULLOCK AND SON LIMITED,NE9 6JS,NE,43210,active,electrical
02976561,BRITTAIN ELECTRICS (THORNABY) LIMITED,TS15 9HZ,TS,43210,active,electrical
08667183,BLACK DOG ELECTRICAL LIMITED,NE28 9ES,NE,43210,active,electrical
08903121,MON ENGINEERING LIMITED,LL59 5LD,LL,43210,active,electrical
10043561,MAK ELECTRICAL (LONDON) LTD,UB2 4RB,UB,43210,active,electrical
10595399,GS4 SOLUTIONS LIMITED,E7 9DH,E7,43210,active,electrical
11291520,GARROD TECHNICAL SERVICES LTD,CF14 8LH,CF,43210,active,electrical
11262411,ANDY B LIMITED,HA5 4JF,HA,"43210,43999",active,electrical
11596774,SMART-TECH ELECTRICAL LIMITED,N22 6RP,N2,43210,active,electrical
11884005,JK ELECTRICAL SOLUTIONS LTD,HP13 6XY,HP,43210,active,electrical
08901742,SENDA FAMILY LIMITED,S8 7LF,S8,43210,active,electrical
11878005,FITZ LIGHTING LTD,NW6 2EB,NW,43210,active,electrical
12095046,REDTECH ELECTRICAL LTD,KT9 1SD,KT,43210,active,electrical
12384769,MIZAR SOUTHWEST LIMITED,TA2 6BJ,TA,43210,active,electrical
SC532160,SLOAN ELECTRICAL (SCOTLAND) LIMITED,PA3 3TD,PA,43210,active,electrical
13616862,TRH ELECTRICAL SOLUTIONS LTD,HP3 9ED,HP,43210,active,electrical
SC571862,EICR EDINBURGH LIMITED,EH30 9TQ,EH,43210,active,electrical
11566796,AUDIO VISUAL AND NETWORKING SERVICES LTD,DL14 6XG,DL,43210,active,electrical
10949515,K & O ELECTRICAL SERVICES LIMITED,CT21 6NG,CT,43210,active,electrical
12376380,MACCA CONSULTANCY LTD,HP2 5LP,HP,"41100,41201,43210",active,electrical
15123584,NJD ELECTRICAL INSTALLATIONS LTD,DY13 9TE,DY,"33200,43210",active,electrical
09280200,SMP ELECTRICAL CONTRACTORS LIMITED,RH12 1BX,RH,43210,active,electrical
09616853,ANDREW RAWES ELECTRICAL CONTRACTOR LTD,FY4 4XR,FY,43210,active,electrical
09546730,A - Z LIGHTING LIMITED,HA4 8NQ,HA,43210,active,electrical
09503908,LISHMAN ELECTRICAL SERVICES LTD,DH8 7DP,DH,43210,active,electrical
09587979,RPA ELECTRICS LTD,BA3 3FJ,BA,43210,active,electrical
10587000,MULTICORE PRO WIRE LIMITED,WD4 8BE,WD,43210,active,electrical
10544599,SUPER SPARKS ELECTRICAL SERVICES LTD,NP11 7BL,NP,43210,active,electrical
10572010,B&B ELECTRIC SOLUTIONS LTD,LN11 9AY,LN,43210,active,electrical
11403811,ISW ELECTRICAL LTD,NG15 6NH,NG,43210,active,electrical
11692560,MALTHUS SERVICES LTD,DA16 1HB,DA,43210,active,electrical
11510665,REDDISH ELECTRICAL COMPANY LIMITED,LS17 8DT,LS,"33140,43210",active,electrical
11675288,SOLSEN CYF.,SA15 2LG,SA,43210,active,electrical
11695216,OMC ELECTRICAL LTD,BA20 1DW,BA,43210,active,electrical
11919501,UK SAFETY STANDARD LIMITED,TW14 9HN,TW,"43210,95210",active,electrical
SC580252,SOLAR SAVERS LTD,DG2 0TN,DG,43210,active,electrical
SC571852,ARGYLL ELECTRICAL SOLUTIONS LIMITED,G84 0HT,G8,43210,active,electrical
SC572516,BUCHANAN ELECTRICAL LIMITED,G69 0NP,G6,43210,active,electrical
15953829,ALPHA ECO HOMES LTD,PE19 1BG,PE,"35110,43210,43910",active,electrical
09361603,SAFE ELECTRICAL SERVICES SOUTH LTD.,CR5 3AE,CR,43210,active,electrical
04919721,BAUPHASEN LTD,CW12 1ET,CW,"43210,43220,43310,43320",active,electrical
14344891,FIXBASE LIMITED,TW15 1HA,TW,"41202,43210,43220,43390",active,electrical
09199267,M&A LERIGO (ELECTRICAL) LIMITED,FY4 5GP,FY,43210,active,electrical
03956818,ENERGY CONTROLS LIMITED,HX5 9DU,HX,"43210,43220",active,electrical
10363122,HURSTLEA POWER AND LIGHTING LIMITED,IP19 8AP,IP,43210,active,electrical
03648934,ELECTRAQUIK LIMITED,RG23 7JZ,RG,"33140,43210",active,electrical
06198871,ESSEX ELECTRICAL (CONTRACTS) LIMITED,CM21 9AE,CM,43210,active,electrical
10692001,HAC PROJECTS LTD,DE7 8AR,DE,43210,active,electrical
08880306,DA ROSE ELECTRICS LIMITED,CF14 5QJ,CF,43210,active,electrical
09923120,ULTIMATE ELECTRICAL CONTRACTORS LTD,BS22 7YA,BS,43210,active,electrical
10666430,A & T ELECTRICAL SOLUTIONS LIMITED,EX7 3LH,EX,43210,active,electrical
11156482,GLOBUS ELECTRICAL LTD,RM9 6HJ,RM,43210,active,electrical
11446300,KO MAINTENANCE (LONDON) LTD,EC1V 2NX,EC,"43210,43390",active,electrical
11444338,KENROY ELECTRICS LIMITED,B70 6RR,B7,43210,active,electrical
15135754,COREVOLT LIMITED,PE11 1QD,PE,43210,active,electrical
11842189,CLADDAGH ELECTRICS LTD,HA7 2DT,HA,43210,active,electrical
11841605,W KEEN ELECTRICAL LIMITED,PL1 1SB,PL,43210,active,electrical
12036953,SCW ELECTRICAL SOLUTIONS LTD,BN17 7TB,BN,43210,active,electrical
12291695,CRAIG CHARLTON ELECTRICAL SERVICES LTD,NE32 4TX,NE,43210,active,electrical
12253007,MOHAN RAJENDRA SERVICE LTD,CR0 5QE,CR,"43210,43220,43390",active,electrical
09480029,MILLCOURT ELECTRICAL SERVICES LIMITED,NG13 8BQ,NG,43210,active,electrical
05565978,STEVE DINSDALE ELECTRICAL LIMITED,BD24 0AQ,BD,43210,active,electrical
10574850,ELITE CHRISTMAS LIMITED,DA4 0JR,DA,43210,active,electrical
SC822652,DUNDEE DAVIS SERVICES LTD,DD3 0FB,DD,43210,active,electrical
07014656,NEXUS WORKSPACE LIMITED,WF5 9QA,WF,"43210,43220,43390,43999",active,electrical
08972339,MWJ ELECTRICAL LIMITED,L31 2HB,L3,43210,active,electrical
09148532,ECOELEK LIMITED,SG5 1NR,SG,43210,active,electrical
10477379,GMS TECHNICAL SERVICES LIMITED,TS24 7DN,TS,43210,active,electrical
11176370,WIRIS ELECTRICAL LTD,HD6 3PQ,HD,43210,active,electrical
11476282,ACNA LTD,E12 6LL,E1,"41202,43210,78109",active,electrical
04643012,M & R ELECTRICAL LIMITED,DE13 8PS,DE,"43210,68209",active,electrical
11725892,TOWNSEND ELECTRICAL LTD,BN11 3BS,BN,43210,active,electrical
11717552,HARRIS ELECTRICAL SERVICES LTD,M29 8GN,M2,43210,active,electrical
11729638,POWER EXCHANGE ELECTRICAL SERVICES LIMITED,NW2 7LT,NW,43210,active,electrical
11743280,FORGE BUILD (YORKSHIRE) LTD,WF9 2SE,WF,"41100,43210,43390,43999",active,electrical
12472120,J K LIFTSERVICES LTD,PL1 1SB,PL,"33200,43210,43290",active,electrical
SC598525,AFW ELECTRICAL LTD,ML10 6DE,ML,"33140,43210",active,electrical
15055176,"ROLLY, YOUR SPARKY LTD",NN8 2PW,NN,43210,active,electrical
05658810,INDEPENDENT UTILITIES LIMITED,PR4 2DZ,PR,"43210,43220,82990",active,electrical
07488272,PJC SPARKS ELECTRICAL LTD,NN14 2WG,NN,43210,active,electrical
14334060,BFE SOLAR LIMITED,WA15 8HW,WA,43210,active,electrical
15023064,KIE ELECTRICAL LTD,B94 5LW,B9,43210,active,electrical
05212886,GDS (ELECTRICAL) MANAGEMENT LIMITED,RG27 8LJ,RG,43210,active,electrical
10094338,RD FIRE ALARM INSTALLATIONS LIMITED,RM12 6SJ,RM,43210,active,electrical
09843528,ACCESS SPECIALISTS UK LTD,SK22 4LT,SK,43210,active,electrical
09783054,WIZARD ELECTRICS LIMITED,BN8 5PD,BN,43210,active,electrical
10296892,BAIER LTD,PR25 3NP,PR,43210,active,electrical
10293671,MR SECURITIES LTD,E1W 3RB,E1,"42990,43210,80100",active,electrical
11050146,SWALE FIRE SYSTEMS LIMITED,ME12 1DB,ME,"43210,43290",active,electrical
11372026,OMDSP HANDYMAN LONDON LTD,PL1 1SB,PL,"43210,43220,43290,43341",active,electrical
11369865,BRIAN SPENCE LIMITED,WA1 1GG,WA,43210,active,electrical
11616703,MDM ELECTRICAL SERVICES LTD,SO20 6QH,SO,43210,active,electrical
11546059,TECHNICAL LITE LTD,UB5 4QY,UB,43210,active,electrical
11531425,PHAROS FIRE AND SECURITY LIMITED,CF14 8LH,CF,43210,active,electrical
11981090,CTFELECTRICAL LTD,CF14 8LH,CF,43210,active,electrical
12088883,DPR ELECTRICAL LTD,FY3 8QW,FY,"35140,43210",active,electrical
08779655,CBK ELECTRICAL SERVICES LTD.,WV2 4PF,WV,43210,active,electrical
12284388,MTS HVAC LTD,UB6 8UJ,UB,"43210,43220,43290",active,electrical
12291518,VORTEX CONSTRUCTION LTD,RM13 7XT,RM,"41100,43210,43290,43390",active,electrical
09251517,MAINLINE SITE SERVICES LIMITED,NG5 7DZ,NG,43210,active,electrical
05616807,A N A ELECTRICAL LIMITED,SK14 4TU,SK,43210,active,electrical
08544190,RDJA LIGHTING LTD,LS26 8NT,LS,43210,active,electrical
11558777,RIM ELECTRICAL LIMITED,WF7 6EL,WF,43210,active,electrical
09933362,HAWORTH ELECTRICAL SERVICES LTD,SO31 6QH,SO,43210,active,electrical
NI640719,ICONTROL BUILDING LTD,BT45 5TS,BT,43210,active,electrical
13399375,TFC ELECTRICAL LTD,CB9 9JT,CB,43210,active,electrical
04546186,PROLECTRIX LIMITED,ST16 1SS,ST,43210,active,electrical
08051455,MAGREE LIMITED,SE9 3TL,SE,43210,active,electrical
15957503,MALIK ELECTRONICS COMMUNICATION INTERNATIONAL LTD,HA1 3EX,HA,"43210,46520,47410,70229",active,electrical
08196849,AMTECH ELECTRICAL LIMITED,GU15 3YY,GU,"41202,43210",active,electrical
13234179,CPARRY ELECTRICAL LIMITED,L13 1DA,L1,43210,active,electrical
13786978,IE ELECTRICAL LTD,N13 5TP,N1,43210,active,electrical
06343837,M L WAKELY ELECTRICAL LIMITED,PO11 0JT,PO,43210,active,electrical
SC028685,HF MECHANICAL & ELECTRICAL LTD,G41 2SJ,G4,43210,active,electrical
13055665,TAKE CHARGE ECO LTD,EN1 1EE,EN,43210,active,electrical
15956477,JAMES MANNING ELECT LTD,EC2A 4NE,EC,"33140,43210,71200",active,electrical
14754740,KINGS FIRE & ELECTRICAL LIMITED,B36 9HN,B3,43210,active,electrical
09191978,MONUMENT BUILD LIMITED,TN11 0BN,TN,43210,active,electrical
15121218,ELITE GLOBAL ENGINEERING LTD,IG11 8BL,IG,"41201,41202,43120,43210",active,electrical
09214705,TYSON-ELECTRICAL LTD,LA5 9LB,LA,43210,active,electrical
05647321,JOHN BEAUMONT PLUMBERS & ELECTRICIANS LIMITED,HD7 4NB,HD,"43210,43220",active,electrical
13134437,UC ELECTRICS LTD,EN9 1UW,EN,"43210,43220,47520",active,electrical
04518063,BOURNE ELECTRICAL ENGINEERS LIMITED,B90 4LE,B9,43210,active,electrical
10964258,ELECTRICAL MOTOR SERVICES LIMITED,HD1 2EX,HD,43210,active,electrical
07768817,ELITE ELECTRICAL SERVICES AND SOLUTIONS LTD,TN33 0EA,TN,43210,active,electrical
08041875,OD ELECTRICAL CONTRACTING LTD,SO32 2LT,SO,"41202,43210",active,electrical
15115561,TSEK LIMITED,NG5 2DG,NG,43210,active,electrical
07888977,POWER CONNEXIONS LIMITED,NW10 6RF,NW,43210,active,electrical
15078553,GREEN SOLAR & RENEWABLES LIMITED,EC1V 2NX,EC,"42220,43210,43290,71129",active,electrical
05670560,MCCOLGAN ELECTRICAL LIMITED,B90 2BP,B9,43210,active,electrical
10529026,FLINKAR LIMITED,B10 0ED,B1,"43210,43220",active,electrical
15957134,GC ELECTRICAL & MAINTENANCE LTD,N12 8QA,N1,43210,active,electrical
15143003,TRYDAN WILL DAVEY ELECTRICAL LTD,SY23 4NE,SY,43210,active,electrical
07530363,ADL ELECTRICAL CONTRACTING LTD,L34 1QL,L3,43210,active,electrical
07487769,MASTER INSTALLATIONS LTD,SO19 9LL,SO,43210,active,electrical
11398258,WHITE CHRISTMAS DESIGNS LIMITED,IP2 0EH,IP,43210,active,electrical
13107014,FOX HEAT PUMP & ENERGY SOLUTIONS LTD,LA2 0HE,LA,"43210,43220",active,electrical
06284609,GPL ELECTRICAL SERVICES LIMITED,CO7 7FX,CO,43210,active,electrical
04609159,K A ELECTRICAL LIMITED,SW14 8EF,SW,43210,active,electrical
15959349,T.COY ELECTRICAL LTD,S64 8FF,S6,43210,active,electrical
05926460,R D SERVICES LIMITED,B73 6RU,B7,43210,active,electrical
11574961,ASHBY ELECTRICAL LIMITED,WS3 5AS,WS,43210,active,electrical
05210687,COYNE INTERIORS LTD,NE31 2TZ,NE,"43210,43310",active,electrical
15132203,AS ELECTRICAL (SW) LTD,SA12 8EZ,SA,43210,active,electrical
15415309,ELECTRYX LTD,EC1V 2NJ,EC,"43210,43290",active,electrical
10656833,WJS ELECTRICAL SERVICES LIMITED,RH14 0UN,RH,43210,active,electrical
13076193,LJM ELECTRICIANS LTD,SA1 8QT,SA,"33140,43210",active,electrical
08111725,KSM CONSTRUCTION LTD,HP13 7NH,HP,"43210,43310,43341,43390",active,electrical
SC782028,RENEWABLES SCOTLAND LTD,ML6 7QS,ML,43210,active,electrical
NI615731,KEVLIN ELECTRICAL LIMITED,BT78 1QA,BT,43210,active,electrical
05723853,AGW ELECTRICAL (SERVICES) LIMITED,B62 9JT,B6,43210,active,electrical
06034467,TOWER ELECTRICAL LIMITED,HX5 0EE,HX,43210,active,electrical
NI012055,H.M. ELECTRICS LIMITED,BT46 5JG,BT,43210,active,electrical
SC822833,SHORT EC&I LTD,IV30 5UF,IV,"33140,43210",active,electrical
06433283,A J ELECTRICAL CONTRACTORS LIMITED,GU1 4UX,GU,43210,active,electrical
12323720,ORAMA ELECTRICAL LIMITED,OL12 8EU,OL,43210,active,electrical
13803450,MR ELECTRICIAN LTD,IG1 4RE,IG,43210,active,electrical
11547436,H&D ELECTRIC LIMITED,BR6 7BB,BR,"27900,43210,71122",active,electrical
10989291,KD HOLMES SERVICES LTD,ST5 6EX,ST,43210,active,electrical
14540752,DN ELECTRICAL SOLUTIONS LTD,HU12 8XH,HU,43210,active,electrical
13070044,DYNAMIK ELECTRICAL SERVICES LTD,E10 6DP,E1,43210,active,electrical
NI627265,JME (NI) LTD,BT94 5FP,BT,43210,active,electrical
09917329,DIGITECH PLUS LIMITED,UB4 8DW,UB,"43210,62020,80200",active,electrical
12390574,DGC ELECTRICAL (SUFFOLK) LIMITED,CO10 0QT,CO,43210,active,electrical
NI036930,P. MC COLGAN & SONS LIMITED,BT47 3RQ,BT,43210,active,electrical
15957806,MATT DIXON ELECTRICAL LIMITED,SO50 7DZ,SO,43210,active,electrical
11731692,CLI CABLE LTD,TS25 1UE,TS,43210,active,electrical
15958212,ADESS LIMITED,NE6 4RR,NE,43210,active,electrical
14345974,J A FILLINGHAM ELECTRICAL LTD,DN14 0JB,DN,43210,active,electrical
07529828,TITAN ELECTRICAL (LEEDS) LTD,BD19 4TE,BD,43210,active,electrical
04885629,GLEN ROGERS ELECTRICAL LTD,NR12 8BP,NR,43210,active,electrical
09194427,DOMELEC ELECTRICAL SERVICES LTD,PE8 4HB,PE,43210,active,electrical
08409652,WORKMANSUPERMARKET LIMITED,NG17 4HL,NG,"43210,96090",active,electrical
08822012,SJW ELECTRICAL CONTRACTORS (N.E.) LIMITED,NE32 5LE,NE,43210,active,electrical
SC201936,JOHN MCSPORRAN LTD.,PA1 1RP,PA,43210,active,electrical
04125918,ICS INTEGRATED CABLE SERVICES LIMITED,TS23 4BU,TS,43210,active,electrical
13776163,ALPHA AIR HANDLING SERVICES LTD,HA3 9PR,HA,"43210,71129",active,electrical
05930410,K NEAL ELECTRICAL LIMITED,DN21 3NP,DN,43210,active,electrical
02985756,HITACHI ENERGY UK LIMITED,B1 1TT,B1,"27120,43210,46520,62090",active,electrical
09928293,MAP ELECTRICAL SERVICES PORTSMOUTH LIMITED,PO2 7EH,PO,43210,active,electrical
NI719728,CMK ELECTRICAL CONTRACTORS LTD,BT70 2SQ,BT,"43210,43999",active,electrical
06965092,MONKS ELECTRICAL CONTRACTORS LIMITED,CH62 3QG,CH,43210,active,electrical
06032776,A.H.T ELECTRICAL LTD,NN8 1LU,NN,43210,active,electrical
09773521,RAMPAUL ELECTRICAL LIMITED,EC3M 5JD,EC,"33140,43210",active,electrical
08692284,DALE ELECTRICAL BANSTEAD LTD,RH12 4RN,RH,43210,active,electrical
02970380,LIDBETTER AND HICKS LIMITED,LE15 6QF,LE,43210,active,electrical
SC718234,CJK ELECTRICAL (SCOTLAND) LIMITED,ML1 1XA,ML,43210,active,electrical
14561441,INTELECSOUTHWEST LTD,TR11 2EG,TR,"33140,43210",active,electrical
10488759,KILBY INSPECTION TESTING AND ELECTRICAL LIMITED,LE12 6HZ,LE,43210,active,electrical
08623838,J SANDERSON ELECTRICAL LTD,NE16 3DD,NE,43210,active,electrical
14973030,GREEN-TECH ENERGY SOLUTIONS LTD,B28 9JP,B2,"43210,43220,43290,43999",active,electrical
08644216,JOHN SILVERTHORNE ELECTRICAL LIMITED,BS3 2LZ,BS,43210,active,electrical
15956920,JJA ELECTRICAL LTD,TS10 1NR,TS,43210,active,electrical
06936244,ZJ MECHANICAL LIMITED,CM7 1AW,CM,"33120,43210,43220,81300",active,electrical
09041389,NEXT PHASE ELECTRICAL SERVICES LTD,WV10 7BY,WV,43210,active,electrical
03439878,MERLIN ELECTRICAL SERVICES LIMITED,ME17 3SF,ME,43210,active,electrical
04925693,APW ELECTRICAL SERVICES LIMITED,LL18 3LW,LL,43210,active,electrical
13072207,PEPS CONTRACTING LIMITED,GL19 3RP,GL,43210,active,electrical
07086294,BISHOP ELECTRICAL LTD,SN15 3DD,SN,43210,active,electrical
14159270,MTEK SOLUTIONS ELECTRICAL & SECURITY LIMITED,TW17 0QT,TW,43210,active,electrical
08692739,JCL ELECTRICAL SERVICES (UK) LIMITED,RH12 3SA,RH,43210,active,electrical
11988922,NOORTEC GROUP LTD,SG5 1EH,SG,"43210,43220",active,electrical
12533286,LRH ELECTRICAL LTD,LS25 1HB,LS,43210,active,electrical
15962567,JW COMMERCIAL SYSTEMS LIMITED,ST19 9AH,ST,43210,active,electrical
12815616,PRESTIGE PLUMBERS LTD,HA7 3LP,HA,"43210,43220,43290",active,electrical
14992540,POWER FIX ELECTRICAL SOLUTIONS LTD,WC1N 3AX,WC,43210,active,electrical
14978325,COOLING SYSTEMS SOLUTIONS LTD,N11 1PJ,N1,"43210,43220,43290",active,electrical
12985404,XPERT ELECTRICAL & PROPERTY INNOVATIONS LTD,NG19 9GY,NG,43210,active,electrical
09876129,A.H.G ELECTRICAL SERVICES LIMITED,L15 5AN,L1,43210,active,electrical
13055315,WEST COAST ELECTRICAL LIMITED,CH63 6JA,CH,43210,active,electrical
01945921,ELECTRICAL PROJECTS & INSTALLATIONS LIMITED,HD1 2EX,HD,43210,active,electrical
13579062,ALUX ELECTRICAL LIMITED,DL1 1GB,DL,43210,active,electrical
SC709014,KELLOCK ELECTRICAL LIMITED,KY11 8PB,KY,43210,active,electrical
14730748,M&A HEATING AND PLUMBING LTD,WR1 1PB,WR,"43210,43220",active,electrical
08392513,OLD COURT ELECTRICAL LIMITED,PE6 8EA,PE,43210,active,electrical
04624012,N.E. SERVICES (CANNOCK) LIMITED,ST16 1DA,ST,43210,active,electrical
05020719,P & G ELECTRICAL AND BUILDING SERVICES LIMITED,SO22 6BN,SO,43210,active,electrical
13660869,DTVM SYSTEMS LTD,WD19 5EJ,WD,"43210,61100,61200,80200",active,electrical
03565618,M.J.M. ELECTRICAL SERVICES LIMITED,SM6 0QU,SM,43210,active,electrical
11095886,MKW ELECTRICAL CONTRACTORS LTD,NE25 8PX,NE,43210,active,electrical
14042893,LUMY PROPERTY SERVICES LIMITED,BD18 3SR,BD,43210,active,electrical
09476321,ITECH SERVICES & REPAIRS LIMITED,CO5 9SH,CO,"43210,70100",active,electrical
11840908,GILES ELECTRICAL SERVICES LTD,DN31 3AT,DN,43210,active,electrical
10111623,LOGIC CONTRACT SERVICES LTD,GU51 2UZ,GU,"43210,43220,43999,81100",active,electrical
09202427,ABEL ELECTRICAL (UK) LIMITED,LE16 9SY,LE,43210,active,electrical
15960534,RK ELECTRICAL LTD,GL17 9HP,GL,43210,active,electrical
15960519,BARE COPSE BATTERIES LTD,BH21 7JX,BH,43210,active,electrical
SC649005,EX-ELEC (SCOTLAND) LTD,G76 8RU,G7,43210,active,electrical
14506321,FSK ELECTRICAL LTD,WC2H 9JQ,WC,43210,active,electrical
08832110,D S ELECTRICAL SELBY LTD,YO8 3UY,YO,43210,active,electrical
03937403,FINDLAY & SCOTT LIMITED,DN17 4BN,DN,43210,active,electrical
15073104,O.HUGHES ELECTRICAL LTD,LE10 0ZW,LE,43210,active,electrical
15136742,EDENCROFT BUILDING SERVICES LIMITED,WA14 5UA,WA,"43210,43220",active,electrical
14295406,THOMAS WHITTAKER ELECTRICAL LIMITED,OL13 0JS,OL,43210,active,electrical
SC334455,PPS BUILDING & ELECTRICAL SERVICES LTD,ML3 0BP,ML,43210,active,electrical
04898626,P. WALKER ELECTRICAL SERVICES LIMITED,BN1 6SB,BN,43210,active,electrical
02748859,O.R. BUILDING SERVICES LIMITED,B93 0LN,B9,43210,active,electrical
15143226,SOUTHERN POWER LIMITED,GU15 1HX,GU,"43210,43330,43341,43390",active,electrical
14366388,P K SAUNDERS ELECTRICAL LTD,TN27 0AW,TN,43210,active,electrical
15962632,NEWEY PROPERTY LTD,B73 6BE,B7,"41100,43210,68209",active,electrical
15962865,GRAND UNION ELECTRICAL LIMITED,HA7 1JS,HA,43210,active,electrical
10976023,RESPOND ELECTRICAL LTD.,CM2 6TX,CM,43210,active,electrical
13778255,WM ENERGY SOLUTIONS LTD,DY6 7YB,DY,"42990,43210",active,electrical
06015153,BES ELECTRICAL LIMITED,CV6 7NB,CV,43210,active,electrical
07377263,BAY ELECTRIX LIMITED,CT6 5AX,CT,43210,active,electrical
09760906,BARRATT ELECTRICAL LIMITED,SK9 5BB,SK,43210,active,electrical
08206684,CES ST ALBANS LIMITED,AL3 6RS,AL,43210,active,electrical
05373795,WELL CONNECTED (SUSSEX) LIMITED,BN9 0RP,BN,43210,active,electrical
14013738,HPI BUILDING PROPERTY SERVICES LIMITED,B8 2DH,B8,"43210,43220,43290",active,electrical
09246376,ELECTRICAL CONTRACTORS LONDON LTD,UB6 7AE,UB,43210,active,electrical
14988097,ELITE PROPERTY REPAIRS LTD,TW15 2HR,TW,43210,active,electrical
04477448,W.S. ELECTRICAL SERVICES LIMITED,WD24 7EJ,WD,43210,active,electrical
10035473,SURREY SECURITY LTD,SM5 1NL,SM,43210,active,electrical
09301554,WARMZILLA LIMITED,CF10 3AG,CF,"43210,43220,47910",active,electrical
10964154,J E PEARSON SERVICES LTD,DA13 0UG,DA,43210,active,electrical
09372821,SC RENEWABLES LIMITED,IP7 7NN,IP,43210,active,electrical
13863758,MIKE ROBERTS ELECTRICAL LIMITED,SY2 6LG,SY,43210,active,electrical
14184659,RS VOLTAGE SERVICES LTD,M28 1AU,M2,43210,active,electrical
00808569,N.V. WHITE LIMITED,RH9 8JX,RH,43210,active,electrical
SC277317,THE VITAL SPARK (SCOTLAND) LIMITED,FK1 1PG,FK,43210,active,electrical
07306102,KRAKRA ELECTRICAL LTD.,NW4 2TL,NW,43210,active,electrical
14987280,G-TEK SERVICES LIMITED,DY4 8AE,DY,43210,active,electrical
11841062,NRLX LTD,BN2 8LD,BN,43210,active,electrical
10827040,LUXE ELECTRICAL LIMITED,TN4 8TW,TN,43210,active,electrical
01545731,BERRIDGE ELECTRICAL SERVICES LIMITED,GU17 0LT,GU,43210,active,electrical
12885531,WDY SERVICES LIMITED,RH11 7GH,RH,43210,active,electrical
09675976,G H ELECTRICAL (TRING) LIMITED,HP23 5QJ,HP,43210,active,electrical
07208883,RENEWABLE CLEAN ENERGY LIMITED,EC3M 4AE,EC,43210,active,electrical
13703974,A G MCEVOY LIMITED,E6 3RX,E6,43210,active,electrical
09979160,JFN INTEGRATED SOLUTIONS LIMITED,PR2 5NJ,PR,43210,active,electrical
14983700,NORTHPINE SMART SOLUTIONS LTD,EC1V 2NX,EC,"43210,62090",active,electrical
09005970,T&G PROPERTY MANAGEMENT LIMITED,DA14 4DT,DA,43210,active,electrical
11265636,DDR CONSTRUCTION LTD,SE9 3DY,SE,"41100,43210",active,electrical
15964156,ANGLO-TESLA ELECTRICAL LTD,SW9 6PP,SW,43210,active,electrical
12881229,M&N ELECTRICAL & GENERAL MAINTENANCE LTD,SS7 5XG,SS,"33140,43210",active,electrical
10586127,J S E ELECTRICAL LIMITED,S5 8AX,S5,43210,active,electrical
11116448,LEONIDAS BUILDING CONTRACTOR LTD,S5 9LG,S5,"41202,43210,43220,43341",active,electrical
15127485,SAPCOM HV ENGINEERING LTD,RH14 0JL,RH,43210,active,electrical
11973063,ROMILEY ELECTRICAL LIMITED,SK6 5ED,SK,43210,active,electrical
15182534,PCL ELECTRICAL LTD,EN7 6ED,EN,43210,active,electrical
15971703,PRIMESPARKAV LTD,NN11 9DN,NN,43210,active,electrical
13138713,CJW ELECTRICAL SERVICES LTD,SN6 7ED,SN,43210,active,electrical
07024862,CRITICAL POWER SUPPLIES LIMITED,OX9 3RP,OX,"43210,46520,62090",active,electrical
04607134,GROVE ELECTRICAL (UK) LIMITED,MK42 7PN,MK,43210,active,electrical
02590501,MANOR MARINE UK LIMITED,DT5 1PB,DT,"30110,43210",active,electrical
03438215,OROSTREAM INTERNATIONAL CONTRACTS LIMITED,TN6 1DL,TN,"42990,43210",active,electrical
11199978,CELSIUS DOORS LIMITED,CA3 0JG,CA,43210,active,electrical
SC516050,WBMH ELECTRICAL LTD,ML6 0BD,ML,43210,active,electrical
08830564,EMILIO ELECTRIC LTD,AL7 3HD,AL,43210,active,electrical
NI721519,AR ELECTRICAL INSTALLATION LTD,BT34 4QA,BT,43210,active,electrical
15970503,HOLT POWER LIMITED,PE15 0XQ,PE,43210,active,electrical
11131842,JD ELECTRICAL (BIRMINGHAM) LIMITED,B18 5EB,B1,43210,active,electrical
13095571,TEAM GREEN LTD,WS13 8FE,WS,43210,active,electrical
05943611,WILLPOWER ELECTRICAL LIMITED,SY16 4LE,SY,"27900,43210,47789,47910",active,electrical
SC615281,M WELSH ELECTRICAL SERVICES LIMITED,G60 5AT,G6,"33140,43210",active,electrical
12201614,JAX ELECTRICAL SERVICES LTD,GL2 2AQ,GL,43210,active,electrical
06176823,N & R WEBB BRICKWORK LIMITED,BN11 1RL,BN,"43210,43999",active,electrical
05940813,BLUE STAR AERIAL SYSTEMS LTD,CO6 3JP,CO,43210,active,electrical
01045360,PEARCE AND KEMP LIMITED,IP19 8QJ,IP,43210,active,electrical
14585473,SHOCKED SOLAR ENERGY LTD,DE7 8AR,DE,43210,active,electrical
NI685020,MKE CONTRACTS IRELAND LTD,BT54 6LU,BT,43210,active,electrical
02766143,OCONNOR ELECTRICAL LIMITED,DE65 5FN,DE,43210,active,electrical
07562882,LECTRICAL SOLUTIONS LIMITED,HP15 7LH,HP,43210,active,electrical
07533535,CHILTERN ELECTRICAL CONTRACTORS LIMITED,RG31 6FZ,RG,43210,active,electrical
12893150,K & H POWER SOLUTIONS LIMITED,NW9 8NX,NW,43210,active,electrical
13684983,A&K ELECTRICIAN LTD,GU30 7BP,GU,43210,active,electrical
11709544,EMF ELECTRICAL SERVICES LTD,IG10 2EQ,IG,43210,active,electrical
14564623,SINGH ELECTRICAL LTD,NG5 8AG,NG,43210,active,electrical
04745929,MURRAY CONTROL SYSTEMS LTD,WS11 8LL,WS,43210,active,electrical
09231488,WJB ELECTRICAL SERVICES LTD,PO22 6AW,PO,43210,active,electrical
03896334,ABP MAINTENANCE LTD,TN9 2LE,TN,43210,active,electrical
12770662,MG MECHANICAL/ELECTRICAL SERVICES LIMITED,ME15 6JD,ME,"43210,43220",active,electrical
13261703,L&P ELECTRICAL ENGINEERING LTD,LL11 6QD,LL,43210,active,electrical
08748899,MAKALU ELECTRICAL LIMITED,N13 4BG,N1,43210,active,electrical
14333655,BELLOTTIFIGHTINGTOLIGHTING LTD,WD19 6XL,WD,43210,active,electrical
07504619,BCA ENGINEERING SUPPLIES LTD,HA4 9JS,HA,"43210,46190,47990",active,electrical
NI071448,PSI PRODUCTION SERVICES LIMITED,BT36 4TY,BT,43210,active,electrical
06358344,LONG'S ELECTRICAL LIMITED,HP23 5TE,HP,43210,active,electrical
10421025,POWER REVOLUTION EVENT SERVICES LTD,IP32 7EA,IP,"43210,77291,90020",active,electrical
03615700,G.J. DAY ELECTRICAL CONTRACTORS LIMITED,DA14 6NE,DA,43210,active,electrical
12399337,COSLEC ELECTRICAL SERVICES LTD,TQ13 8BX,TQ,43210,active,electrical
15124697,E P DAVEY ELECTRICAL LTD,SS7 5HA,SS,43210,active,electrical
09900544,FSE PLANT HIRE LTD,N1 7GU,N1,"43210,43991",active,electrical
09162247,NATIONWIDE SPECIALIST PROJECTS LIMITED,DY11 7RA,DY,43210,active,electrical
07805666,D C MORTIMER ELECTRICAL SERVICES LTD,SN10 4ET,SN,43210,active,electrical
03625751,E D S SYSTEMS (NORTH WALES) LIMITED,CH7 2JL,CH,"33140,43210,71200",active,electrical
04123907,RAILWAY ELECTRICAL SERVICES LIMITED,DE7 4AZ,DE,43210,active,electrical
12489365,BAILEY ENERGY SERVICES LIMITED,SN8 2LH,SN,43210,active,electrical
SC470601,RRDELECTRICAL LTD,DD11 2BY,DD,43210,active,electrical
14007398,DMS MECHANICAL SOLUTIONS LTD,PE1 4AU,PE,"37000,43210,43220",active,electrical
01901410,P.H. ADAMS (ELECTRICAL CONTRACTORS) LIMITED,B24 9PN,B2,43210,active,electrical
07017999,MONARCH ELECTRICAL CONTRACTORS LTD,B1 3AA,B1,43210,active,electrical
10128299,S&D ELECTRICAL ENGINEERING LTD,RM5 3SU,RM,43210,active,electrical
07013365,L & O ELECTRICAL SERVICES LIMITED,BD10 0SG,BD,43210,active,electrical
12364503,DAKS ELECTRICAL CONTRACTORS LIMITED,CV6 4JU,CV,43210,active,electrical
14257931,NEXUS ELECTRICAL & ENVIRONMENTAL LTD,HR5 3AR,HR,"43210,74901",active,electrical
NI615187,MAC ELECTRICS LTD,BT60 1NF,BT,43210,active,electrical
13626094,C&O START-UP LTD,NN2 7AY,NN,43210,active,electrical
05741244,SPOONER BROTHERS LTD,SN1 3EY,SN,43210,active,electrical
06280222,SOUTH COAST ELECTRICAL SERVICES LIMITED,BN2 6SX,BN,43210,active,electrical
14771626,POWELL DATA SOLUTIONS LTD,BS22 6AR,BS,43210,active,electrical
09369722,GN ELECTRICAL CONTRACTORS LTD,DE23 1XP,DE,"43210,68201",active,electrical
15964989,PHASE ELECTRICAL SOLUTIONS SOUTHERN LTD,PO20 3XB,PO,43210,active,electrical
09245588,ASHTON ELECTRICAL SOLUTIONS LIMITED,WA10 6RW,WA,43210,active,electrical
10008870,CHANDLER ELECTRICAL LIMITED,BR6 8BD,BR,43210,active,electrical
15965406,LEX TECHNICAL SERVICES LTD,WC2H 9JQ,WC,"41100,41201,41202,43210",active,electrical
10383049,BESAFE ELECTRIC LIMITED,IG3 8ER,IG,43210,active,electrical
10949811,MACTEC FAULTLESS LTD,ME20 7JY,ME,"43210,43999",active,electrical
15965905,BLUESKYSOLAR LTD,NG18 3EP,NG,43210,active,electrical
12405431,PCH ELECTRICAL LTD,LN1 2UA,LN,43210,active,electrical
SC533206,SM ELECTRICAL SERVICES (SCOTLAND) LTD,G52 4LA,G5,43210,active,electrical
05764088,DUFF ELECTRICS LTD,CH63 9NZ,CH,43210,active,electrical
NI049109,GREEN ELECTRICAL LTD,BT34 4QR,BT,43210,active,electrical
12560189,ELECPLUMBUK LTD,HA8 6RU,HA,"43210,43220",active,electrical
10088146,MTDELECTRICAL LTD,NG4 2QN,NG,43210,active,electrical
NI696404,LEITRIM NO 1 LTD,BT45 6BB,BT,43210,active,electrical
12727835,RAPIDE A POWERLINES INEO KELTBRAY JOINT VENTURE LTD,DN4 5NP,DN,43210,active,electrical
14575114,SOLAR FLAIR LIMITED,CT1 1YF,CT,43210,active,electrical
15545467,MATT WAYNE ELECTRICAL SERVICES LTD,LE19 1WP,LE,43210,active,electrical
13888553,C&S ELECTRICAL SERVICES LTD,LE19 1WP,LE,43210,active,electrical
06813352,DT SYSTEMS ELECTRICAL LTD,LE19 1WP,LE,43210,active,electrical
SC270524,DLE ENGINEERING LIMITED,EH42 1EH,EH,43210,active,electrical
SC287165,JAMES ADAIR & SONS LIMITED,ML1 4FD,ML,43210,active,electrical
05820206,T.C & D CONSTRUCTION LTD.,BR8 8AE,BR,"41201,41202,43210",active,electrical
04395854,SAPEC LIMITED,LS15 7AN,LS,43210,active,electrical
02978755,CRS SPECIALISED BUILDING SERVICES LTD,PO12 1LS,PO,"43210,43310,43999",active,electrical
09958438,BROOK ELECTRICAL SERVICES LTD.,IP4 5UL,IP,43210,active,electrical
13741679,LVS ELECTRICAL SERVICES LTD,PE9 2XY,PE,43210,active,electrical
11116217,J H ELECTRICAL SOLUTIONS LIMITED,S71 2DJ,S7,43210,active,electrical
05279697,AEC ELECTRICAL CONTRACTORS LIMITED,LS25 1LL,LS,43210,active,electrical
09797427,HEAVEN ELECTRICAL SERVICES LIMITED,NP44 4DN,NP,43210,active,electrical
11163043,VALE FITTING LIMITED,WR11 4BB,WR,"43210,43220,43320,43330",active,electrical
04593174,A. C. READ ELECTRICS LTD,CR0 0NA,CR,43210,active,electrical
12183865,FSEL DALMAR LTD,E17 8HQ,E1,"43210,84250",active,electrical
15967533,CIRCUITCORE LTD,E17 6EL,E1,"43210,68209,98000",active,electrical
08317762,TRN SOLUTIONS LIMITED,PO20 0QB,PO,43210,active,electrical
13125691,ADW ELECTRICAL & EV LTD,WN7 2EP,WN,43210,active,electrical
09364011,ALLCERTS LONDON LTD,ME3 9US,ME,"43210,43220",active,electrical
15108825,ENJOINIT ELECTRICAL LTD,PR5 5UP,PR,43210,active,electrical
11176100,COLIEMORE ELECTRICAL SERVICES LIMITED,HA3 7HR,HA,43210,active,electrical
10814180,BLACK DIAMOND ELECTRICAL SERVICES LTD,OX17 3JS,OX,43210,active,electrical
04889332,A.B.C. SERVICES (THATCHAM) LIMITED,RG18 3DQ,RG,43210,active,electrical
09770710,S.E ELECTRICAL SERVICES LIMITED,OX28 3AB,OX,43210,active,electrical
11737202,MH GAS & ELECTRICAL SOLUTIONS LTD,IG2 6DQ,IG,43210,active,electrical
15143910,HM ELECTRICAL & FACILITIES LTD,CM20 2DB,CM,43210,active,electrical
07602094,CAYTON BLUE LTD,TR3 7AQ,TR,43210,active,electrical
10412540,J LEWIS ELECTRICAL LIMITED,CF40 2LR,CF,43210,active,electrical
11548826,DEVON SPARKS LTD,EX4 8FW,EX,43210,active,electrical
11563055,QGS ELECTRICAL LTD,LU2 8SN,LU,43210,active,electrical
15968160,EMP BUILDING SERVICES LTD,DA8 2NS,DA,43210,active,electrical
11499390,NELBEST LTD,IG11 7PJ,IG,43210,active,electrical
03250135,ECO CONTROL SYSTEMS LIMITED,CO7 7FD,CO,43210,active,electrical
09953019,AHMED CONSTRUCTION LTD,NG9 2PU,NG,43210,active,electrical
08224416,EES (YORKSHIRE) LIMITED,WF12 7LY,WF,43210,active,electrical
12268075,ONSHORE SOLAR LIMITED,TR6 0EB,TR,"43210,43290",active,electrical
12512348,MPELECTRICIANS LTD,CO4 5US,CO,"43210,80200",active,electrical
09221251,GWP ELECTRICAL LTD,LL29 7AW,LL,43210,active,electrical
15160141,H W SERVICES (CUMBRIA) LIMITED,CA11 7HW,CA,"43210,43320",active,electrical
06880916,MAVEN ELECTRICAL LIMITED,SW13 0PN,SW,43210,active,electrical
09194194,MAC1 ELECTRICAL (LEICS) LTD,NG9 2LH,NG,43210,active,electrical
13318227,JCE ELECTRICAL INSTALLATIONS LTD,B98 7GA,B9,43210,active,electrical
12283920,RSC GAS ELECTRIC LTD,WV10 6HB,WV,"43210,43220",active,electrical
10550621,NICK POCOCK ELECTRICAL LIMITED,SN15 3DD,SN,43210,active,electrical
06373161,P.D. CLARK ELECTRICAL LTD,YO30 4XG,YO,43210,active,electrical
02768156,MACS ELECTRICAL LIMITED,LE3 8DG,LE,43210,active,electrical
14658208,NRG ELECTRICAL INSTALLATION SERVICES LTD,MK42 6DA,MK,43210,active,electrical
09681832,MCT ELECTRICAL & COMMUNICATIONS LIMITED,DN9 3GA,DN,43210,active,electrical
07784039,THE EXHIBITION & EVENTS CO. LTD,WF17 8EZ,WF,43210,active,electrical
05306462,G-TEC ELECTRICAL LTD,KT18 5UA,KT,"43210,68100",active,electrical
14363604,MEGALODON ELECTRICAL LTD,GL53 8AN,GL,43210,active,electrical
15973238,A ELECTRIC LTD,M25 0TL,M2,43210,active,electrical
15127979,RGMBUILDINGSOLUTIONS LIMITED,WV14 8NZ,WV,"41100,41202,43210",active,electrical
14568006,ESM RENEWABLES LTD,WC2H 9JQ,WC,"43210,43220",active,electrical
15321587,SWIFT CONTRACTS LTD,BB2 2AL,BB,43210,active,electrical
SC595208,MAK ELECTRICAL SERVICES (GLASGOW) LIMITED,PA1 3QS,PA,43210,active,electrical
12186099,MS ELECTRICAL SERVICES NW LTD,BL3 2JN,BL,43210,active,electrical
05238440,J LAMPARD ELECTRICAL LTD,SO53 3AL,SO,43210,active,electrical
07891086,INNOVATIV LTD,S25 3SH,S2,"41202,43210,43390",active,electrical
11302467,YEOMANS ELECTRICAL LTD,B90 3LU,B9,43210,active,electrical
10966869,IMPERIUM ELECTRICAL SERVICES LTD,LE67 6QR,LE,43210,active,electrical
15103789,CAA ELECTRICAL LTD,B94 5LW,B9,43210,active,electrical
15130972,TECH CONNECT SERVICES LTD,BA14 0BS,BA,"43210,70229",active,electrical
14334653,WEST MANOR BUILDING SERVICES LIMITED,CM14 4JZ,CM,"41100,43210",active,electrical
13104273,DISTINCTION RIGGING AND ELECTRICAL LTD,CF47 0RX,CF,"42220,43210",active,electrical
10303776,OLIVE ENGINEERING SERVICES LIMITED,SL6 2ED,SL,"36000,43210,43220",active,electrical
12713837,GARDANT GROUP LTD,EX31 1JY,EX,"43210,80100",active,electrical
15972030,ELECTRICAL SYSTEMS & SERVICES LTD,GU15 3HQ,GU,43210,active,electrical
04194267,PARROCOMM LIMITED,CM1 1NH,CM,43210,active,electrical
04656399,K WALSH ELECTRICAL SERVICES LIMITED,EN4 8AL,EN,43210,active,electrical
06680332,BRIGHT SPARKS ELECTRICAL (DERBYSHIRE) LIMITED,SK17 6SB,SK,43210,active,electrical
11094709,ECOTECH GROUP LIMITED,B12 0PR,B1,"41201,41202,43210,43220",active,electrical
03719886,BUZZ ELECTRICAL LIMITED,WR11 4BY,WR,43210,active,electrical
09069013,4 ENGINEERING LIMITED,GL12 8NH,GL,43210,active,electrical
05724174,R B AUSTERFIELD LIMITED,BD4 0QB,BD,43210,active,electrical
08472639,BROMLEY SOUTH ELECTRICAL LTD,SE15 3TX,SE,43210,active,electrical
14592996,ELECTRIKARL LTD,NN12 6BS,NN,43210,active,electrical
10660753,RB RESPONSE LTD,CO10 9PJ,CO,"43210,74902,98000",active,electrical
13782878,TIME ELECTRICAL LTD,CF5 6TQ,CF,43210,active,electrical
11070970,MCDEVITT CONTROLS LTD,BB12 6LT,BB,"26512,43210",active,electrical
11408574,GWL SOLUTIONS LIMITED,DN9 3GA,DN,43210,active,electrical
06977636,ELECTRA (SWINDON) LIMITED,SN8 1SB,SN,43210,active,electrical
09566169,TYGRAN ELECTRICAL LIMITED,BS8 3NG,BS,43210,active,electrical
15974399,HNS PROPERTY SOLUTIONS LTD,SM1 2LF,SM,"43210,43290,70229",active,electrical
05948493,MPH ELECTRICAL (HORSFORTH) LIMITED,LS18 5JJ,LS,43210,active,electrical
08694865,RADIUS CHARGE INSTALLATIONS LIMITED,CW1 6EG,CW,43210,active,electrical
09475210,GD ELECTRICAL (LONDON) LIMITED,B90 3LU,B9,43210,active,electrical
05033827,PC CABLES LIMITED,WS6 6NL,WS,43210,active,electrical
06791262,R M ELECTRICAL & SECURITY LTD,CV3 4DE,CV,43210,active,electrical
11809317,AGRITAS UK LTD,DT2 8GB,DT,"43210,46180",active,electrical
06813088,D & J BRITTAIN LTD,S75 3BD,S7,43210,active,electrical
04142486,PIONEER ELECTRICAL LIMITED,DT3 5EN,DT,43210,active,electrical
11568805,D&J ELECTRICAL LTD,CV37 6UA,CV,43210,active,electrical
06795526,PORTAL BUILDING CONTROLS LIMITED,UB9 6EJ,UB,"43210,71129",active,electrical
06558221,COMPLETE RENEWABLES LTD,CM3 6PN,CM,43210,active,electrical
09163575,HECKONNER LIMITED,LS8 4EZ,LS,43210,active,electrical
13017402,HARDING BROTHERS ELECTRICAL LIMITED,SS14 3JJ,SS,43210,active,electrical
09430746,M CALLAM LTD,TQ2 7AQ,TQ,43210,active,electrical
06703661,NETWORX3 GROUP LIMITED,PR4 4AZ,PR,43210,active,electrical
08884288,DYNAMIC TECHNICAL SERVICES LIMITED,RG14 1DY,RG,43210,active,electrical
05557973,D.M.D DATA AND ELECTRICAL SERVICES LTD,B61 7AZ,B6,43210,active,electrical
05971480,HILL ELECTRICAL SERVICES CONTRACTING LIMITED,ME10 4BJ,ME,43210,active,electrical
14307561,SWITCHGEAR ELECTRICAL LTD,WD23 4UQ,WD,43210,active,electrical
08252332,MAINTENANCE SERVICES ELECTRICAL LTD,NN6 9BN,NN,43210,active,electrical
07605920,NOVA INTEGRATED SYSTEMS LIMITED,NN1 5AL,NN,43210,active,electrical
09833810,RS ELECTRICAL SOLUTIONS LTD,HP21 7FE,HP,43210,active,electrical
05591798,S. KENT AERIALS LIMITED,HG2 0HS,HG,43210,active,electrical
09516188,JVDC ELECTRICAL LTD,BA5 2JG,BA,43210,active,electrical
04577738,FIRESHIELD SPRINKLERS LIMITED,CF83 8FS,CF,"43210,43290",active,electrical
08245848,SRC SECURITY SYSTEMS LTD,CM1 2QE,CM,43210,active,electrical
13500684,SHIELD SITE SERVICES LIMITED,CA23 3AR,CA,43210,active,electrical
02728478,SEALLUM ELECTRICAL LIMITED,S81 8UA,S8,43210,active,electrical
15023318,BRIGHTSIDE RENEWABLES LTD,SS9 1JL,SS,43210,active,electrical
11134077,T H S ELECTRICAL LTD,SM6 7EF,SM,43210,active,electrical
14237125,NATION ELECTRICAL SERVICES LIMITED,CH43 9HA,CH,43210,active,electrical
05620781,BRIAN WALKER ELECTRICAL CONTRACTORS LIMITED,LS27 7AD,LS,43210,active,electrical
07188535,UK TEST LIMITED,M46 0SY,M4,43210,active,electrical
13521144,DAVID DOHERTY ELECTRICAL LIMITED,W5 4UB,W5,43210,active,electrical
05878313,THE LOWESTOFT BATHROOM CENTRE LIMITED,NR32 1UL,NR,"43210,47599",active,electrical
14436546,ACTIV8 SERVICES SOUTHERN LTD,PO20 8PS,PO,43210,active,electrical
12292388,NATALE SERVICES LTD,ME11 5JZ,ME,"43210,61900",active,electrical
09029090,M D ELECTRICAL SKELMERSDALE LTD,WN8 6EZ,WN,43210,active,electrical
06403067,SWITCH ON SERVICES LIMITED,RH17 5NH,RH,"43210,71200",active,electrical
10414536,SUSTAIN TECHNOLOGIES LIMITED,SK14 4EH,SK,43210,active,electrical
14243576,ELEXOR ENGINEERING LTD,SA14 9BG,SA,43210,active,electrical
11439916,LOOP IN ELECTRICAL LIMITED,E6 3RX,E6,43210,active,electrical
10255216,CROOKHAM ELECTRICAL SERVICES LTD,TW15 3QN,TW,43210,active,electrical
11441429,RES-TECH LTD,TW4 7RX,TW,43210,active,electrical
11440919,CADI ELECTRICS LTD,CV1 4PB,CV,43210,active,electrical
01025924,ROBERT TOVEY LIMITED,TN12 6DP,TN,43210,active,electrical
13510858,BAILEY BUSINESS LTD,SN14 0SY,SN,"43210,47910",active,electrical
08702400,P.C. ELECTRICAL (SOUTH EAST) LIMITED,RM1 3JT,RM,"33140,43210",active,electrical
14449077,SR GROUP (LINCS) LTD,DN37 7DP,DN,43210,active,electrical
04501986,FAIRACRE SERVICES (MIDLANDS) LIMITED,LE9 7EG,LE,"43210,43220",active,electrical
13004375,FORTRESS ELECTRICAL & MECHANICAL SERVICES LTD,NG5 1RD,NG,43210,active,electrical
15000121,THE LIGHT PEOPLE LTD,CW5 7ED,CW,43210,active,electrical
14258109,EV LANCASHIRE LIMITED,PR2 3AE,PR,43210,active,electrical
07327377,S L ELECTRICAL (NORTHERN) LIMITED,CA1 1TF,CA,43210,active,electrical
10408051,SWITCHD LTD,EC3V 3NG,EC,"42220,43210,63990,96090",active,electrical
12255176,AD SPARKS LTD,NW9 6JG,NW,43210,active,electrical
11002317,THE RTR GROUP NATIONWIDE LIMITED,SS4 1ND,SS,43210,active,electrical
10217590,A J SARGENT ELECTRICAL SOLUTIONS LIMITED,IP13 7NY,IP,43210,active,electrical
SC704081,SINCLAIR TECHNICAL SERVICES LTD,AB51 0SN,AB,"43210,71122",active,electrical
15858450,J.M.I. PROPERTY LTD,WF2 7FB,WF,43210,active,electrical
05402819,CHRIS RUDGE ELECTRICAL CONTRACTING LIMITED,S2 3QE,S2,43210,active,electrical
04502995,DATA LINE ELECTRICAL LIMITED,PO7 6XP,PO,43210,active,electrical
08623991,LEDECOLITE LTD,NG11 6DT,NG,"43210,43999",active,electrical
13657835,AC ELECTRICAL 4U LTD,CV22 7DG,CV,43210,active,electrical
15858923,HELLEQUIN ELECTRICAL LTD,RM7 7DN,RM,"41100,43210",active,electrical
SC511437,SCM ELECTRICAL LTD,G64 1GF,G6,"43210,99999",active,electrical
11687297,BEES HOLIDAYS LTD,NN5 6JS,NN,43210,active,electrical
09002510,MP ELECTRICAL SERVICES (ESSEX) LIMITED,CM12 0DU,CM,43210,active,electrical
08271941,TACK ELECTRICAL SOLUTIONS LIMITED,IG10 3NA,IG,43210,active,electrical
NI663066,HUNTERS HILL HOLDINGS LTD,BT28 3AJ,BT,43210,active,electrical
12765724,CCUK ENERGY SOLUTIONS LTD,NG19 8LJ,NG,"43210,43999,70229",active,electrical
12720051,HG1 SOLUTIONS LIMITED,HG1 5EQ,HG,"43210,62020",active,electrical
10045804,LJ RABBIT LTD,RG21 8XF,RG,"43210,43330,43341,43390",active,electrical
11014408,POWER RANGERS LTD,HA3 8RX,HA,43210,active,electrical
SC271403,LOTHIAN PROPERTY MAINTENANCE LIMITED,EH52 5LH,EH,43210,active,electrical
08501618,ECO HOME CARE LIMITED,HP11 1QP,HP,43210,active,electrical
13912176,3GEN ELECTRICAL LTD,OL4 2TJ,OL,43210,active,electrical
06413015,A COPELAND ELECTRICAL LIMITED,OL7 0NZ,OL,43210,active,electrical
10174380,SOLAR STUDIOUK LIMITED,HP11 1QP,HP,43210,active,electrical
00874533,SOTHAM ENGINEERING SERVICES LIMITED,CB21 5BS,CB,"43210,43220,43290,43999",active,electrical
15857509,M&G ELECTRICAL SERVICES LIMITED,SS11 8YU,SS,43210,active,electrical
10840543,EAN ELECTRICAL LTD,CW8 2QN,CW,43210,active,electrical
10840545,BECKS ELECTRICAL & BUILDING SERVICES LIMITED,AL6 9PT,AL,43210,active,electrical
08121519,GRAEME MORGAN ELECTRICAL LIMITED,CV37 8ET,CV,43210,active,electrical
11786740,PRAGMATIC POWER SOLUTIONS LTD.,PO13 8BA,PO,43210,active,electrical
11439099,BRIGHT LANTERNS LIMITED,SA4 3GX,SA,43210,active,electrical
04918622,IVAN JONES ELECTRICAL SERVICES LIMITED,PL31 2RQ,PL,43210,active,electrical
11487387,SUNRISE PROPERTY MAINTENANCE LTD,SN3 2NW,SN,43210,active,electrical
04494120,S C PLAIN LIMITED,EX3 0DB,EX,"43210,43220,43390",active,electrical
NI047100,WILLIAMSON ELECTRICAL LTD,BT28 3XX,BT,43210,active,electrical
12765333,BRITTEN ELECTRICAL SERVICES LTD,ME4 6SR,ME,43210,active,electrical
13262836,T & C CHARGE POINTS LIMITED,TA2 8PZ,TA,43210,active,electrical
13093045,DH ELECTRICAL CONTRACTORS LTD,DH8 7HA,DH,43210,active,electrical
08667874,TRUE NORTH ELECTRICAL LTD,IP1 1RJ,IP,43210,active,electrical
08594650,AC-DC (PEMBS) LTD,SA67 8BN,SA,43210,active,electrical
09127720,THOROLD ELECTRICAL SERVICES LTD,SO18 1HZ,SO,43210,active,electrical
07043041,ANDY FLEMING ELECTRICAL LTD,CO9 2SU,CO,43210,active,electrical
SC587327,APEX ELECTRICAL SOLUTIONS LTD,ML3 0BP,ML,43210,active,electrical
06146090,KING ELECTRICAL INSTALLATIONS LIMITED,IP1 5HG,IP,43210,active,electrical
08237924,SPARTEK ECS LIMITED,IP25 6JB,IP,43210,active,electrical
04324381,MOSS TECHNICAL SERVICES LIMITED,CF33 6BN,CF,"43210,43999,71200",active,electrical
NI615253,AMB ELECTRICS LTD,BT45 7EB,BT,43210,active,electrical
06959327,K A A ELECTRICAL CONTRACTORS LIMITED,CT19 5EU,CT,43210,active,electrical
03753804,NEW GENERATION ELECTRICAL SERVICES LIMITED,DE6 3DT,DE,43210,active,electrical
14612350,Y ELECTRICAL SOLUTIONS LTD,WA3 3QZ,WA,"33120,33140,43210",active,electrical
15858014,RADIANT ELECTRICAL LTD,RM1 4XD,RM,43210,active,electrical
06323117,M A W ELECTRICAL SERVICES LTD,WF4 3PB,WF,43210,active,electrical
11013538,RPA ELECTRICAL SERVICES LIMITED,N11 2RR,N1,43210,active,electrical
03110380,LONG CONTROLS LIMITED,WS9 0RB,WS,43210,active,electrical
13529499,ELITE ECO INSTALLATIONS LIMITED,RM17 5NL,RM,"43210,43390,43999",active,electrical
06319424,VANGUARD HOMES LIMITED,LE16 9HE,LE,43210,active,electrical
06759506,M J WRIGHT ELECTRICAL LTD,CB23 7XT,CB,43210,active,electrical
SC430364,JAM CABLING LIMITED,AB12 3ZS,AB,43210,active,electrical
11181740,SH ELECTRICAL & CONSTRUCTION LTD,EN1 4SB,EN,"41202,43210",active,electrical
07340342,WELWYN-PROVED INSTALLATIONS LIMITED,AL7 4LG,AL,43210,active,electrical
09696108,LEVEL PROTECTION LIMITED,B73 6AL,B7,43210,active,electrical
06649368,MB-LEC LIMITED,NP10 8SX,NP,43210,active,electrical
13714140,AJS & SONS ELECTRICAL SERVICES LTD,ME1 1DQ,ME,43210,active,electrical
08326258,MK ELECTRICAL INSTALLATION & CONTROL LTD,NG16 3PA,NG,43210,active,electrical
03597332,G. CHRISTALL & CO. LTD.,WN6 7ES,WN,43210,active,electrical
02857884,UPTON SERVICES LIMITED,CR2 0BS,CR,43210,active,electrical
04310941,BRYANSTON RESEARCH LIMITED,GU26 6TX,GU,"43210,70229",active,electrical
15829531,M.A.D.E. ELECTRICAL INSTALLATIONS LTD,WS10 8TE,WS,43210,active,electrical
14052289,CGC ELECTRICAL SERVICES LTD,NW10 0EN,NW,43210,active,electrical
07315215,CHASEWOOD ELECTRICAL SERVICES LIMITED,WS12 3XL,WS,"43210,55201",active,electrical
14969799,TAWE ELECTRICAL LIMITED,SA12 7BR,SA,43210,active,electrical
14239765,TLR JOINTING LIMITED,PR25 2TF,PR,43210,active,electrical
07319015,REDMOND ELECTRICAL SOLUTIONS LIMITED,LL64 5XA,LL,43210,active,electrical
15037276,ODE ELECTRICALS LTD,B14 5PB,B1,43210,active,electrical
11491711,DSE ELECTROTECHNICAL LIMITED,WR3 7PN,WR,43210,active,electrical
07074262,INSPIRED DESIGNS (BUILDING) LIMITED,N3 2LT,N3,"43210,70229",active,electrical
06659559,S B ELECTRICALS LIMITED,BB4 7RD,BB,43210,active,electrical
11609951,MCM ELECTRICAL SOLUTIONS LIMITED,CM6 1UU,CM,43210,active,electrical
13705969,CSS ELECTRICAL & MECHANICAL LIMITED,SR5 2TA,SR,43210,active,electrical
12728980,JRS ELECTRICAL AND BUILDING SERVICES N.E LTD,,,43210,active,electrical
04663674,STUART DAY ELECTRICAL INSTALLATIONS LIMITED,CM7 3GB,CM,43210,active,electrical
13525371,ELITE CONTRACTORS NW LTD,M24 1JT,M2,"41201,41202,43210,43220",active,electrical
13112894,NEWARD ELECTRICAL LIMITED,SK11 6QG,SK,43210,active,electrical
NI663056,LJE SERVICES LTD,BT92 0AP,BT,43210,active,electrical
10429601,ACW ELECTRICAL SERVICES LTD,DN17 3SG,DN,43210,active,electrical
SC817901,STAG ELECTRICAL SOLUTIONS LTD,AB10 1AU,AB,43210,active,electrical
09243245,4TRONIC LTD.,WC2H 9JQ,WC,43210,active,electrical
13513015,BULB ELECTRICAL LIMITED,NW9 8HE,NW,43210,active,electrical
06387541,SIMON HODSON LIMITED,BB6 8DL,BB,43210,active,electrical
09275688,SOLVE CONSULTING (SW) LIMITED,CF72 9UR,CF,"41100,43210,43220,43390",active,electrical
08839286,EXCEL ELECTRICAL & DATA SERVICES LTD,L31 6EB,L3,43210,active,electrical
13416179,CAMERON ELECTRICAL SERVICES (SW) LTD,EX31 2LE,EX,43210,active,electrical
12901320,MIKE VOYLE ELECTRICAL LTD,SA18 3YH,SA,43210,active,electrical
07893835,ELECTRICAL INNOVATION (WALES) LIMITED,SA8 4HU,SA,"43210,43999",active,electrical
09502074,REUSE ELECTRICAL SERVICES LIMITED,B30 3JN,B3,43210,active,electrical
11485951,J-CO ELECTRICAL LTD,CR3 5NX,CR,43210,active,electrical
13666622,MATTLEC LIMITED,LS15 7QF,LS,43210,active,electrical
11489951,J FLEMING ELECTRICALS LTD,DN35 7AQ,DN,43210,active,electrical
12734555,ACC RENEWABLE ENERGY LTD,L9 7AT,L9,"35110,43210",active,electrical
08754060,CHANDLER ENGINEERING LIMITED,DN31 1NX,DN,43210,active,electrical
15865726,NUMDAR LTD,LL13 8NH,LL,"43210,96090",active,electrical
15030003,KEVLAR ELECTRICS LTD,E5 9AU,E5,"43210,43220",active,electrical
NI671192,PURE CLEAN (N.I.) LTD,BT22 2LS,BT,"33120,43210,46180,46750",active,electrical
15864512,MANN ELECTROTECHNICAL LTD,DL3 9PT,DL,43210,active,electrical
11484000,EMPOWER EA LIMITED,NR32 2HD,NR,43210,active,electrical
14245511,CABLEWISE PROJECTS LTD,EN11 8UR,EN,"42220,43210",active,electrical
10453496,HAWORTH ELECTRICS LIMITED,HD7 6HB,HD,43210,active,electrical
04500694,H & M ELECTRICS LIMITED,PE11 1TB,PE,43210,active,electrical
NI620485,MB MURPHY ELECTRICAL LTD,BT47 4NG,BT,43210,active,electrical
12267753,H & D ELECTRICAL LIMITED,DN31 1NX,DN,43210,active,electrical
09821745,4D VENTURE LIMITED,NG4 3JB,NG,43210,active,electrical
11637825,HAMNETT ELECTRICAL SERVICES LTD,M32 9TN,M3,43210,active,electrical
07744166,PV RENEWABLE ENERGY LTD,CM8 3EP,CM,43210,active,electrical
12981586,HIGH STANDARD ELECTRICALS LTD,SE13 7TY,SE,43210,active,electrical
15010883,ELEC NE LTD,DL16 6TR,DL,43210,active,electrical
15865712,JNW PROJECTS LTD,L23 5SE,L2,43210,active,electrical
04553334,ANDREW POLLARD LTD,CB8 7NT,CB,43210,active,electrical
09813877,OMF ELECTRICAL LTD,NG3 5XB,NG,43210,active,electrical
10050592,SMART SITE POWER LTD,CF14 6QH,CF,43210,active,electrical
12973973,ICONIC GAS AND ELECTRIC LTD,DA1 5FF,DA,"43210,43220",active,electrical
12280200,IMPERIUM ELECTRICS LTD,BA1 5NA,BA,"35140,43210,43220,43390",active,electrical
09811836,BELLIAMCO ELECTRICAL SERVICES LIMITED,ME8 7BG,ME,43210,active,electrical
04851329,BURFORD ELECTRICAL SERVICES  LIMITED,WR9 7HU,WR,43210,active,electrical
05267950,A.J.S. ELECTRICAL (SE) LIMITED,ME15 6YE,ME,43210,active,electrical
05192663,RIVERSIDE ELECTRICAL CONTROL SERVICES LIMITED,S7 1LE,S7,"26200,26512,27900,43210",active,electrical
04780549,OHMIC ELECTRICAL SERVICES LIMITED,GU19 5AX,GU,43210,active,electrical
11473333,HADDON POWER SERVICES LTD,NN17 5EU,NN,"43210,84250",active,electrical
14606081,BW AIR AND ENERGY SOLUTIONS LTD,CO3 0RA,CO,"43210,43220",active,electrical
04927850,IDEPEND LTD,EX17 3LQ,EX,43210,active,electrical
10440739,EV ELECTRICAL LTD,S10 5BY,S1,43210,active,electrical
13538490,ZEUS ELECTRICAL CONTRACTORS LTD,NN3 7UD,NN,43210,active,electrical
07045486,AMBER ELECTRICAL (DERBYSHIRE) LIMITED,DE75 7JH,DE,43210,active,electrical
10478162,NICOLAESCU LTD,IG9 6JF,IG,"41100,43210",active,electrical
12956719,PATCH ELECTRICAL AND MAINTENANCE LTD,BS22 6AR,BS,"33140,41201,41202,43210",active,electrical
11638591,FITZCSPARKS LTD,SS2 5RH,SS,43210,active,electrical
05247402,NEWBERY ELECTRICALS LIMITED,CT6 7PN,CT,43210,active,electrical
SC748997,CALLAGHAN ELECTRICAL SERVICES LTD,PH15 2AS,PH,43210,active,electrical
10272331,SPARKYS SPECIALIST LIMITED,LE18 1ND,LE,43210,active,electrical
12286437,SOCC ELECTRICAL LTD,CO9 2LS,CO,"33140,43210",active,electrical
12241433,DMJ ELECTRICAL SERVICES LIMITED,LD3 7EF,LD,43210,active,electrical
13692102,THELECTRICIANS LTD,SM2 7JA,SM,43210,active,electrical
08754400,MES ELECTRICAL LTD,HA4 8TW,HA,43210,active,electrical
08241660,SK ELECTRICAL SERVICES (UK) LTD,SE9 4DL,SE,43210,active,electrical
01973198,CENTRAL ELECTRICAL ENGINEERING SERVICES (HIGH WYCOMBE) LIMITED,HP19 3TE,HP,43210,active,electrical
07615249,PTS COMPLIANCE LTD,SO53 4DR,SO,43210,active,electrical
10303717,M EDWARDS ELECTRICAL LIMITED,DA16 2LE,DA,43210,active,electrical
11631511,MJE ELECTRICAL SERVICES SW LTD,TQ12 4AA,TQ,43210,active,electrical
11616859,GREENWAY 21 LTD,CF14 7HF,CF,"41100,42220,43210,43220",active,electrical
SC588306,SMART INSTALL ELECTRICAL CONTRACTS LTD,G52 4JL,G5,43210,active,electrical
13994813,MURT & NAVIN ELECTRICAL LTD,TR26 2TL,TR,43210,active,electrical
12997805,TOM COMMS LTD,TS5 7BJ,TS,43210,active,electrical
12277528,THUNDER SPARKS LTD,CM12 9DP,CM,43210,active,electrical
04564618,G-TEK CONTROL SYSTEMS LIMITED,NG17 3FW,NG,43210,active,electrical
11035299,INTELECT SERVICES LIMITED,LE11 5XR,LE,43210,active,electrical
12126010,LAKE ELECTRICAL SERVICES LIMITED,CM2 6DH,CM,43210,active,electrical
11610650,JAY-TECH ELECTRIC LTD,N11 1EJ,N1,43210,active,electrical
03113509,PREMIER COOLING MAINTENANCE LIMITED,KT15 2PS,KT,43210,active,electrical
SC712133,APPEN MECHANICAL SERVICES LTD,G51 2RL,G5,"43210,43220",active,electrical
11624749,LOGAN JACOBS LIMITED,SK13 1QH,SK,"41202,43210,43390",active,electrical
07049250,WOOLSTON ELECTRICS LIMITED,WA4 1DX,WA,43210,active,electrical
08256981,THOMAS WORLEY ELECTRICAL SERVICES LTD,IG8 7HX,IG,43210,active,electrical
09350129,CONVERT ENERGY LTD,CT1 3AA,CT,"43210,43220,46740,71122",active,electrical
11495568,T.S ELECTRICAL SERVICES (SUSSEX) LIMITED,TN40 1RG,TN,43210,active,electrical
08253229,A & R NETWORK SOLUTIONS LTD,B64 7QJ,B6,43210,active,electrical
13656407,"KSB ELECTRICAL, PLUMBING AND HEATING LTD",GU15 4HB,GU,"43210,43220",active,electrical
08919759,SEC MIDLANDS LTD,B42 2AB,B4,43210,active,electrical
SC488508,CORE ELECTRICAL FIRE & SECURITY LIMITED,ML1 5AB,ML,43210,active,electrical
02459765,L.M. INSTALLATIONS LIMITED,IG11 9PN,IG,43210,active,electrical
13297686,WEST ELECTRIC LIMITED,BS9 3DZ,BS,43210,active,electrical
04836353,TOWN & COUNTRY (TIMBER PRESERVATION) COMPANY LIMITED,CV10 0TB,CV,43210,active,electrical
01484650,CENTRAL ELECTRICAL ENGINEERING SERVICES (AYLESBURY) LIMITED,HP19 3TE,HP,43210,active,electrical
04560522,TUDOR TRADING (MODULAR) LIMITED,IP7 5EA,IP,"43210,82990",active,electrical
12932587,TRANTECH LTD,NE34 6SU,NE,43210,active,electrical
SC548993,AIM FIRE AND SECURITY LIMITED,EH14 1JL,EH,43210,active,electrical
07303572,KARRIK SERVICES LTD,DN4 8NF,DN,"43210,43390",active,electrical
13057390,L.E.D ELECTRICAL POWER LTD,HP21 8LF,HP,"41100,41202,42220,43210",active,electrical
15867823,W J RADFORD ELECTRICAL LTD,RG45 7EQ,RG,43210,active,electrical
11626344,CX ENERGY LTD,WA6 0AR,WA,43210,active,electrical
07429671,GEM SOLUTIONS (UK) LTD,NG5 9JN,NG,43210,active,electrical
11554833,KELLY ELECTRICAL SERVICES LTD,ME12 1RN,ME,43210,active,electrical
07053021,BURLINGTON ELECTRICALS LIMITED,N10 1NJ,N1,43210,active,electrical
07853477,S P MARTIN ELECTRICALS LIMITED,CA13 9LQ,CA,43210,active,electrical
05971157,JNL CABLING LIMITED,IP30 9GH,IP,43210,active,electrical
12268468,MORGAN TECHNICAL SERVICES (SOUTH WALES) LTD,CF32 0HL,CF,43210,active,electrical
12965848,FIRST STEP SERVICES LIMITED,DA14 4BG,DA,43210,active,electrical
11632730,HOME FIX GLOBAL LIMITED,E11 4HD,E1,"43210,43220",active,electrical
SC602582,TNC ELECTRICS LTD,EH26 9HJ,EH,43210,active,electrical
NI646993,AJQ ELECTRICAL LTD,BT34 5BP,BT,43210,active,electrical
12959462,FORSHAW ELECTRICAL LTD,WN6 9DR,WN,43210,active,electrical
12259675,ELECTESTWALES LTD,SA18 1EG,SA,"41100,43210,55209,68100",active,electrical
14266071,SUFFOLK ELECTRICAL LTD,IP7 6RD,IP,43210,active,electrical
07305684,CORE AV LIMITED,KT1 1JP,KT,43210,active,electrical
00886570,FIRST IN SERVICE LIMITED,B7 4PR,B7,"43210,43220,43290",active,electrical
12837369,RKCI LTD,NG16 2WJ,NG,43210,active,electrical
NI615185,C L ELECTRIC LIMITED,BT49 9ND,BT,43210,active,electrical
15869180,AM ELECTRICIAN MAINTENANCE LTD,N16 0NY,N1,"43210,43390",active,electrical
12122400,GRASMERE ELECTRICAL LIMITED,HA7 1BU,HA,43210,active,electrical
11489738,CJP ELECTRICAL CONTRACTORS LTD,PO2 9JE,PO,43210,active,electrical
15031300,AGE ELECTRICAL LTD,IG11 8NL,IG,"43210,71129",active,electrical
03280216,P.L. TAYLOR ELECTRICAL SERVICES LIMITED,SS7 5HB,SS,43210,active,electrical
08152053,COLEFORD ELECTRICAL SERVICES LIMITED,GL15 5EN,GL,43210,active,electrical
10283721,AP (NE) ELECTRICAL CONTRACTORS LIMITED,NE3 3PF,NE,43210,active,electrical
07502722,C B JOINTING LIMITED,SO30 3DR,SO,43210,active,electrical
11029669,LMB ELECTRICAL CONTRACTORS LIMITED,N12 8QJ,N1,43210,active,electrical
10996226,PROMETHEUS ELECTRICAL LTD,SA14 8UH,SA,43210,active,electrical
09370010,GRITT ELECTRICAL LTD,TN37 7BW,TN,43210,active,electrical
06546153,GARY MCKENRY LTD,RG31 5LG,RG,43210,active,electrical
SC644049,GWL ELECTRICAL LTD,G1 3NQ,G1,43210,active,electrical
12756891,SW HV COMMISSIONING LIMITED,YO7 1FJ,YO,43210,active,electrical
15860168,TOTAL POWER MAINTENANCE LIMITED,BH14 9BA,BH,"33140,43210",active,electrical
12771266,"ELECTRICAL,PLUMBING AND ENGINEERING SERVICES LTD",BB18 6XS,BB,"43210,71129",active,electrical
13514537,EV4HOME LIMITED,BS37 7QN,BS,43210,active,electrical
11653414,VMK ELECTRICAL LTD,N12 0HH,N1,43210,active,electrical
12239736,NEWBOLD ELECTRICAL INSTALLATIONS LTD,CV32 4EG,CV,43210,active,electrical
11164075,ENVIRO TECH ELECTRICAL LTD,ME4 6BE,ME,43210,active,electrical
14256087,EAST ANGLIAN SOLAR LIMITED,IP3 8DB,IP,43210,active,electrical
06972843,WILLOW ELECTRICAL LIMITED,LE16 8XS,LE,43210,active,electrical
10298891,CEC DEVELOPMENTS LIMITED,TN6 1XH,TN,43210,active,electrical
03406413,P S B SYSTEMS LIMITED,HX3 9UF,HX,43210,active,electrical
12940206,EIE LONDON LTD,NW9 5JD,NW,43210,active,electrical
15861991,MM BUILDERS & INSTALLATIONS LIMITED,E2 0QR,E2,43210,active,electrical
07596394,J-E-S LONDON LIMITED,SM1 3DZ,SM,"41202,43210,43390,43999",active,electrical
11288263,WIRE DESIRE ELECTRICAL LIMITED,E17 6PS,E1,43210,active,electrical
11818751,DCH AIR CONDITIONING AND ELECTRICAL LIMITED,WR10 2NY,WR,"35300,43210",active,electrical
05404564,B & R ELECTRICAL LIMITED,IG9 5RX,IG,43210,active,electrical
11054663,OXENHOPE LIMITED,BD22 9QP,BD,43210,active,electrical
13527737,CIRCUIT SAFE LIMITED,SE18 6GQ,SE,43210,active,electrical
11107782,A WELLAND ELECTRICAL LIMITED,PE26 1BS,PE,43210,active,electrical
10822844,RELUX CLADDING LTD,B70 6RG,B7,43210,active,electrical
11486759,SIMARC ELECTRICALS LIMITED,E5 8SX,E5,43210,active,electrical
11022189,JOSHMAT ELECTRICAL SERVICES LTD,NE11 9SY,NE,43210,active,electrical
11626558,GRE ELECTRICAL LTD,DL8 1RR,DL,43210,active,electrical
SC546827,BERRY ANTIQUES LTD.,IV19 1BJ,IV,"33140,43210,47791",active,electrical
10285952,EAGLE EYE SECURITY (U.K.) LIMITED,WV2 3AA,WV,43210,active,electrical
11636117,H & E ELECTRICAL LTD,DN3 1RP,DN,"33140,43210",active,electrical
09149836,ANL ELECTRICAL LIMITED,WF4 3FS,WF,43210,active,electrical
SC057900,E.W. EDWARDSON (ELECTRICAL CONTRACTORS) LIMITED,KY6 2RE,KY,43210,active,electrical
14450757,COMPLETE ELECTRICAL SERVICES(GB) LIMITED,WR9 8SZ,WR,43210,active,electrical
02546432,MINKWARD LIMITED,CR2 0QU,CR,43210,active,electrical
08611654,CONSULT DESIGN CONTRACT LIMITED,NR7 0HR,NR,43210,active,electrical
11107334,PRIMONT LTD,LS14 5NH,LS,"43210,43390",active,electrical
07042427,AIRCOND (RO) LIMITED,NW9 8SL,NW,"43210,43999",active,electrical
13272224,AP SPARKY LTD,RM17 5AT,RM,43210,active,electrical
09013655,PEACOCK ELEC LTD,CB24 5JF,CB,43210,active,electrical
04484138,MARKBENCH ENGINEERING SERVICES LIMITED,SW11 5QL,SW,"43210,46190,46620",active,electrical
09533274,B2 ENERGY LIMITED,ST4 7BU,ST,"43210,43220,43999",active,electrical
12737822,BJC INSTALLATION LIMITED,IP11 7PR,IP,43210,active,electrical
04739131,HAASP LIMITED,KT16 9AD,KT,"43210,43390,59112,62020",active,electrical
09279507,PMZ ELECTRICAL CONTRACTORS LTD,CW12 4YL,CW,43210,active,electrical
08176280,ROBBINS ELSON LTD,RG7 8JA,RG,"33140,43210",active,electrical
11652525,EVEI LIMITED,HX6 4RR,HX,"33140,43210",active,electrical
05598895,CABE ELECTRICAL CONTRACTORS LTD,IG4 5PT,IG,43210,active,electrical
07770761,BCL GWYNT LIMITED,EC3M 6BL,EC,"42990,43210",active,electrical
14319064,ALDRED ELECTRICAL SERVICES LIMITED,NR29 3LW,NR,43210,active,electrical
13140164,LANCASTER ELECTRICAL SERVICES LIMITED,LA5 8BN,LA,43210,active,electrical
09705068,DNA ELECTRICAL LIMITED,ME5 8DB,ME,43210,active,electrical
07817333,MILLERS ELECTRICAL CONTRACTORS LIMITED,BA11 1BH,BA,43210,active,electrical
14994908,SOLAR TEK RENEWABLES LIMITED,NR14 7DU,NR,43210,active,electrical
07717240,WIRING WORKS LIMITED,TF1 3NG,TF,43210,active,electrical
04588512,PENNY ELECTRICAL LTD,SA43 1SJ,SA,43210,active,electrical
15266023,RENU HEATING LTD,LE7 1GP,LE,"43210,43220",active,electrical
13710545,ITLA ELECTRICAL LIMITED,TS13 4QN,TS,43210,active,electrical
10298229,JHR ELECTRICAL SERVICES LTD,LE67 8LQ,LE,43210,active,electrical
09386761,SINGLELEC LIMITED,L25 9SD,L2,43210,active,electrical
12948559,BOSS ELECTRICS LTD,E15 3BQ,E1,43210,active,electrical
13701342,SPOT ELECTRICAL LTD,EN11 8ND,EN,"43210,43220",active,electrical
12108074,HOPE ENERGY SYSTEMS LTD,S32 2HF,S3,"43210,43220",active,electrical
03392702,ANDREWS ELECTRICAL LIMITED,DY5 1LX,DY,43210,active,electrical
13235266,DGC ELECTRICAL SOLUTIONS LIMITED,B90 4UW,B9,43210,active,electrical
10655178,ABLE ELECTRICAL CONTRACTORS LIMITED,RM17 6BU,RM,43210,active,electrical
SC711154,SPARTAN ELECTRICAL SCOTLAND LTD,EH3 7BD,EH,43210,active,electrical
12262932,FORTRESS GARAGE DOORS LIMITED,CA1 2FT,CA,43210,active,electrical
10850275,A7 ELECTRICAL SOLUTIONS LIMITED,SY2 6LG,SY,43210,active,electrical
08623113,INTELECT MIDLANDS LIMITED,TS2 1QT,TS,43210,active,electrical
12318395,LP ELECTRICIAN LTD,CF14 8LH,CF,"43210,43999",active,electrical
11450965,GETO-DACIA BUILDING LTD,EC1V 2NX,EC,"43210,43390",active,electrical
01931921,GEOFF TODD (ELECTRICAL) LIMITED,BD13 2AN,BD,43210,active,electrical
05953370,KSB ELECTRICAL SERVICES LTD,SM4 5RA,SM,43210,active,electrical
NI069698,CABRAGH TRADING LTD,BT62 2DY,BT,"43210,68100,68209",active,electrical
11021328,CREATE ELECTRICAL LTD,BN3 2DL,BN,"43210,96090",active,electrical
NI698767,CM LOGUE CONTRACTS LTD,BT47 3GW,BT,43210,active,electrical
12708098,WGR ELECTRICAL SERVICES LTD,B72 1TT,B7,43210,active,electrical
07319943,ISPARKY ELECTRICAL SERVICES LIMITED,SL1 7NH,SL,43210,active,electrical
04486706,D L TAYLOR LIMITED,SO31 1BE,SO,43210,active,electrical
13709012,SOUTHERN SMART HOMES LIMITED,BH6 5DZ,BH,"43210,62090",active,electrical
15860885,SWITCH ELECTRICAL NE LTD,TS27 4EB,TS,43210,active,electrical
07396982,KOVOSCHMIDT LTD,N1 7GU,N1,43210,active,electrical
04850556,M S HOLMES ELECTRICAL CONTRACTORS LIMITED,BD23 4HJ,BD,43210,active,electrical
09330961,SHIRLEY PARK SOLUTIONS LIMITED,CR3 6TB,CR,43210,active,electrical
12742779,24/7 ELECTRIX LTD,SK2 6AZ,SK,43210,active,electrical
NI663399,MCCARTNEY ELECTRICS LIMITED,BT94 2LH,BT,43210,active,electrical
13233018,VERIFY ELECTRICAL LTD,EC1V 2NX,EC,43210,active,electrical
NI634224,ALPHA AUTOMATION LIMITED,BT28 2FZ,BT,43210,active,electrical
13702822,SD ELECTRICAL LINCOLN LIMITED,LN6 3AF,LN,43210,active,electrical
03876812,COLBRE PROJECTS LIMITED,BB4 5QN,BB,"42990,43210,43320,43341",active,electrical
09851202,BISON ELECTRICAL SERVICES LTD,NR34 7XD,NR,43210,active,electrical
13665428,TEMPLAR ELECTRICAL AND SECURITY LTD,BS32 4DZ,BS,43210,active,electrical
10056674,JPB ELECTRICAL SERVICES LIMITED,B60 4BD,B6,43210,active,electrical
06199258,JULIAN WILSON ELECTRICAL LIMITED,LA9 7EZ,LA,43210,active,electrical
08616396,CARTHY SKILLING ELECTRICAL LTD,L21 8JU,L2,43210,active,electrical
09270070,MYE RENEWABLES LTD,DE65 5HN,DE,43210,active,electrical
10031292,OLX TECH LTD,E6 1NQ,E6,"43210,43999",active,electrical
06882247,ADMI ELECTRICAL LTD,GU21 4XR,GU,43210,active,electrical
03257553,ANDREW DAVY ELECTRICAL (SOUTH WEST) LIMITED,PL17 7NT,PL,43210,active,electrical
14264514,W&K ELECTRICAL SERVICES LIMITED,NG16 3PA,NG,43210,active,electrical
09709035,HAMPSHIRE ELECTRICAL LTD,PO4 8PY,PO,43210,active,electrical
13535065,WEYMOUTH ELECTRICAL SERVICES LTD,DT4 8EQ,DT,43210,active,electrical
NI038458,M.D.F. ELECTRICAL LIMITED,BT53 8YQ,BT,43210,active,electrical
08153325,JELS ELECTRICAL LTD,NN4 9XJ,NN,43210,active,electrical
10410769,J OUTWIN ELECTRICAL CONTRACTORS LTD,S75 3LS,S7,43210,active,electrical
15863771,WILLS ELECTRICAL SERVICES (SW) LTD,TA6 7NA,TA,"43210,43220",active,electrical
11333680,PAS PROJECT SERVICES LTD,L15 5AN,L1,43210,active,electrical
10415001,M&S ALARMS LTD,L15 5AN,L1,43210,active,electrical
00941688,LIGHTFOOT BROS.LIMITED,MK18 2FL,MK,43210,active,electrical
SC382808,SWDB LIMITED,G53 7WQ,G5,43210,active,electrical
07789696,AFDC LIMITED,M30 9DD,M3,43210,active,electrical
09674860,RIDLEY ELECTRICALS LIMITED,NE29 0RQ,NE,43210,active,electrical
11454868,SPC ELECTRICAL SOLUTIONS LTD,CO5 0EU,CO,43210,active,electrical
14973400,ELECTROMOTIVE LTD,FY4 1SJ,FY,43210,active,electrical
09243840,SUNSET PRODUCTIONS LTD,LU3 4BU,LU,"43210,59140",active,electrical
08741893,ELECTRIC-KING LTD.,CM8 3ER,CM,43210,active,electrical
12263411,YEET ELECTRICAL SERVICES LTD,PO30 2EE,PO,43210,active,electrical
13536083,DELTA ELECTRICAL CUMBRIA LTD,CA14 2SL,CA,43210,active,electrical
11639463,D&C ELECTRICAL (KENT) LTD,CT7 9NG,CT,43210,active,electrical
13422081,LYMM ELECTRIC LIMITED,WA4 1PN,WA,43210,active,electrical
09807022,MILTONS OF PIMLICO LTD,SW1P 4ER,SW,"43210,43220,43390",active,electrical
04312190,R. BROOKS ELECTRICAL SERVICES LIMITED,GU14 6JP,GU,43210,active,electrical
12757152,COPPERWOOD FSE LIMITED,L40 8JW,L4,43210,active,electrical
12119035,HRC ELECTRICAL LTD,TF1 7EY,TF,43210,active,electrical
07325444,BW ELECTRICAL AND MECHANICAL LIMITED,CR2 9LH,CR,"43210,68100,68209,68320",active,electrical
11468758,HEPTONSTALL & BROWN LIMITED,NR13 5LA,NR,"43210,43999",active,electrical
08160938,CORE ELECTRICAL SERVICES (SOUTHERN) LTD,BN14 9EY,BN,43210,active,electrical
12762897,STARTLINE SERVICES LTD,HA1 2EN,HA,"43120,43210",active,electrical
15024595,GRAINGERS ELECTRICAL AND BUILDING SERVICES LIMITED,TS1 3QW,TS,43210,active,electrical
SC771155,ELITE ENERGY & ELECTRICAL SERVICES LTD,ML2 9BQ,ML,43210,active,electrical
12727688,CORBYN ELEC LTD,TS7 8EH,TS,43210,active,electrical
11019656,OLIVER ELECTRICAL INSTALLATIONS LTD,SS17 7BP,SS,43210,active,electrical
12969491,RAW ELECTRICAL SERVICES LIMITED,DA14 4BG,DA,43210,active,electrical
12085002,MODUTECH HULL LTD,HU5 1RR,HU,"43210,43220,43320,43341",active,electrical
13665012,AFZ ELECTRICAL SERVICES LTD,OX4 3DH,OX,43210,active,electrical
SC578715,GRAMPIAN ELECTRICAL SOLUTIONS LTD,AB22 8XG,AB,43210,active,electrical
07825900,VR ELECTRICAL LIMITED,CM15 9RP,CM,43210,active,electrical
04511792,A J N ELECTRICAL (DORSET) LIMITED,DT10 1FG,DT,43210,active,electrical
14712738,MAIN BAKER ELECTRICAL LTD,BR2 9EJ,BR,43210,active,electrical
04572025,JOHN SHAW (HASTINGS) LIMITED,TN32 5LT,TN,43210,active,electrical
14471739,LT ENGINEERING LIMITED,PO7 7DT,PO,43210,active,electrical
05189146,LA CONTRACTING SERVICES LIMITED,EN8 9DH,EN,43210,active,electrical
07940664,CITI ELECTRICAL & ALARMS LIMITED,BR2 0ST,BR,43210,active,electrical
15863063,EL'SYIRA A'MARLA LTD,HP13 6AH,HP,"43210,47710,59112,59200",active,electrical
04303748,DSM ELECTRICAL INSTALLATIONS LIMITED,WR3 7NU,WR,43210,active,electrical
09102278,KRYSSBO LTD,LU2 0AX,LU,43210,active,electrical
09273133,VOLTAGE ELECTRICAL SERVICES (UK) LTD,ME14 1LH,ME,43210,active,electrical
13522128,I ELECTRICIAN & RENEWABLES LTD,CF5 4SA,CF,43210,active,electrical
06702940,CBE INSTALLATIONS LTD,PO17 6EX,PO,43210,active,electrical
00952570,ALBERT TATTERSALL LIMITED,HD3 4TG,HD,43210,active,electrical
11609581,SEAN BENNETT ELECTRICAL LIMITED,RH10 6HR,RH,43210,active,electrical
13539089,A D BROOKES ELECTRICAL SERVICES LIMITED,B98 0PH,B9,43210,active,electrical
05269173,SAFESTART LTD,NW4 1NJ,NW,43210,active,electrical
07040035,ULTIMATE ELECTRICAL LTD,PO30 5QZ,PO,43210,active,electrical
06960971,MJK ELECTRICAL SOLUTIONS LTD,OL3 5SR,OL,43210,active,electrical
12265604,SYSMTECH LTD,ST16 2EJ,ST,"43210,80200",active,electrical
05976974,POWER-PLUS SOLUTIONS LIMITED,BS36 2AQ,BS,43210,active,electrical
09285879,JAMES SNELL ELECTRICAL LIMITED,BN8 4PU,BN,43210,active,electrical
11474510,REALM ELECTRICAL SERVICES LIMITED,ME5 9JE,ME,43210,active,electrical
05913575,FUSION ELECTRICAL ENGINEERING SERVICES LIMITED,M27 9LA,M2,"43210,71122,71129",active,electrical
08208042,ECO TRADES SOUTH WEST LTD,TQ3 2HN,TQ,"43210,43220",active,electrical
13767592,CHESTERS ELECTRICAL LIMITED,LE4 1EB,LE,43210,active,electrical
11496198,B & F ELECTRICAL LTD,PE21 8QF,PE,"33140,43210",active,electrical
11915972,PP ELECTRICAL LTD,ME19 6BJ,ME,"43210,84250",active,electrical
11907879,CE1 ELECTRICAL LTD,UB8 1JZ,UB,43210,active,electrical
06984963,MCMAIN ELECTRICAL LIMITED,DL3 8NB,DL,43210,active,electrical
14801917,MOVR SOLAR & RENEWABLE ENERGY LIMITED,SM1 2NA,SM,43210,active,electrical
SC571226,CHROMACOLLECTION LIMITED,G11 6AA,G1,"43210,96020",active,electrical
SC644619,REWIRE SOLUTIONS LTD,PA3 3TF,PA,43210,active,electrical
09821871,BRAMINGHAM BUILDING AND ELECTRICAL SERVICES LIMITED,HP23 5AL,HP,43210,active,electrical
09139987,ELEC4YOU LIMITED,HA5 3DW,HA,43210,active,electrical
14225615,TRYDAN ELECTRICAL LIMITED,NN4 7SL,NN,43210,active,electrical
SC689437,GRAEME BAIRD ELECTRICAL SERVICES LIMITED,ML2 7AU,ML,43210,active,electrical
09230849,C. PLAYFORD ELECTRICAL SERVICES LIMITED,DA7 6PS,DA,43210,active,electrical
04504486,SIMPSON & WOOD LTD,YO32 9LE,YO,43210,active,electrical
15015148,LONDON AND SURREY RENEWABLES. LTD,SM4 4JW,SM,"43210,43220,80200",active,electrical
SC723810,D.J. ELECTRICAL SERVICES (INVERCLYDE) LTD,PA16 0EQ,PA,43210,active,electrical
00252435,J.J. MARR AND COMPANY LIMITED,L2 0PQ,L2,43210,active,electrical
05892273,ILFORD ELECTRICAL LTD,E14 9FJ,E1,43210,active,electrical
09228006,FIVE SPARKS LTD,BS7 9NP,BS,"43210,73110",active,electrical
07401286,TEALE ELECTRICAL LTD,LS18 5EU,LS,43210,active,electrical
07317544,TARR ELECTRICAL LTD,GL11 5NZ,GL,43210,active,electrical
11619076,JYP LIMITED,WD6 2JA,WD,"43210,43390",active,electrical
12103824,GEM-TEC ELECTRICAL SOLUTIONS LIMITED,NN4 0DE,NN,43210,active,electrical
11614076,LONDON WEST ELECTRICAL SERVICES LTD,WC1N 3AX,WC,43210,active,electrical
06592488,MERCURY BUILDING SERVICES LIMITED,CO10 9EP,CO,43210,active,electrical
07957665,GRAHAM MORLEY ELECTRICAL LIMITED,NG13 8BQ,NG,43210,active,electrical
09157555,PAUL OLIVER ELECTRICAL LTD,CT10 2FY,CT,43210,active,electrical
14726052,JAKE MORGAN ELECTRICAL AND SOLAR LTD,LA9 7HE,LA,43210,active,electrical
08967811,AJPE LIMITED,WA6 7QY,WA,43210,active,electrical
15870667,GREENLIGHT ELECTRICAL SERVICES & FACILITIES MANAGEMENT LTD,OL16 2QY,OL,43210,active,electrical
15021235,WESTGATE PROPERTY SOLUTIONS LIMITED,NG19 8HX,NG,"41100,43210",active,electrical
14230727,SMK ELECTRICAL SERVICES LTD,BR2 8NE,BR,43210,active,electrical
NI719390,Q&M MECHANICAL SERVICES LTD,BT78 3AU,BT,"43210,43220,71129",active,electrical
14805291,CONSULTING ELECTRICAL SERVICES LIMITED,SA12 7PT,SA,"43210,71129",active,electrical
04301233,"BAYWARMTH GAS, HEATING AND PLUMBING LTD",TA10 9NG,TA,"43210,43220,43390",active,electrical
13175808,HJS ELECTRICAL SOUTHERN LTD,TN13 1YL,TN,43210,active,electrical
NI609616,EJ KITCHENS & BEDROOMS LTD,BT62 3NF,BT,43210,active,electrical
12118776,SNOWDONIA ELECTRICAL LTD,LL26 0LL,LL,"33140,43210",active,electrical
SC734137,LUKAS SOLAR SERVICES LTD,ML9 3JF,ML,"43210,43220,43910",active,electrical
13029081,E-CAP ENERGY LIMITED,FY4 2RW,FY,43210,active,electrical
11868384,LSW COMMS LTD,L12 0SE,L1,43210,active,electrical
07325043,PHIL O'BRIEN SERVICES LIMITED,WR2 4SW,WR,43210,active,electrical
SC818159,ARISAIG ELECTRICAL SERVICES LTD,EH18 1EA,EH,43210,active,electrical
15870657,FIRST CHOICE ELECTRICAL SOLUTIONS LIMITED,WR5 1TS,WR,43210,active,electrical
11258463,BARTON ELECTRICAL HOLDINGS LIMITED,OL2 7UX,OL,"43210,64209",active,electrical
15063141,KS ENGINEERING SOLUTIONS LTD,E6 3JQ,E6,"33140,41201,43210,43220",active,electrical
05909785,FKP SERVICES LTD,BS14 9DW,BS,43210,active,electrical
09486540,AM ACCESS INSPECTIONS LTD,TS23 2SD,TS,43210,active,electrical
03354020,K & R ELECTRICAL SERVICES LIMITED,NG16 3PA,NG,43210,active,electrical
08154632,KPS ASSOCIATES LTD,ME8 7EG,ME,"43210,43220",active,electrical
07483264,JRP ELECTRICAL SERVICES LIMITED,CV22 7DG,CV,43210,active,electrical
09714310,JSR INSTALLATIONS LIMITED,TN12 6UA,TN,43210,active,electrical
06798388,BASE ELECTRICAL (HARROGATE) LIMITED,HG2 7DW,HG,43210,active,electrical
NI639749,GPE ELECTRICS LIMITED,BT16 1TP,BT,43210,active,electrical
15036238,RAD ELECTRICAL SOLUTIONS LTD,AL7 1BH,AL,43210,active,electrical
NI646905,EDWARD PEARCE ELECTRICAL SERVICES LIMITED,BT6 8AS,BT,43210,active,electrical
07554966,JCH ELECTRICAL SERVICES LIMITED,BD16 3BU,BD,43210,active,electrical
15019442,CPN ELECTRICAL LIMITED,ME3 7EY,ME,"35140,42220,43210",active,electrical
11041478,MR PAUL M HUGHES LIMITED,TF9 1BD,TF,43210,active,electrical
15586192,ENGI SOLUTION LTD,N22 5EE,N2,"43210,78200",active,electrical
12777403,TEAM RENEWABLES LTD,S60 5HY,S6,"43210,43999",active,electrical
07530200,DARREN MORGAN LIMITED,SP5 3BF,SP,43210,active,electrical
09340285,SELECT RENEWABLES LTD,L31 8BT,L3,43210,active,electrical
01504318,SAVAGE & SONS (ELECTRICAL) LIMITED,SG18 8QA,SG,43210,active,electrical
03611422,ADVILLE LIMITED,NN16 9QJ,NN,"43210,43999",active,electrical
SC740099,SEFA GAS SERVICES LTD,FK1 2DD,FK,"43210,43220,43320,46740",active,electrical
12133928,W YORK & DAUGHTER ELECTRICAL LTD.,NG6 8SE,NG,43210,active,electrical
10467162,HAMMERHEAD ELECTRICAL SERVICES LTD,BN20 8EJ,BN,43210,active,electrical
03406778,B F ELECTRICAL SERVICES LIMITED,L15 8AN,L1,43210,active,electrical
08049474,CRE ELECTRICAL CONTRACTORS LIMITED,LS26 0TL,LS,43210,active,electrical
15050999,ELECTROLIGHTS ELECTRICAL SERVICES LTD,BS2 9RY,BS,43210,active,electrical
09036881,DE VERE ELECTRICAL LIMITED,SG12 8EW,SG,43210,active,electrical
10646326,LCA HOLDINGS LIMITED,CH5 3QY,CH,"26512,27120,43210,71121",active,electrical
12921620,GSPARKS ELECTRICAL SERVICES LTD,HA2 8LB,HA,"42220,43210,43999",active,electrical
14276091,ARRO ELECTRICAL SERVICES LTD,SO32 1AX,SO,43210,active,electrical
05887597,SPARX ELECTRICAL SERVICES LIMITED,BS3 3PW,BS,43210,active,electrical
SC550240,LITHSCOT LIMITED,ML1 5PB,ML,43210,active,electrical
08800307,ANDREW HILL ELECTRICAL SERVICES LIMITED,DE21 5DN,DE,43210,active,electrical
04849310,TERRY'S ELECTRICAL SERVICES LTD.,CB23 4EY,CB,43210,active,electrical
10992407,BUZZWELL LTD,CR2 8NA,CR,43210,active,electrical
10882875,GLOWBOLT GROUP LIMITED,PE3 7PS,PE,43210,active,electrical
15873279,JJB ELECTRICS LTD,L9 9AR,L9,43210,active,electrical
11490477,SKYE LIGHT LTD,BN43 5EG,BN,43210,active,electrical
05570556,MONARCH GLOBAL LIMITED,BH6 5NW,BH,"43210,43220,43320,43999",active,electrical
NI700034,WEIR & BRO. ELECTRICAL LTD,BT74 7DP,BT,43210,active,electrical
05192221,ALLCOTT-WELLS ELECTRICAL LTD,BN25 2DX,BN,43210,active,electrical
08009606,ONE WAY GROUP LIMITED,ST3 1NY,ST,43210,active,electrical
05605256,KGM INSTALLATION CONTRACTS LIMITED,NE23 1WG,NE,43210,active,electrical
08152943,S.J.REED AND SON ELECTRICAL ENGINEERS LTD,GU31 5EG,GU,43210,active,electrical
10312276,COMPASS ELECTRICAL PROJECTS LIMITED,PO12 1LY,PO,43210,active,electrical
14227010,HARNESSING ENERGY LIMITED,BN6 8QL,BN,43210,active,electrical
14087974,SOUTH GREEN ENERGY LTD,SL3 8LL,SL,"43210,43220",active,electrical
08461403,BENERGY ELECTRICAL & RENEWABLES LTD,LE2 9FJ,LE,43210,active,electrical
13541652,CLOUGH ELECTRICAL CONTRACTORS LTD,DL1 1GL,DL,43210,active,electrical
12648406,LDM BUILD LTD,PE27 5BH,PE,"41202,43210,43220,43310",active,electrical
13621592,WF ELECTRICAL SERVICES LIMITED,SN9 5HX,SN,43210,active,electrical
11595058,DAN CRICK ELECTRICAL LIMITED,LU2 8BJ,LU,43210,active,electrical
10966079,VISIONTEK FIRE & SECURITY SYSTEMS LTD,BS30 9XN,BS,43210,active,electrical
09229987,THAKADY SERVICES LTD,GU23 7EU,GU,"43210,43999",active,electrical
13608808,WESTFIELD ELECTRICAL NORTH WEST LTD,L1 4AR,L1,43210,active,electrical
09807807,SREMA LTD,N1 9SB,N1,43210,active,electrical
09222931,LUMITIQ LTD,HA5 4RR,HA,"43210,74909",active,electrical
10936780,HART ELECTRICAL CONTRACTORS LTD,ST7 4QY,ST,43210,active,electrical
12073175,I & T ELECTRICAL & ENGINEERING LTD,L9 4RE,L9,43210,active,electrical
06552406,BAMFORDS (YEOVIL) LTD,BA20 2TJ,BA,"43210,43220",active,electrical
14423140,KIRBY ELECTRICS LIMITED,SS17 0HJ,SS,43210,active,electrical
11552372,SMART ELECTRICAL SERVICES 1 LTD,NP13 2PB,NP,43210,active,electrical
07770448,SOUTHWEST RENEWABLES LTD,PL9 7GP,PL,"43210,43220",active,electrical
04321849,SOUND & VISION INSTALLATIONS LTD,SY21 8BU,SY,"43210,47430",active,electrical
05479995,SC POWER & DATA LTD,DA14 5HL,DA,43210,active,electrical
05949751,V2 INTERNATIONAL LIMITED,PO15 5TD,PO,43210,active,electrical
13240787,ES ELECTRICAL LTD,DH5 0GW,DH,43210,active,electrical
13626474,PROTEC SMART SOLUTIONS LTD,CF14 3ED,CF,"43210,62090",active,electrical
11614840,GINN ELECTRICAL LTD,AL6 9PX,AL,43210,active,electrical
11550274,HES (HIGHLAND ELECTRICAL SERVICES) LIMITED,BH16 6FA,BH,"43210,71129",active,electrical
02830950,GLEBE ELECTRICAL INSTALLATIONS LIMITED,HP17 8RH,HP,43210,active,electrical
SC401392,PULSE FACILITIES LIMITED,PA3 2RS,PA,43210,active,electrical
13620403,GRN ELECTRICAL LTD,NN13 6HA,NN,43210,active,electrical
09511509,GH CONTRACTING LIMITED,SO15 8LL,SO,43210,active,electrical
12895975,JDYL LIMITED,HA8 5EZ,HA,43210,active,electrical
11616533,CUBE INTERIORS & REFURBISHMENT LTD,SL4 6QB,SL,43210,active,electrical
06064529,LAING FIRE LIMITED,ME5 9QQ,ME,43210,active,electrical
SC570025,RUSSELL BRODIE ELECTRICAL LIMITED,G41 3DH,G4,43210,active,electrical
10668449,PURPLE POWER ELECTRICAL LTD,BR2 0JN,BR,43210,active,electrical
08226211,LEKTERS LIMITED,SS0 0AN,SS,43210,active,electrical
11584396,SMART HOME TECHNICAL LTD,BH22 9NH,BH,"42220,43210,43220,43390",active,electrical
14928948,ELECTROLICIOUS LTD,CA15 6AZ,CA,"27900,33140,43210,72190",active,electrical
09212588,APL TECHNICAL SERVICES LIMITED,HU11 4PA,HU,43210,active,electrical
07327983,INNOVATE ELECTRICAL CONTRACTORS LIMITED,DE55 1LW,DE,43210,active,electrical
11552717,BOB ELECTRICAL SERVICES LIMITED,N9 8EJ,N9,43210,active,electrical
NI691924,M BAIRD ELECTRICAL LTD,BT94 1GB,BT,43210,active,electrical
12271018,LAVERICK'S ELECTRICAL LTD,SO16 9JF,SO,43210,active,electrical
12221750,EO ALLIANCE LTD,TS25 2RN,TS,43210,active,electrical
12868682,HILLZ ELECTRICAL LIMITED,CO6 3JP,CO,43210,active,electrical
12977574,SEFA SERVICES LIMITED,SE25 4UF,SE,"43210,43290",active,electrical
12153246,SHERRIFF ELECTRICAL LTD,CV3 4BJ,CV,43210,active,electrical
13609131,WISHPROPERTYSERVICES LTD,EC1V 2NX,EC,"41202,43210,43220,43341",active,electrical
07445974,E-LEC ELECTRICAL SERVICES LIMITED,DN31 2LP,DN,43210,active,electrical
08683247,SOLENER LTD,SL2 2BH,SL,43210,active,electrical
04068974,WRENS ELECTRICAL LIMITED,AL5 4QB,AL,43210,active,electrical
12230824,PETTIT BUILDING SERVICES LTD,LU2 8EH,LU,43210,active,electrical
13678115,LOCAL ELECTRICIAN SERVICES LTD,LS12 5AY,LS,43210,active,electrical
12990984,UPASNA LTD,WD19 7AJ,WD,43210,active,electrical
15875800,A.MCCARRON SERVICES LTD,NG17 5JH,NG,"43210,82990",active,electrical
15051193,BCB ELECTRICAL LTD,CM1 4LP,CM,43210,active,electrical
12114882,SWITCH ELECTRICAL RESIDENTIAL & COMMERCIAL LTD,RH11 8HU,RH,43210,active,electrical
11655411,A&H ELECTRICS LTD,IG1 1HR,IG,43210,active,electrical
06284781,N R A ELECTRICAL LIMITED,BS37 4BJ,BS,43210,active,electrical
09121088,GROUNDED ELECTRICAL SERVICES LTD,KT18 7HP,KT,43210,active,electrical
15876811,BENFORD UV LTD,HP11 2NA,HP,43210,active,electrical
10900291,"CROFT PLUMBING, HEATING, ELECTRICAL CONTRACTORS LTD",TS25 1NS,TS,"43210,43220",active,electrical
12741534,KC HOME 1 LIMITED,EN10 6RH,EN,"41100,41202,43210,43220",active,electrical
09365091,ORB MECHANICAL & ELECTRICAL LTD,BS15 3FR,BS,43210,active,electrical
12131836,MOORE-ELEC LTD,WV14 9UZ,WV,43210,active,electrical
07689325,JCS ELECTRICAL SOLUTIONS LTD,OL14 7HZ,OL,43210,active,electrical
08618438,TOM B ELECTRICAL CONTRACTOR LTD,WD23 2JU,WD,"43210,43390",active,electrical
13748113,J.P.E. (NW) LIMITED,LL11 3SN,LL,43210,active,electrical
11140497,HAZELNUT ELECTRICAL LTD,SG17 5FT,SG,43210,active,electrical
05522596,BATTERSEA ELECTRICS LTD,KT5 9HR,KT,"41100,43210",active,electrical
13193496,NOW EV LTD,LU7 3SH,LU,43210,active,electrical
15641364,BASH ELECTRIC EPC AND GAS WORK LTD,CV2 4JZ,CV,"43210,43220",active,electrical
02294468,ROLEC SERVICES LIMITED,PE20 1QU,PE,"27900,43210",active,electrical
13750014,FULL MOON GROUP LTD,SR5 3DZ,SR,"33140,43210",active,electrical
13551927,PEB CABLE JOINTING LTD,DA12 5UE,DA,43210,active,electrical
12256332,GINGER SPARKS LTD,HP1 3NN,HP,43210,active,electrical
SC818409,FH FIRE SAFETY SOLUTIONS LTD,KA10 6EF,KA,43210,active,electrical
NI719493,TDH ELECTRICAL NI LIMITED,BT28 3DG,BT,43210,active,electrical
14720758,ARUNDEL CONSTRUCTION LTD,GU28 0JF,GU,"43210,43390",active,electrical
09110154,PHASED ELECTRICAL LIMITED,KT7 0BX,KT,43210,active,electrical
09519439,WAYNE CLARK ELECTRICAL LIMITED,AL8 7RA,AL,43210,active,electrical
03411906,T H C ELECTRICAL SERVICES LIMITED,TF8 7HP,TF,43210,active,electrical
04934123,PROJECT SOLVER LIMITED,CM6 1XN,CM,"43210,43999",active,electrical
15047110,DOC SOLAR & ELECTRICAL LIMITED,WN2 1LT,WN,"33140,43210",active,electrical
02117640,P.A.C. ELECTRICAL SERVICES LIMITED,CB24 8BW,CB,43210,active,electrical
09698632,S WARWICK LTD,DL12 8PH,DL,43210,active,electrical
11734809,TR ELECTRICAL CONTRACTORS LTD,TQ2 6NL,TQ,43210,active,electrical
07335303,TRANSFORM ELECTRICAL SERVICES LIMITED,ST5 5LL,ST,43210,active,electrical
08628531,LUBO2009 LTD,SM6 7EZ,SM,43210,active,electrical
SC636782,MUNRO ELECTRICS LTD,IV2 5BN,IV,43210,active,electrical
13950927,BERKSHIRE ELECTRICAL SOLUTIONS LTD,SL1 1XQ,SL,43210,active,electrical
06404735,TEMPOWER LIMITED,CB9 7AE,CB,"43210,49410,77310",active,electrical
SC730769,CALEC LTD,EH20 9LZ,EH,43210,active,electrical
07409526,SOLAR TEAM LTD,SW18 1NW,SW,"35110,43210",active,electrical
09848993,J&J HOLDING LTD,WD6 1RE,WD,43210,active,electrical
15854398,YOUR ENERGY SYSTEMS LTD,CH41 9HH,CH,"43210,43220",active,electrical
14913003,CDR ELECTRICAL LTD,KT1 4AS,KT,43210,active,electrical
SC704080,CALMAS ELECTRICAL LIMITED,G32 8FH,G3,43210,active,electrical
NI683852,ABG ELECTRICAL & SECURITY LTD,BT78 5HH,BT,43210,active,electrical
15025441,VOLTPRO LTD,WA5 2PB,WA,43210,active,electrical
07397361,ELECLINE LIMITED,HA7 2HQ,HA,43210,active,electrical
07802506,SUNTEC RENEWABLES LIMITED,SA12 6LL,SA,"35110,43210,43910",active,electrical
11435518,AJP HEBBURN LTD,NE31 2UE,NE,43210,active,electrical
08663256,ACW ELECTRICAL SUFFOLK LTD,IP2 0EH,IP,"33140,43210",active,electrical
09249763,N V ELECTRICS LIMITED,DN3 2TL,DN,43210,active,electrical
08175257,KBL ELECTRICAL LIMITED,DY10 1SS,DY,43210,active,electrical
SC512379,BARRY NICHOLSON ELECTRICAL SERVICES LTD,G68 0LL,G6,43210,active,electrical
08165070,A.M ELECTRICAL HARROGATE LTD,HG5 8LF,HG,43210,active,electrical
04710185,ECO MANAGEMENT LIMITED,SS9 1PE,SS,43210,active,electrical
12765309,HARP ELECTRICAL CONTRACTORS LTD,CF44 8EQ,CF,43210,active,electrical
08166912,JACKSON PETTITT CONTRACTING SOLUTIONS LIMITED,SS6 7BS,SS,43210,active,electrical
15879908,JUSTIN & BEDFORD SOLUTIONS LIMITED,L31 1ES,L3,43210,active,electrical
SC288763,CBES LIMITED,G5 0US,G5,"43210,43290,43320,71129",active,electrical
NI047416,D V V CABLING LTD,BT4 3ET,BT,43210,active,electrical
04998466,NORTH EAST AUTOMATION LIMITED,NE11 9EH,NE,43210,active,electrical
NI055685,REI SERVICES LTD,BT32 3RR,BT,43210,active,electrical
14236464,INTEGRITY ENERGY SOLUTIONS LIMITED,DL16 6EL,DL,43210,active,electrical
07723169,SLOPER ELECTRICAL SERVICES LIMITED,OX13 6LZ,OX,43210,active,electrical
03908521,D S ELECTRONICS LIMITED,BB7 4DS,BB,"43210,95110,95210,95220",active,electrical
14995858,GREENER SPARKS LIMITED,S43 3EU,S4,43210,active,electrical
09529238,NEUTRIX ELECTRICAL LIMITED,DE3 9JJ,DE,43210,active,electrical
07343611,SAFEGUARD ELECTRICAL ENGINEERING LTD,PE19 2BU,PE,43210,active,electrical
12801469,HELIX ELECTRICAL LIMITED,PO10 7GT,PO,43210,active,electrical
12105455,VAS ELECTRICAL LTD,TA6 4YZ,TA,43210,active,electrical
11256171,ALLAN CHIVERS ELECTRICAL LIMITED,BN22 8PW,BN,43210,active,electrical
14978812,INTERNATIONAL INSTRUMENT SERVICES LTD,TS7 9EY,TS,43210,active,electrical
10900777,PREMIER ELECTRICAL (U.K.) LTD,CF44 6DY,CF,43210,active,electrical
06718635,ELECTRACOM PROJECTS (UK) LTD,SL1 8DF,SL,43210,active,electrical
12993637,POWERLINE ELECTRICAL CONTRACTORS LTD,S8 7SB,S8,43210,active,electrical
08314529,SURREY FIRE SAFETY SOLUTIONS LIMITED,RH1 3ER,RH,43210,active,electrical
13331329,CIP ELECTRICAL LTD,HA5 5AG,HA,43210,active,electrical
12356290,OBG SERVICES LIMITED,TW9 4QN,TW,"43210,61100,61900,82990",active,electrical
15889227,TYNE AND WEAR ELECTRICAL LTD,NE34 7PR,NE,43210,active,electrical
13445544,EVAC SYSTEMS LONDON LIMITED,CT18 8HU,CT,43210,active,electrical
08942814,AJP ELECTRICS LTD,HP5 1LH,HP,43210,active,electrical
13015013,KDB HOME SOLUTIONS LTD,DA7 5BT,DA,"41202,43210,43220",active,electrical
01192766,A J CREWS & CO LIMITED,CF24 4AB,CF,43210,active,electrical
14479010,DATA TECHNICS LTD,KT16 8NH,KT,"43210,61900,62020",active,electrical
15558259,HMS ELECTRICAL SERVICES LIMITED,WA2 9UQ,WA,43210,active,electrical
14445807,T.DIALLO ELECT LIMITED,CR0 3BN,CR,"43210,49320,68209,81100",active,electrical
06933152,LCI CONTROLS LTD,YO8 9EG,YO,43210,active,electrical
11308662,JPR83 ELECTRICAL LIMITED,RM1 3JT,RM,43210,active,electrical
14283685,PTB ELECTRICAL SERVICES LTD,CO10 5JA,CO,43210,active,electrical
09122900,BLACK NOTLEY ELECTRICAL PROPERTY SERVICES LTD,CM77 8NW,CM,43210,active,electrical
05532248,NDS ELECTRICAL LIMITED,B79 7RB,B7,43210,active,electrical
SC791024,I FIX STUFF LTD,KA1 3JN,KA,"43210,43220,43390",active,electrical
10300421,CURRENT ELECTRICAL (NORTH WEST) LIMITED,PR6 9RB,PR,43210,active,electrical
09139913,ATO -SOLUTIONS1 LIMITED,SW19 2RR,SW,43210,active,electrical
13843320,GREEN TECHNOLOGY & SECURITY LTD,DE13 8RZ,DE,"43210,80200",active,electrical
13838982,SMITH ELECTRICAL & RENOVATION SERVICES LTD,M46 0DN,M4,43210,active,electrical
14285704,TECKENGINEERING LIMITED,EC2A 4NE,EC,43210,active,electrical
07721715,INTEND ELECTRICAL CONTRACTORS LIMITED,NG5 6LJ,NG,43210,active,electrical
02607182,FIRE SYSTEMS LIMITED,KT1 3GZ,KT,"43210,82990",active,electrical
15889658,CPB ELECTRICAL SERVICES LTD,DH4 6GE,DH,"43210,71129",active,electrical
04715186,A. SEWELL LIMITED,RG27 8BU,RG,43210,active,electrical
06163035,CARLTON ELECTRICAL SERVICES LIMITED,LN6 9JS,LN,43210,active,electrical
07090600,CALDER ELECTRICAL LIMITED,S8 7RT,S8,43210,active,electrical
06989270,TJC ELECTRICAL LIMITED,SN15 3HR,SN,43210,active,electrical
11261422,BAYLEY BUILDING LIMITED,DA9 9LS,DA,43210,active,electrical
06483429,WIDNES ELECTRICAL SUPPLIES LIMITED,WA8 0SW,WA,43210,active,electrical
08016453,SAFEGUARD COMMUNICATION SYSTEMS LIMITED,S64 8AP,S6,43210,active,electrical
13998773,CAKES LIGHTING LTD,NR11 6GB,NR,43210,active,electrical
14641974,BD POWER SERVICES LTD,SO50 5QB,SO,43210,active,electrical
07854182,MUSKER ELECTRICAL LTD,L12 1LW,L1,"43210,43220",active,electrical
09736471,CROFT SECURITY LIMITED,S12 4WD,S1,43210,active,electrical
15891815,EVERYONE ELECTRIC LTD,WR11 7AB,WR,"43210,47910",active,electrical
08171194,DAVE HAMLEY ELECTRICAL LIMITED,PL26 7BY,PL,43210,active,electrical
04026700,SHROPSHIRE COOLING SERVICES LIMITED,SY3 7FA,SY,43210,active,electrical
03344863,ASTON ELECTRICAL LIMITED,WD3 1DD,WD,43210,active,electrical
11503542,RICHES & BULLARD ELECTRICAL LTD,IP2 8PU,IP,43210,active,electrical
14442220,BOULTBEES BULBS LTD,TW17 8JN,TW,43210,active,electrical
13542880,MECH SOLUTIONS (YORKSHIRE) LTD,HX5 0LW,HX,43210,active,electrical
10902872,GDP ELECTRICAL SERVICES LTD,LU6 3LY,LU,43210,active,electrical
07457624,AJ ELECTRICAL (HERTS) CONTRACTORS LIMITED,HP1 1XD,HP,43210,active,electrical
13514822,LET ELECTRICAL SOLUTIONS LIMITED,CH4 0PE,CH,"33140,43210",active,electrical
15892017,ST ALBANS PLUMBING ELECTRICAL LTD,AL1 3TF,AL,"43210,43220,71200",active,electrical
13108253,BZY SERVICES LTD,NG20 9BP,NG,"43210,43220,45200,80200",active,electrical
10869480,JDZILL LTD,LN7 6TW,LN,43210,active,electrical
15889668,IDM ELECTRICAL (SOUTH) LTD,BH23 1QT,BH,43210,active,electrical
09133509,O TIMOTHY ELECTRICAL LIMITED,RM10 8YX,RM,43210,active,electrical
14475467,ORS ELECTRICAL & SECURITY LTD,S2 1FW,S2,43210,active,electrical
02120919,RUSSELLS (ELECTRICAL) LIMITED,WS9 8UQ,WS,43210,active,electrical
15889966,IOT HOMES LIMITED,IG4 5JX,IG,43210,active,electrical
03466175,JAYMAC LIMITED,NR10 3SR,NR,43210,active,electrical
11293652,BROTHER ELECTRICAL LTD,UB8 1SY,UB,43210,active,electrical
09169548,G M G ELECTRICAL ENGINEERING LTD,SS14 3JJ,SS,43210,active,electrical
14289560,NEE ELECTRICAL LTD,W12 8ES,W1,43210,active,electrical
SC705490,KING ELECTRICAL SERVICES (SCOTLAND) LIMITED,PH41 4RG,PH,43210,active,electrical
NI613777,CDE (NI) LTD,BT36 4GN,BT,43210,active,electrical
07736399,P YOUNG ELECTRICAL SERVICES LIMITED,LN6 9UE,LN,43210,active,electrical
SC738573,DJM ELECTRICAL SOLUTIONS LTD,ML4 3NR,ML,43210,active,electrical
13521114,D & G POWER SOLUTIONS LTD,L1 2TQ,L1,"43210,43220,43342,43390",active,electrical
08139791,COOKLAND COMMUNICATIONS LTD,MK42 9RJ,MK,"43210,61100",active,electrical
15050661,G EC&I SERVICES LIMITED,TS20 2QX,TS,"43210,71129",active,electrical
10122886,BETHELEC SERVICES LTD,B43 7HT,B4,43210,active,electrical
06336591,ADVANCED ELECTRICAL CONTRACTORS SOUTH EAST LTD,GU12 5JG,GU,43210,active,electrical
08640008,SSE ELECTRICAL LTD,CM17 0ET,CM,43210,active,electrical
SC177831,SENSORIUM LIMITED,KY12 7DS,KY,"26511,43210",active,electrical
SC816546,CHIKARA ELECTRICAL LIMITED,DG8 7HJ,DG,43210,active,electrical
11617796,GRS ELECTRICIAN LTD,UB7 7QG,UB,43210,active,electrical
13346929,LANDLORD BUILDING CERTIFICATES LTD,HA2 7AA,HA,"43210,43220,71129",active,electrical
01029243,BARNWELL ELECTRICAL COMPANY LIMITED,CB10 1PF,CB,43210,active,electrical
14239072,S & N ELECTRICAL SERVICES LTD,WA9 4NB,WA,43210,active,electrical
12757571,L V ELECTRICAL SERVICES LIMITED,EX5 1AY,EX,43210,active,electrical
12120845,PR BUILDING SERVICES (NW) LIMITED,OL3 5DL,OL,43210,active,electrical
SC611865,K.MACK TECHNICAL SERVICES LTD,IV2 6GJ,IV,43210,active,electrical
11038153,OMARAH ELECTRICAL LTD,SE15 3TT,SE,"33140,43210",active,electrical
15880009,WBES (OLDHAM) LIMITED,OL4 1HG,OL,43210,active,electrical
10890588,M T ELECTRICAL SERVICES BELPER LIMITED,DE56 1GN,DE,43210,active,electrical
13029964,ASHE ELECTRICAL CONTRACTORS LTD,S66 2BL,S6,43210,active,electrical
09561009,JD REYNOLDS LV JOINTERS LTD,LE18 4WB,LE,43210,active,electrical
07134526,BTL CONTRACTS LIMITED,SK14 4EH,SK,"43210,43220",active,electrical
04806809,HIWIRE LIFT SERVICES LIMITED,TN33 9AY,TN,43210,active,electrical
15880319,B COLE ELECTRICAL LIMITED,TA2 8GU,TA,"41201,41202,43210",active,electrical
08627783,KLB ELECTRICS LTD,LE9 9JJ,LE,43210,active,electrical
05523497,MM ELECTRICAL SERVICES LTD,W2 1DS,W2,43210,active,electrical
11740400,AFFIRM TECHNICAL SERVICES LIMITED,ME20 7BG,ME,43210,active,electrical
02916866,S A FIRE AND SECURITY SYSTEMS LIMITED,W7 2QE,W7,"43210,80200",active,electrical
13284574,PACS ELECTRICAL SOLUTIONS LTD,SA11 3BH,SA,43210,active,electrical
06293366,TAYLOR BUILDING COMPANY LTD,CR0 0XZ,CR,"41100,43210,43390",active,electrical
11545548,OWL ELECTRICAL SERVICES LIMITED,BD17 6QT,BD,43210,active,electrical
09035799,JIH ELECTRICAL LTD,DE56 1AX,DE,43210,active,electrical
02878799,DALMAG LIMITED,IP9 1JB,IP,"33140,33200,43210,74909",active,electrical
01487916,S. REDDISH AND SON LIMITED,NG19 7TD,NG,43210,active,electrical
06669988,ANGLIA ELECTRICAL INSTALLATIONS LTD,PE13 4EQ,PE,43210,active,electrical
11667327,BROWNE ELECTRICAL SERVICES LTD,PO30 2AR,PO,"41202,43210",active,electrical
03610198,POWERITE CONTRACTING LIMITED,BS9 4EA,BS,43210,active,electrical
07426061,MV ELECTRICAL & SECURITY LIMITED,CW8 2HB,CW,43210,active,electrical
07443981,D AND R ELECTRICAL LTD,TF3 3BA,TF,43210,active,electrical
05892783,MURLEC LIMITED,PE20 1QR,PE,43210,active,electrical
06424079,MLM CONSULT LTD,NG25 0AJ,NG,43210,active,electrical
14306701,SUSTAINABLE POWER LTD,SK7 5ER,SK,"43210,43910,43999",active,electrical
08152582,A.J.S. BAILEYS ELECTRICAL LIMITED,WN4 8AA,WN,43210,active,electrical
11927273,AUTOMATRY LTD,SE16 4AZ,SE,"26400,43210,62012",active,electrical
13732234,TREADLINE ELECTRICAL SOLUTIONS LIMITED,HA9 7QL,HA,43210,active,electrical
06333202,LEIGH ELECTRICAL SERVICES LTD,WN4 8AA,WN,43210,active,electrical
13995755,B B ELECTRICAL (NORTH WEST) LIMITED,M25 1PY,M2,43210,active,electrical
13494925,SANJABS TECHNICAL SOLUTIONS LIMITED,LS9 6LT,LS,"33140,43210",active,electrical
14285125,NRG ELECTRICAL SYSTEMS LTD,CA2 5AH,CA,43210,active,electrical
06687759,ALLUM BUILDERS LIMITED,BN1 5NP,BN,43210,active,electrical
15888586,SOMNIUM ELECTRICAL LTD,M25 0DB,M2,43210,active,electrical
09468962,DMB ELECTRICAL SERVICES LTD,SN1 5NS,SN,43210,active,electrical
10299842,C BIRKBY ELECTRICAL LTD,TN12 0RE,TN,43210,active,electrical
13523541,K MARSH GROUP LTD,CR4 1QT,CR,"41201,41202,43210",active,electrical
SC139869,MACFORM LIMITED,ML2 7NU,ML,"41201,41202,43210,43320",active,electrical
09709582,LANEWAY PARTNERSHIP LIMITED,BS4 4EU,BS,43210,active,electrical
11275447,ASKWITH ELECTRICAL LTD,GL8 8AA,GL,43210,active,electrical
14516709,SESC RENEWABLES LTD,SP7 0AF,SP,43210,active,electrical
06900254,POWER INSTALLATIONS (UK) LIMITED,CW1 6EA,CW,43210,active,electrical
13224047,LFT ELECTRICAL LTD,WR2 4AL,WR,43210,active,electrical
14486367,AT ELECTRIC CONTRACTORS LTD,HA8 5JB,HA,43210,active,electrical
08157143,YLC UK LIMITED,LL16 4AY,LL,43210,active,electrical
08630277,JDC ELECTRICAL ENGINEERS LIMITED,GU2 8DT,GU,43210,active,electrical
15052292,SGB ELECTRICAL CONTRACTORS LTD,CH45 3LR,CH,43210,active,electrical
10307459,REWIRED ELECTRICAL BRIGHTON LIMITED,BN1 5NP,BN,43210,active,electrical
03642241,PMD ELECTRICS LTD,BH12 5DJ,BH,43210,active,electrical
01574086,N.E.E. (EXHIBITION ELECTRICS) LIMITED,B98 8BP,B9,43210,active,electrical
11143581,OHMEGA ELECTRICAL SPECIALISTS LIMITED,E6 3RX,E6,43210,active,electrical
14282634,ACENTIA SOLAR LIMITED,HP7 0QT,HP,43210,active,electrical
10891517,COLE ELECTRICAL SERVICES LTD,ME10 2TY,ME,43210,active,electrical
NI655316,BMN CONTRACTS LTD,BT78 1QG,BT,43210,active,electrical
15888154,PH3 SERVICES LIMITED,IG8 0TJ,IG,43210,active,electrical
04504773,HAMCROWN LIMITED,SM4 5JG,SM,43210,active,electrical
10903295,HARWOOD ELECTRICAL LTD,WN5 7AH,WN,43210,active,electrical
07846680,WHITEHOUSE ELECTRICAL LIMITED,WS12 3YR,WS,43210,active,electrical
13503982,GK LONDON ELECTRICAL LTD,RM3 7PH,RM,43210,active,electrical
SC403874,TAYSIDE SOLAR LTD,DD1 3DG,DD,43210,active,electrical
11124465,EBS ELECTRICAL SERVICES LTD,CR0 2XN,CR,43210,active,electrical
05677177,NEIL ADAMS PROPERTY SERVICES LIMITED,LE12 6LL,LE,43210,active,electrical
08630910,OTTER ELECTRICAL LTD,EX10 9JJ,EX,43210,active,electrical
13540713,PROPERTY HEIST LTD,B11 1SS,B1,"33200,41202,43210,98000",active,electrical
05664869,MCP PLUMBING AND HEATING LIMITED,PE11 1TB,PE,"43210,43220",active,electrical
SC704753,EVOLVE UTILITIES LTD,ML10 6XL,ML,43210,active,electrical
03605764,D.M.K. ELECTRICAL SERVICES LIMITED,BS23 2QZ,BS,43210,active,electrical
15885964,PAUL STEPHENS ELECTRICAL LTD,CF62 8HL,CF,43210,active,electrical
05525997,BEACON ELECTRICAL LIMITED,GL10 3FF,GL,43210,active,electrical
10375285,BELECTRIX LIMITED,EN6 3NZ,EN,"43210,43999",active,electrical
12330568,BELLS ELECTRICAL SERVICES LTD,SM4 5HJ,SM,43210,active,electrical
15047869,CHIVERS ELECTRICAL INSTALLATIONS LTD,PO7 7DT,PO,"43210,43320",active,electrical
04271846,E A SERVICES (SE) LIMITED,TN15 7SR,TN,"42990,43210,43220",active,electrical
08983189,FIXIT ELECTRICAL LIMITED,SS17 7RG,SS,43210,active,electrical
11161472,VR ELECTRICAL SERVICES LTD,M35 0DU,M3,43210,active,electrical
09308987,NATIONWIDE AUDIO VISUAL LIMITED,NE25 9AL,NE,43210,active,electrical
SC512035,SWANSON TECHNICAL SERVICES LIMITED,EH32 0ER,EH,43210,active,electrical
07747022,JEJ ELECTRICAL SERVICES LIMITED,SA7 0AJ,SA,43210,active,electrical
13516971,FREQUENCY ELECTRIC UK LTD,W13 8DG,W1,43210,active,electrical
12129922,BBR ELECTRICAL LTD,CR2 7DS,CR,43210,active,electrical
11497858,SMART WIRE LTD,TW20 8HE,TW,"43210,61100",active,electrical
15075727,VOLTEX ELECTRICAL LTD,WV11 3LZ,WV,43210,active,electrical
15886788,OWENS HVAC LTD,DY3 2LE,DY,"43210,43220",active,electrical
SC777308,ELECTRICAL SPARKY LIMITED,EH16 6DS,EH,43210,active,electrical
08172777,NORTHFLEET ELECTRICAL LIMITED,ME2 3TF,ME,43210,active,electrical
07875127,SENIOR AUTHORISED SOLUTIONS LTD,TW19 6AT,TW,43210,active,electrical
08991750,D.R.W ELECTRICAL LTD,BH24 3RL,BH,43210,active,electrical
13730268,WHITE SWAN ELECTRICAL LTD,ST11 9JT,ST,43210,active,electrical
14522440,CYPAK LTD,E11 4HS,E1,43210,active,electrical
03824894,L M ELECTRICAL SERVICES LIMITED,RG10 0RU,RG,43210,active,electrical
05683888,M AND G ELECTRICAL CONTRACTORS LIMITED,NG19 7AE,NG,43210,active,electrical
12500132,QUALIS CONTRACTS LTD,EN10 7DH,EN,43210,active,electrical
15893091,HWQ ELECTRICAL LTD,RM12 4JQ,RM,43210,active,electrical
00594596,DRAYCOTTS ELECTRICAL ENGINEERS LIMITED,CV37 7GZ,CV,43210,active,electrical
13039144,SWANN ELECTRICAL CONTRACTORS LTD,S66 2BL,S6,43210,active,electrical
06352180,LIGHTNING ELECTRICS LIMITED,BH15 3TB,BH,43210,active,electrical
14168883,NEXT GENERATION ENERGY LTD,YO17 7AW,YO,43210,active,electrical
05044428,IAN ASHCROFT ELECTRICAL CONTRACTORS LIMITED,LL11 1DY,LL,43210,active,electrical
SC777045,ELECTRICAL NETWORK CONNECTION SERVICES LTD,KA24 5DW,KA,43210,active,electrical
15410632,ICE ELECTRICAL INSTALLATIONS LTD,ME3 9DX,ME,43210,active,electrical
05649408,SJ WHEATLEY ELECTRICAL LIMITED,LN8 2HE,LN,43210,active,electrical
05274659,STAFFORD ELECTRICAL LIMITED,ST16 1UL,ST,43210,active,electrical
13533550,G M SECURITY NETWORKS LIMITED,DN4 9JZ,DN,43210,active,electrical
15895102,ALBERT ELECTRICAL LTD,SG19 3LP,SG,"41201,41202,43210",active,electrical
12094943,INTERSMART LTD,RG5 3HA,RG,43210,active,electrical
15069951,RJC POWER SERVICES LTD,PE16 6TT,PE,43210,active,electrical
12150420,SSA ELECTRICAL LTD,TS19 7QY,TS,43210,active,electrical
SC774626,ECOSPARK ENERGY SOLUTIONS LTD,EH46 7HJ,EH,"43210,70229",active,electrical
08296778,D A MCNEIL ELECTRICAL LIMITED,EN8 7AN,EN,43210,active,electrical
06663044,WESTONE HOUSING LIMITED,PE2 6FZ,PE,"41100,41202,43210,43390",active,electrical
06440390,FACELIFT ELECTRICAL SERVICES LIMITED,WC2H 9JQ,WC,43210,active,electrical
01648233,CLIMATEC SYSTEMS LIMITED,HR8 2JQ,HR,"26512,27900,28250,43210",active,electrical
04542593,WYER ELECTRICAL SERVICES LIMITED,NR24 2SE,NR,43210,active,electrical
SC695563,I.H ELECTRICAL LTD,KY13 8BJ,KY,43210,active,electrical
06573145,MARK ORBIT AND COMPANY LIMITED,E5 9JS,E5,43210,active,electrical
10764913,J CLIFFE ELECTRICAL LTD,KT5 9NN,KT,43210,active,electrical
14487408,TOBEN ELECTRIC LIMITED,BA5 1NY,BA,43210,active,electrical
10456581,WAYNE CLARK LTD,HA0 1BL,HA,"43210,43220,71129",active,electrical
09135189,MIKE SELF LTD,TQ1 1EG,TQ,43210,active,electrical
15894028,WJ TECHNICAL & COMPLIANCE SERVICES LTD,SN12 7PT,SN,"43210,71122,81100,86102",active,electrical
10891561,MANAPRIME LTD.,EX39 1GG,EX,43210,active,electrical
12835005,BOXALL BUILDING SERVICES LIMITED,E1 8PY,E1,"43210,43220",active,electrical
12586097,BLACK OPS ELECTRIC LTD,BN3 2PD,BN,43210,active,electrical
03085630,R J PATCHING LIMITED,GU21 7SA,GU,43210,active,electrical
07440450,JONSONS LIMITED,SY3 5PJ,SY,"43210,43220",active,electrical
06043900,C & D ELECTRICAL CONTRACTORS LIMITED,S43 4XE,S4,43210,active,electrical
13540079,L J MACGREGOR ELECTRICALS LTD,OX4 6JS,OX,43210,active,electrical
04307296,THE MOULE PARTNERSHIP LIMITED,EN6 1HS,EN,43210,active,electrical
14989568,SENTIENT ELECTRICAL SERVICES (SW) LTD,BS32 4QH,BS,43210,active,electrical
15894280,24/7 POWERUP ELECTRICAL LTD,SW12 8QL,SW,43210,active,electrical
SC446200,MEDIA PRO SCOTLAND LTD,IV2 6HA,IV,"43210,71122,77291,90020",active,electrical
10456651,ABZ ELECTRICAL LTD,TW19 7PT,TW,"43210,45112",active,electrical
11198741,CLEMENTS AND KING ELECTRICAL CONTRACTORS LIMITED,PE38 0EB,PE,43210,active,electrical
SC777540,SAFEWIRE ELECTRICAL SERVICES LTD,G66 2UT,G6,43210,active,electrical
14251168,WHITBY’S WIRING LTD,CT19 5ST,CT,43210,active,electrical
14499891,RJH ELECTRICAL LTD,PE14 9BX,PE,43210,active,electrical
13733276,NUTTALL ELECTRICAL SERVICES LIMITED,DN21 2RN,DN,43210,active,electrical
13542901,SPARTAN ELECTRICAL & PLUMBING SERVICES LTD,L5 9RG,L5,43210,active,electrical
SC305945,BINAP LTD.,EH21 7PQ,EH,43210,active,electrical
14492539,PRESTIGE ELECTRICAL CO (MK) LTD,MK13 7ND,MK,"43210,43220",active,electrical
04634646,ALLAN WATSON ELECTRICAL LIMITED,N14 4TU,N1,43210,active,electrical
09105094,TG INSTALL LTD,NG19 7AE,NG,43210,active,electrical
06203945,DEM ELECTRICAL LIMITED,NG19 7AE,NG,43210,active,electrical
13284731,WIGSTON ELECTRICAL LTD,LE18 3WU,LE,43210,active,electrical
08490763,G. MCGREAVY ELECTRICAL & SECURITY LIMITED,BL1 5LW,BL,"43210,80200",active,electrical
15390345,IS ELECTRICAL CONTRACTORS LTD,HX5 0EZ,HX,43210,active,electrical
09743938,KLN GROUP LTD,MK41 0TN,MK,43210,active,electrical
11525142,JEWEL SAFE LIMITED,DN22 7XB,DN,43210,active,electrical
NI610846,JC ELECTRICS (NI) LIMITED,BT31 9UA,BT,43210,active,electrical
07470382,R G N ELECTRICAL LTD,SO45 2GZ,SO,43210,active,electrical
SC662611,GKR GROUP LIMITED,G71 5PH,G7,43210,active,electrical
10504022,AGR ELECTRICIANS LTD,N22 8HF,N2,43210,active,electrical
12638929,NORTHDEC FACILITIES LTD,NE28 6EQ,NE,"41100,41201,43210,43290",active,electrical
06669622,RAYMOND WILLIAMSON ELECTRICAL CONTRACTOR LTD,CA28 8PE,CA,43210,active,electrical
14484922,HOMETECT LTD,HA3 7EG,HA,"43210,80200",active,electrical
07553434,PETER LAKE SERVICES LIMITED,CM5 9DT,CM,43210,active,electrical
01467716,SEATON HIRE LIMITED,B77 2LE,B7,"43210,43220",active,electrical
12804568,KJP ELECTRICAL LIMITED,NP10 9LU,NP,"33140,43210",active,electrical
06571200,ENERGY ELECTRICAL CONTRACTING LIMITED,NN3 6QF,NN,43210,active,electrical
06191765,DENIS BONNICI ELECTRICIANS LIMITED,BN22 8HQ,BN,43210,active,electrical
15895783,L&T ELECTRICAL LTD,CF64 2NB,CF,43210,active,electrical
06977164,WORLDNETWORK LIMITED,GL2 2AE,GL,43210,active,electrical
12344778,ARENA FIRE AND SECURITY LONDON LTD,N21 2AD,N2,43210,active,electrical
10601845,COUNTRYWIDE ELECTRICAL TESTING LTD,PL1 3JY,PL,43210,active,electrical
08269981,COLLETT & BROOKS ELECTRICAL INSTALLATIONS LIMITED,GL54 1AF,GL,43210,active,electrical
15895892,CHAUCER ELECTRICS LIMITED,TS25 5PY,TS,"43210,43999",active,electrical
12801373,NATIONAL HEATING LTD,E7 8PP,E7,"33140,43210,43220",active,electrical
11517853,J A SERVICES (LON) LTD,SW11 5QL,SW,43210,active,electrical
13730751,R PEARSON ELECTRICAL AND PLUMBING LTD,LS16 8DS,LS,43210,active,electrical
13931766,VOLTECO LTD,L20 9NP,L2,43210,active,electrical
09308895,HARPER WYNN ELECTRICAL LTD,GL2 8EX,GL,43210,active,electrical
07722580,M.A.T. ELECTRICAL CONTRACTORS LIMITED,IP6 0AJ,IP,43210,active,electrical
10741423,DELTON POWER LIMITED,BH22 8DA,BH,43210,active,electrical
10897515,SJ ELECTRICAL WILTSHIRE LTD,SN15 1EE,SN,43210,active,electrical
09666230,ATEX INSTALLATIONS LTD,SA2 0DY,SA,43210,active,electrical
09878446,VIKES-ELECTRIC&PLUMBING LTD,RM12 6BA,RM,"43210,43220",active,electrical
06644930,VENTEC SERVICES LTD,S81 7NX,S8,43210,active,electrical
14260147,AGES LONDON LTD,KT4 8YB,KT,"43210,43290",active,electrical
13523484,GREENTEC ELECTRICAL LTD,TN2 4NS,TN,43210,active,electrical
15046850,CJM DYNAMICS LTD,GL16 7DR,GL,"27310,43210",active,electrical
12820248,ENERGY PARTNERS SOLUTIONS LTD,NN2 7AY,NN,"43210,43220,43320,43330",active,electrical
11705092,CJM ECS LIMITED,DY13 9AW,DY,43210,active,electrical
SC551286,GIS ELECTRICAL LIMITED,FK5 4FY,FK,43210,active,electrical
11509650,SUB FIRE LTD,EX15 1HH,EX,43210,active,electrical
11661241,PERFORMANCE LIGHTING SOLUTIONS LTD,RG14 6HU,RG,43210,active,electrical
11496689,IE M & E LIMITED,W6 9PL,W6,"43210,43220",active,electrical
11916696,HILLFORD LIMITED,EC1V 2NX,EC,"43210,71129",active,electrical
07832670,CHIEF ELECTRICAL LIMITED,PL25 3TY,PL,43210,active,electrical
13028158,STREETSOUNDS TRACKING SOLUTIONS LTD,EN2 0QZ,EN,43210,active,electrical
11687240,ACS & SON ELECTRICAL SERVICES LTD,MK3 6GY,MK,43210,active,electrical
03240177,R T J MARTIN LIMITED,PL7 5JX,PL,43210,active,electrical
06119346,ANDERSON ELECTRICAL INSTALLATIONS LIMITED,FY5 5HT,FY,43210,active,electrical
15900156,PICCADILLY PROPERTY MAINTENANCE LTD,DA3 7QN,DA,43210,active,electrical
13041625,GLENGARTH ASSOCIATES LTD,DE72 3GE,DE,"41100,43210,71122",active,electrical
15900426,FOCUS MEP (FM) LTD,CF5 2DP,CF,"33140,43210,43220",active,electrical
05906999,H J B CONTROLS LTD,SO30 4EU,SO,43210,active,electrical
07158762,E.K.W ELECTRICAL SERVICES LIMITED,N3 1QA,N3,43210,active,electrical
04854928,IAN MARSH ELECTRICAL LIMITED,S66 1WE,S6,43210,active,electrical
11326774,ELEKTRATEX ENGINEERING LIMITED,SO50 9DQ,SO,"42910,43210",active,electrical
12694529,ESSEX QUALITY PLUMBING LTD,RM8 1XE,RM,"41201,41202,43210,96090",active,electrical
03001160,H & M ELECTRICAL LIMITED,LU2 7NJ,LU,43210,active,electrical
09619775,ROCK ELECTRICAL SERVICES LTD,NG2 5JU,NG,43210,active,electrical
04864880,M.A. CONTRACTS LIMITED,RM1 1DA,RM,43210,active,electrical
01422905,WARBURTON BUILDING SERVICES LIMITED,OX2 9NS,OX,"43210,43220",active,electrical
09162894,BOWSHACKLE LTD,AL7 2PR,AL,43210,active,electrical
15901399,BRIGHT IDEAS ELECTRICAL SERVICES LIMITED,DA15 8BD,DA,43210,active,electrical
10920915,LBA ELECTRICAL SERVICES LTD,L33 7SF,L3,43210,active,electrical
08310680,KDMC SERVICES LIMITED,MK19 7HQ,MK,43210,active,electrical
10533657,EMS GENERAL SERVICES LTD,RG6 1LT,RG,"42990,43210,49420",active,electrical
10458579,DWD ELECTRICAL CONTRACTORS LTD,CT19 6DE,CT,43210,active,electrical
13843069,SCA SOLAR LIMITED,CW1 6EA,CW,43210,active,electrical
14488261,L & B BUILDING CONTRACTORS LTD,E12 6NX,E1,"41201,41202,43210,43220",active,electrical
13866996,GILMORE ELECTRICAL LIMITED,B77 4RP,B7,43210,active,electrical
09693669,3D SERVICES LIMITED,RG7 1PE,RG,43210,active,electrical
10312255,PETER GOLEBIOWSKI ELECTRICAL LTD,BR5 2QH,BR,43210,active,electrical
01532221,EAGLE ELECTRICAL CONTRACTORS LIMITED,BH18 8AT,BH,43210,active,electrical
08911651,AMPLEC ELECTRICAL SERVICES LTD,DN3 3GW,DN,43210,active,electrical
11815483,PJC CONTRACT SERVICES LIMITED,DA14 4DT,DA,43210,active,electrical
15067198,AP COMMUNICATIONS LTD,NR3 1EH,NR,43210,active,electrical
07736332,GSH ELECTRICAL LIMITED,FY6 0JN,FY,43210,active,electrical
09720834,SYNERGY GROUP SERVICES LTD,B78 3HP,B7,43210,active,electrical
04258787,IGPA SERVICES LIMITED,AL9 7NT,AL,43210,active,electrical
15900837,EU TECH PRO LTD,WC2H 9JQ,WC,"43210,61100,62020,62030",active,electrical
13112309,SJAB CONSULTANTS LTD,RM2 5AA,RM,"42120,43210,43290",active,electrical
13942270,JSF ELECTRICAL SERVICES LTD,NR10 5PD,NR,43210,active,electrical
13548825,VOLTIC ELECTRICAL SERVICES LTD,PO4 0QR,PO,43210,active,electrical
15077465,CDELECTRICAL SOLUTIONS LIMITED,DH8 7AW,DH,43210,active,electrical
03403046,R.S. BIRCH AND PARTNERS LIMITED,SO50 9PD,SO,43210,active,electrical
10678012,MALCOLM BAINES ELECTRICAL LTD,BD23 1NB,BD,43210,active,electrical
05981017,SOLEX ELECTRICAL LIMITED,CF38 1AJ,CF,43210,active,electrical
07432412,JASTONE ELECTRICAL SERVICES LTD,SW19 2RD,SW,43210,active,electrical
11499300,ANDREW PUGH ELECTRICAL LTD,TR1 2BW,TR,43210,active,electrical
SC395458,ENERGY CENTRE SCOTLAND LIMITED,DG1 1PG,DG,43210,active,electrical
12093485,VINARA LTD,HR2 7ZW,HR,"33140,33200,43210,98000",active,electrical
14817964,PES (NORTHERN) LIMITED,SR5 3JT,SR,43210,active,electrical
14485281,EPS PROJECTS LTD,EC1V 2NX,EC,43210,active,electrical
08627758,BESPOKE CABLE SYSTEMS LTD,WN6 8EA,WN,43210,active,electrical
04817111,MARK BOUTTELL ELECTRICAL SERVICES LIMITED,CB8 8AW,CB,43210,active,electrical
05314947,HALLGATE (LINCS) LIMITED,PE25 3TE,PE,43210,active,electrical
13063770,POWER PLAN ELECTRICAL & PROPERTY SERVICES LTD,SA2 8EN,SA,43210,active,electrical
13707608,JC ELECTRICAL LEEDS LTD,LS19 7EW,LS,43210,active,electrical
13018816,HATCH ELECTRICAL SERVICES LIMITED,NR29 3AJ,NR,"33140,43210",active,electrical
04505560,SPA ELECTRICAL CONTRACTORS LIMITED,DY6 7AP,DY,43210,active,electrical
13529565,AAC ELECTRICAL PROJECTS LIMITED,WD3 3HH,WD,43210,active,electrical
15056486,HOYDEPS LIMITED,SE1 0AS,SE,"43210,43220,43390",active,electrical
15897942,ICERT LTD,SS8 9QW,SS,43210,active,electrical
01889841,R. COX ELECTRICS LIMITED,SK22 2EU,SK,43210,active,electrical
14483819,SUNTEC PROJECTS LTD,BS32 4QH,BS,43210,active,electrical
12783815,CHAMELEON ELECTRICAL LTD,WF13 4HR,WF,43210,active,electrical
14651113,NORI ELECTRICS LIMITED,E15 4BQ,E1,43210,active,electrical
08648932,HELLIER TECHNICAL SERVICES LIMITED,LE12 8DX,LE,43210,active,electrical
07971910,ASW ELECTRICS LTD,CW1 5FY,CW,43210,active,electrical
12539051,CAVANAGH'S ELECTRICAL LIMITED,FY3 9DG,FY,43210,active,electrical
08447690,PP ELECTRICAL SERVICES (SHROPSHIRE) LTD,TF7 4QT,TF,43210,active,electrical
15897774,JGC ELECTRICAL CONTRACTS LTD,CH44 2AE,CH,43210,active,electrical
15402399,FRENSHAM ELECTRICAL SERVICES LTD,BR7 5AN,BR,43210,active,electrical
SC385847,BRIGAND LIMITED,AB15 8EX,AB,"33140,33200,43210,62012",active,electrical
12344710,PW MNE SOLUTIONS LTD,SO18 1NR,SO,43210,active,electrical
07264679,CJG CONTRACTS LTD,M27 6PW,M2,43210,active,electrical
08675773,SINCLAIR ELECTRICAL CARDIFF LTD,CF23 9HL,CF,43210,active,electrical
07310264,DANNY WYATT LIMITED,SS14 3JJ,SS,43210,active,electrical
13766458,HOT STINGER LTD,E2 7LF,E2,"43210,59200",active,electrical
11516489,M&K ELECTRICAL SERVICES LTD,SG12 9DH,SG,"33140,43210",active,electrical
07862800,BAKER ENVIRONMENTAL CONTROLS LIMITED,GU10 5EH,GU,43210,active,electrical
11517039,D.P.O ELECTRICAL LTD,M24 6UQ,M2,43210,active,electrical
04968816,JEBARR LIMITED,SW18 1PE,SW,43210,active,electrical
10909299,DEPANN' FROID ET ENERGIES NOUVELLES LIMITED,TQ2 5EL,TQ,"43210,43220,96090",active,electrical
15030856,BTA LIGHTING LTD,N5 2TE,N5,43210,active,electrical
03267621,SEC LIGHTING SERVICES TRADING LIMITED,LS1 2HJ,LS,43210,active,electrical
11496553,BARRETT WATER LTD,OX16 0LU,OX,"36000,37000,43210",active,electrical
SC694222,HUNTER ELECTRICAL SOLUTIONS LTD,ML4 3GB,ML,43210,active,electrical
05885721,B B N ELECTRICAL CONTRACTORS LIMITED,TR27 6PJ,TR,43210,active,electrical
02762423,DELTAGATE LIMITED,CM6 3NW,CM,"41100,43210,43220",active,electrical
SC799709,THISTLEGUARD LTD,PA8 6DL,PA,"43210,43320,43341,43390",active,electrical
SC742484,ELEKTROTEK LTD,KA20 3HH,KA,43210,active,electrical
04499639,BASTABLE ELECTRICAL SERVICES LTD.,LL61 6UW,LL,43210,active,electrical
11126559,CENSOL (I.S.) LTD.,CH49 0AB,CH,43210,active,electrical
09713751,BANSTEY LIMITED,CM7 2LW,CM,43210,active,electrical
NI719965,BCC ELECTRICAL SERVICES LTD,BT37 9NZ,BT,43210,active,electrical
14296730,A WOOD INSTALLATIONS LTD,WN2 2RT,WN,43210,active,electrical
05900333,HOWARD SITE SERVICES LTD,DE73 5SY,DE,43210,active,electrical
04506414,BRUCE MUNRO LTD,BA12 7HU,BA,"43210,74100,90030",active,electrical
14231247,FUTURE ELECTRICAL SOLUTIONS LTD,S2 4HJ,S2,43210,active,electrical
01534914,REX GROUP SERVICES LIMITED,S3 8EN,S3,43210,active,electrical
14221320,ECOVOLT ENERGY LTD,NN6 7PF,NN,43210,active,electrical
03348284,BLOOR ELECTRICAL SERVICES LIMITED,WS13 6DP,WS,43210,active,electrical
11685357,AP ELECTRICAL LTD,CM17 0PB,CM,43210,active,electrical
14276037,ZTECH ELECTRICS LTD,SL2 5HG,SL,43210,active,electrical
05526715,P.N.C ELECTRICAL LIMITED,RM8 2NL,RM,43210,active,electrical
05384376,BILFINGER UK LIMITED,WA3 6UT,WA,"42990,43210,43991,43999",active,electrical
02282629,TECHNICAL ELECTRICAL ENGINEERING LIMITED,TR1 2NA,TR,43210,active,electrical
02298598,LINTEL INTERNATIONAL LIMITED,HP2 7DX,HP,"43210,43999",active,electrical
13767103,HAMM CABLING SERVICES LIMITED,RM3 0BP,RM,43210,active,electrical
07731926,DBS ELECTRICAL (CAMBRIDGE) LIMITED,CB21 5DN,CB,43210,active,electrical
11656821,PLUG AND GO LTD,BB7 1BQ,BB,43210,active,electrical
12509996,WATT & CO. ELECTRICAL LTD,SN13 9LZ,SN,43210,active,electrical
09707323,ORCA PROFESSIONAL SERVICES LTD,WR8 9LP,WR,"43210,88990",active,electrical
SC363989,MARTIN BEGG ELECTRICAL SERVICES LTD,AB33 8EN,AB,43210,active,electrical
14041041,PAVEL SOLAR LTD,LU4 9FB,LU,43210,active,electrical
15877320,E.E.M EVANS ELECTRICAL AND MAINTENANCE LIMITED,RM13 9QT,RM,43210,active,electrical
09444824,JMSE ELECTRICAL LTD,BB7 1FW,BB,43210,active,electrical
08758442,ZENER ELECTRICAL SERVICES LTD,CF82 7HZ,CF,43210,active,electrical
10475385,ROBSON MANAGEMENT LTD,DA11 0EU,DA,"43210,80200",active,electrical
13432341,TARKA COMPLIANCE’S LTD,EX36 4HR,EX,"43210,80200",active,electrical
06762307,BYATT ELECTRICAL LIMITED,DA1 3HT,DA,"43210,69202",active,electrical
08153024,WA PROFESSIONAL LIMITED,HP13 5EU,HP,43210,active,electrical
05881509,SWITCHED ELECTRICS LIMITED,PO16 9AA,PO,43210,active,electrical
08198799,SUNSHARE COMMUNITY NOTTINGHAM PLC,NG9 6DZ,NG,43210,active,electrical
15877251,AI POWER SOLUTIONS LIMITED,RM16 4DT,RM,43210,active,electrical
15877404,IM AUTOMATION LTD.,WF1 5PF,WF,43210,active,electrical
14278145,RAIL & POWER (YORKSHIRE) LTD,DN6 7AE,DN,43210,active,electrical
13295632,D A BAKER LIMITED,SL8 5TD,SL,43210,active,electrical
SC750935,CONTRACT ELECTRICS LTD,G76 0DW,G7,43210,active,electrical
11490540,COMPEC ELECTRICAL INSTALLATIONS LTD,WA1 4DN,WA,"33140,43210",active,electrical
11965569,HAYMAN PROJECTS LTD,CF14 8LH,CF,"43210,43310,43330",active,electrical
06978278,PRO-MEC UK LTD,WS11 0LJ,WS,"43210,43220",active,electrical
15542373,PWR PROPERTY SERVICES LTD,SR3 3XQ,SR,"43210,43220,43290",active,electrical
12994569,ROWLAND WILLIAMS LIMITED,TN22 1DS,TN,43210,active,electrical
03408310,N.B. AVIS LTD,BA11 2FQ,BA,43210,active,electrical
06204471,OPUS PRO AUDIO LIMITED,BB11 2BU,BB,"43210,46190,85600,90020",active,electrical
SC610099,THE RENEWABLE TECHNOLOGY COLLECTIVE LTD,AB30 1BX,AB,"43210,43220,43999,85320",active,electrical
05836717,HEATH INDUSTRIES LTD,B38 8SD,B3,43210,active,electrical
12745892,CMA ELECTRICS LTD,DE21 2AN,DE,43210,active,electrical
11035775,CALM ELECTRICAL SERVICES LIMITED,WA9 2QZ,WA,43210,active,electrical
08018610,SAS ELECTRICS LIMITED,BN21 3XE,BN,43210,active,electrical
15856158,KEMLEC LIMITED,BN22 8PW,BN,43210,active,electrical
14484678,TKS ELECTRICAL & MECHANICAL SERVICES LTD,LE1 7EA,LE,"33140,43210",active,electrical
SC326505,FUSION ELECTRICAL AND CIVILS LTD,ML6 9BU,ML,43210,active,electrical
12762742,BOLTZ ELECTRICAL SERVICES LTD,PR5 0LX,PR,43210,active,electrical
12717135,BUILDING NETWORK OPERATOR CONSULTANTS LTD,M25 9WS,M2,43210,active,electrical
SC539907,TAYLORED ENERGY LTD,EH22 4DY,EH,"41202,43210",active,electrical
14994754,NOBLE FIRE & SECURITY LTD,NG4 2HD,NG,43210,active,electrical
13666048,EXCELSERVE ELECTRICAL CONTRACTORS LTD,NN3 8AR,NN,43210,active,electrical
05169165,IBF ELECTRICAL SERVICES LTD,ME8 6AQ,ME,43210,active,electrical
04501068,C I S SERVICES LIMITED,SS6 7XL,SS,"43210,61900,62020",active,electrical
08740091,LIVE WIRE ELECTRICAL SERVICES (YORKSHIRE) LIMITED,BD16 2EX,BD,43210,active,electrical
NI633970,GROVE ELECTRICAL SERVICES LTD,BT71 6ST,BT,43210,active,electrical
14237401,LANINETY1 LTD,DH4 5JF,DH,43210,active,electrical
13525076,ME CONTRACTING LTD,PL6 7TL,PL,43210,active,electrical
10991523,A L CORNISH LIMITED,OX17 1QU,OX,43210,active,electrical
12936615,ELECTRICAL WORX LIMITED,MK44 3WJ,MK,43210,active,electrical
08806680,T.A. ELECTRICAL LIMITED,NG17 4FU,NG,43210,active,electrical
SC775738,BROWN ELECTRICAL SERVICES LTD,AB22 8YJ,AB,43210,active,electrical
09246073,FOUR ACRES ELECTRICAL SERVICES LTD,HP3 9LE,HP,43210,active,electrical
14252163,SPARKES ELECTRICAL SOLUTIONS LTD,CV2 5EU,CV,"33140,43210,80200",active,electrical
SC054659,DUNSIRE ASSOCIATES (ELECTRICAL) LIMITED,KY12 9EB,KY,43210,active,electrical
15821274,G DAVIES PROJECTS LIMITED,BN11 1TF,BN,43210,active,electrical
13657188,PT HANDYMAN LTD,TS16 0JS,TS,"16230,43210,43220",active,electrical
10308195,DDG ELECTRICAL LTD,SK5 7BS,SK,43210,active,electrical
10251315,DVN GROUP LTD,W5 2UA,W5,"41202,43210",active,electrical
13060981,MAJESTIC BUILDING MAINTENANCE LTD,WC1N 3AX,WC,"43210,43220,43310,43341",active,electrical
04270242,FCE LIMITED,PE2 6LR,PE,43210,active,electrical
15550908,POWERPARK ELECTRICAL SERVICES LTD,NG1 5BL,NG,43210,active,electrical
15822084,FENRIS ELECTRICAL LIMITED,SA1 2JA,SA,43210,active,electrical
12073548,HT ELECTRICAL LIMITED,PR5 6EE,PR,43210,active,electrical
13706631,MM ELECTRICAL & JOINERY LTD,TS5 6ES,TS,"43210,43320,43999",active,electrical
SC772207,TOTAL EV LTD,ML10 6GR,ML,43210,active,electrical
13540281,POWER ELECTRICAL CONNECTION LTD,HA3 0TF,HA,43210,active,electrical
11046270,JACK RICHARDS ELECTRICAL LTD,TR1 2LS,TR,43210,active,electrical
14349583,GES ELECTRICAL SERVICES LTD,N11 3NP,N1,43210,active,electrical
10259074,J THOMPSON ELECTRICAL CONTRACTORS LTD,EX32 0JZ,EX,43210,active,electrical
10258047,RIGBY ELECTRICAL SERVICES LTD,BL6 7AF,BL,43210,active,electrical
15822062,MORGAN ELECTRICAL ENGINEERING LIMITED,SA18 3GY,SA,43210,active,electrical
15676782,POWERPARK COMPLIANCE LTD,NG1 5BL,NG,43210,active,electrical
15822114,BESPOKE SPARKS LTD,ME8 7RT,ME,43210,active,electrical
15822309,TSW ELECTRICAL SERVICES LIMITED,FY5 5HT,FY,43210,active,electrical
07846786,JJD CONTRACTING LIMITED,B62 8DY,B6,43210,active,electrical
13496068,BORDERLAND BOATS LTD,N1 7GU,N1,"30120,43210,56290",active,electrical
SC345532,NORTH EAST ELECTRONIC LTD,AB16 7LL,AB,43210,active,electrical
14557734,MILTON ELECTRICALS LTD,DE23 2UR,DE,"33140,43210",active,electrical
13103785,ALL-SERV HEATING & ELECTRICAL LTD,LL18 5BW,LL,"43210,43220",active,electrical
05860054,ADC ELECTRICAL CONTRACTORS LTD,WF15 6AD,WF,43210,active,electrical
12209276,ENLOUBAR PROPERTY SERVICES LTD,CF14 8LH,CF,43210,active,electrical
10276185,MCT ELECTRICAL SERVICES LIMITED,DE14 1SB,DE,43210,active,electrical
14216408,P&B ALLEN LTD,RH20 3QP,RH,43210,active,electrical
10254234,RT ELECTRICAL LTD,NR5 0UG,NR,43210,active,electrical
07075025,NAVITAS ELECTRICAL LIMITED,EN6 4RY,EN,43210,active,electrical
12693432,PFC ELECTRICAL LIMITED,OL12 7PF,OL,43210,active,electrical
10583096,RSH ELECTRICAL SERVICES LTD,CV3 6EJ,CV,43210,active,electrical
14975406,JQ ELECTRICAL LTD,NN2 8TY,NN,43210,active,electrical
12081913,E-WATTS LTD,PO19 6BP,PO,43210,active,electrical
03708724,NEON ELECTRICAL LIMITED,DN4 6UN,DN,43210,active,electrical
07380050,A.H. WILLIAMS ELECTRICAL LIMITED,SA10 7QU,SA,43210,active,electrical
06304406,BLUESTONE ELECTRICAL SERVICES LTD,BR1 1LU,BR,43210,active,electrical
12884353,T G WILLIAMS ELECTRICAL LTD,PO3 5EJ,PO,43210,active,electrical
06730363,8/5 ELECTRICAL LIMITED,PE4 6AY,PE,43210,active,electrical
07012704,UNITEX NETWORKS LIMITED,SL1 6AE,SL,43210,active,electrical
NI672730,CES ELECTRICAL CONTRACTORS LTD,BT17 0TJ,BT,43210,active,electrical
08885588,CJM SITE SERVICES LTD,WV6 7XP,WV,43210,active,electrical
08108984,COMPLETE FINISH LTD,HP1 1LE,HP,"43210,43341",active,electrical
14190108,JD WINCH ELECTRICAL LTD,BN6 9XY,BN,43210,active,electrical
14957960,SCUBA SPARK LTD,N1 7GU,N1,43210,active,electrical
02468021,DPSS CABLING SERVICES LIMITED,SL9 7QE,SL,"43210,61900,62090",active,electrical
02347349,CROOMBS ELECTRICAL SERVICES LTD,RG21 3NB,RG,43210,active,electrical
12284974,AMFORA AP LTD,E11 1HT,E1,"43210,43390",active,electrical
05883558,ALERT ELECTRICAL LIMITED,GU6 8BB,GU,43210,active,electrical
09200789,MARK WILLIAMS ELECTRICAL LIMITED,GL16 8RE,GL,43210,active,electrical
NI073974,CIRCUITS COMPLETE LIMITED,BT79 0QT,BT,43210,active,electrical
08201631,TOWN & COUNTRY ELECTRICIANS LTD,GL17 0PN,GL,43210,active,electrical
14412153,WJM ELECTRICAL (GLOS) LTD,GL3 4RH,GL,43210,active,electrical
14391130,JTE ELECTRICAL ENGINEERING LTD,CA3 0JG,CA,43210,active,electrical
14969109,NEXGEN CONTROLS LTD,L20 7AP,L2,"43210,71121,71122,71129",active,electrical
02606140,EIS - AXON LIMITED,OX33 1XW,OX,43210,active,electrical
14399318,ANTONY PITTS ELECTRICALS LTD,SW16 5PF,SW,43210,active,electrical
12209921,SEM CONTRACTORS LTD,LE67 3HE,LE,43210,active,electrical
05570633,REDFERNS ELECTRICAL LIMITED,CM3 1QE,CM,43210,active,electrical
05017951,D L HAYWARD ELECTRICAL LIMITED,GL7 2PY,GL,43210,active,electrical
05476953,H S SECURITY SERVICES LIMITED,WF1 2TP,WF,43210,active,electrical
09658269,LUCID ELECTRICAL SERVICES LTD,LS16 7JE,LS,43210,active,electrical
08460233,OSPREY CHARGING NETWORK LTD,CT1 3DN,CT,43210,active,electrical
01941982,IBEX SERVICES LIMITED,BA11 2RY,BA,43210,active,electrical
11425665,H.WOOD ELECTRICAL SERVICES LTD,CO5 0EU,CO,43210,active,electrical
09659564,PROPERTYREFURB LONDON LTD,PE26 2UA,PE,"43210,43220,43310,43341",active,electrical
10363717,YK ELECTRICAL CONTRACTORS LTD,BH8 9PS,BH,43210,active,electrical
12364876,J HASKINS ELECTRICAL LTD,BS40 8UW,BS,43210,active,electrical
12067456,RIGHT MAINTENANCE SERVICES LTD,LU4 8EF,LU,43210,active,electrical
05571793,W DAY ELECTRICS LTD,RM12 4LP,RM,"43210,80200",active,electrical
12282033,TJA ELECTRICAL LTD,N20 8DG,N2,43210,active,electrical
06364912,EXCEED ELECTRICAL SERVICES LIMITED,DA14 4DT,DA,43210,active,electrical
06432326,EBBSFLEET ELECTRICAL LTD,DA12 4LG,DA,43210,active,electrical
05582749,R. AND B. ELECTRICAL ENGINEERS LIMITED,WF2 0SS,WF,43210,active,electrical
08114688,A C V  ELEVATOR ELECTRICAL LIMITED,B79 7RB,B7,43210,active,electrical
14934356,T & L HVAC SERVICES LTD,DA8 3BU,DA,"33190,35300,43210,43220",active,electrical
13075386,AMS ELECTRICAL INSTALLATIONS LTD,L31 5PL,L3,43210,active,electrical
05941677,LIGHTSCAPES LIMITED,RH14 9FE,RH,43210,active,electrical
11599968,WIKTOR ELECTRICS LTD,N20 0UT,N2,43210,active,electrical
10207509,POWERED LTD,HP8 4DF,HP,43210,active,electrical
08235461,KONECT ELECTRICAL (KENT) LIMITED,CT12 4HZ,CT,43210,active,electrical
07394099,STACHSYSTEMS LTD,OX29 4NP,OX,"43210,43220",active,electrical
04467562,G.E.M.S.(SW) LTD.,PL6 5DU,PL,43210,active,electrical
14998456,K. MCBRIDE ELECTRICAL LTD,PR1 1LD,PR,43210,active,electrical
14426080,PEGG ELECTRICAL (MIDLANDS) LTD,DE56 1FZ,DE,43210,active,electrical
11474582,MATT OWEN ELECTRICAL SERVICES LTD,SY10 7BN,SY,43210,active,electrical
SC747652,J A SMITH ELECTRICAL LTD,ML1 4GL,ML,43210,active,electrical
10988443,ELITE ELECTRICAL CONTRACTORS (NW) LIMITED,LL18 5UZ,LL,43210,active,electrical
14992124,MANSELL ELECTRICALS LTD,M13 0EA,M1,43210,active,electrical
14947141,KOLIQIELECTRICAL LTD,DY5 3JA,DY,43210,active,electrical
10030061,WOLFRAM ELECTRICAL LIMITED,SM1 3TY,SM,43210,active,electrical
12490187,EV CHARGE LONDON LTD,ME5 0AP,ME,43210,active,electrical
15843491,SE SECURITY ELECTRICAL LTD,WD18 6GX,WD,"43210,80200",active,electrical
09092712,LOCKE'S CCTV SECURITY LIMITED,SN16 9BG,SN,43210,active,electrical
10827489,ONE 01 ELECTRICAL SERVICES LIMITED,E9 6SD,E9,43210,active,electrical
08575751,BBS SWITCHGEAR LTD,WA14 5DY,WA,"43210,46180",active,electrical
06938826,NORTHERN ELECTRICAL CONTRACTORS (NEC) LIMITED,LA11 6RL,LA,43210,active,electrical
12061952,D HARRIS ELECTRICAL LTD,CF64 2RX,CF,43210,active,electrical
07563281,SCOPE ELECTRICAL SERVICES LIMITED,M34 3TH,M3,43210,active,electrical
07770992,BAYTEK LIMITED,KT9 1SD,KT,43210,active,electrical
04554971,MATTHEWS ELECTRICAL SERVICES LIMITED,BL1 3AJ,BL,43210,active,electrical
04290897,LIGHTPRO LIMITED,HA4 8TT,HA,43210,active,electrical
04799903,BARTLETT ELECTRICAL SERVICES LIMITED,TF10 7UR,TF,43210,active,electrical
08688541,A M INSTALLATIONS (UK) LTD,B92 9LX,B9,"43210,43220",active,electrical
08954365,DASHLA ELECTRICAL SERVICES LIMITED,HA3 8HA,HA,43210,active,electrical
12851521,RUBICOM ELECTRICAL LTD,B98 7RQ,B9,43210,active,electrical
SC633366,FIRESTAR SERVICES PROTECTION LTD,G72 7EB,G7,"33140,43210",active,electrical
09088128,R GIBSON ELECTRICAL LTD,TN12 5HJ,TN,43210,active,electrical
05504248,A.D.B. ELECTRICAL SERVICES LIMITED,GL4 5GJ,GL,43210,active,electrical
12206788,AARON STEVENSON ELECTRICAL LTD,LE7 7DY,LE,43210,active,electrical
11555257,TERMTEC LTD,YO7 3NW,YO,43210,active,electrical
09276888,ELPROM LTD,NW6 7LY,NW,43210,active,electrical
07778595,REX ELECTRICAL SERVICES (HAMPTON) LIMITED,TW12 1QY,TW,"43210,96090",active,electrical
12205714,M.S SOLID CONSTRUCTION LTD,B71 1HF,B7,"41201,41202,43210,43220",active,electrical
09259872,CRITICAL SECURITY SOLUTIONS LIMITED,ST13 8EE,ST,43210,active,electrical
09242160,LIVE ALECTRICS LIMITED,EN6 1AE,EN,43210,active,electrical
02969453,BURNHAM ELECTRICAL SERVICES LIMITED,SL1 7AU,SL,43210,active,electrical
09761844,GBT ELECTRICAL LTD,CA3 0JG,CA,43210,active,electrical
15809632,AATHEESAN BUILDERS LIMITED,NW9 0UA,NW,"41202,43210,43390",active,electrical
09440277,PREMIER ELECTRICAL CORNWALL LIMITED,PL14 5PJ,PL,43210,active,electrical
13433421,CHALFONT ENERGY SOLUTIONS LTD,SL9 7DX,SL,43210,active,electrical
13434667,BOXGROVE ELECTRICAL CONTRACTORS LTD,GU22 8TW,GU,43210,active,electrical
09624035,HRS ELECTRICAL TEAM LIMITED,RM3 8HJ,RM,43210,active,electrical
SC697050,RS ELECTRICS SCOTLAND LTD,ML10 6TA,ML,"33140,43210",active,electrical
07536256,INQONTROL LIMITED,TN34 2JJ,TN,"41202,43210",active,electrical
09820528,CEG SOLUTIONS LTD,NG24 3NA,NG,43210,active,electrical
14969854,APH GAS & ELECTRICAL SERVICES LTD,NE4 7YL,NE,43210,active,electrical
14976350,PARADISE ELECTRICAL INSTALLATION LTD,B14 6NQ,B1,"43210,68100,77400",active,electrical
14379623,CAINWOOD ELECTRICAL SERVICES LIMITED,TS3 9RN,TS,43210,active,electrical
03387173,L.E.C. ELECTRICAL ENGINEERS LIMITED,GU15 3SY,GU,43210,active,electrical
NI625465,CASTLETOWN ELECTRICS LIMITED,BT82 9BF,BT,43210,active,electrical
14188238,DCM ELECTRICAL SERVICES LTD,WC2H 9JQ,WC,43210,active,electrical
11111876,JOHN WILLIAMS ELECTRICAL LIMITED,WA14 4RW,WA,43210,active,electrical
14211442,SCOUT SECURITY AND ELECTRICAL LTD,SG18 0JQ,SG,"43210,80200",active,electrical
07675505,SIMPLY ADVANCED LIMITED,CV47 0HF,CV,43210,active,electrical
05410960,CORNERS ELECTRICAL LIMITED,TS5 8LP,TS,43210,active,electrical
SC703062,HUTCHISON INTERNATIONAL LIMITED,DD2 1TP,DD,"26110,43210,61100",active,electrical
11920521,DAGGER ELECTRICAL SERVICES LTD,PR3 1WZ,PR,43210,active,electrical
05851793,BARTON AND HOLDEN ELECTRICAL SERVICES LIMITED,HR6 8JB,HR,43210,active,electrical
07961874,NORTHLANDS ELECTRICAL LIMITED,M26 4AD,M2,43210,active,electrical
10465445,AMS DATA SERVICES LIMITED,S3 8BX,S3,43210,active,electrical
12465109,BP ELECTRICAL CONTRACTORS LTD,TN17 3LA,TN,43210,active,electrical
14251349,NEIL CORRY ELECTRICAL LTD,W3 0BU,W3,43210,active,electrical
14970527,B-ON ELECTRICAL LTD,ME1 2RZ,ME,43210,active,electrical
12783165,WIRESMART LTD,DN22 7PP,DN,43210,active,electrical
15822053,UB SOLAR UK LIMITED,EC1V 2NX,EC,"42220,43210,43290",active,electrical
12655474,HIGH VOLTAGE HUTCH LTD,PO5 1DS,PO,43210,active,electrical
10419872,DR HOUSE LIMITED,GU1 2UR,GU,"43210,43290,43999",active,electrical
05475843,TROPICOOL LIMITED,RM12 6RJ,RM,43210,active,electrical
SC735032,KCD ELECTRICAL (SCOTLAND) LTD,ML6 9LH,ML,43210,active,electrical
12040434,L ROBSON LTD,CO5 0EU,CO,43210,active,electrical
12656431,EIRELIX IT RESOURCES LTD,CR4 1BT,CR,"43210,62012,62090,63110",active,electrical
09645906,GRAHAM WAINWRIGHT ELECTRICAL LTD,L18 1DG,L1,43210,active,electrical
11555985,ACDC ELECTRICAL LTD,LA2 6BX,LA,43210,active,electrical
05224646,L.G. ELECTRICAL LIMITED,TA3 7PA,TA,43210,active,electrical
13633256,DEEZA BUILDING SERVICES LTD,E16 3RZ,E1,"43210,43999",active,electrical
12027785,ETM.B SERVICES LTD,WD7 8NH,WD,"41201,41202,43210",active,electrical
06921334,PHIL CROSSLEY ELECTRICAL LIMITED,OL16 2UB,OL,43210,active,electrical
09065890,TRUETECH LTD,SY13 4HD,SY,43210,active,electrical
NI669943,ONSET LIGHTING & RIGGING LTD,BT71 4TH,BT,43210,active,electrical
04456454,G DAWSON ELECTRICAL LIMITED,SM4 4AW,SM,43210,active,electrical
11389127,PLESSIES ELECTRICAL LTD,L20 7AP,L2,43210,active,electrical
15809948,COULSON ELECTRICAL LTD,BD13 3BG,BD,43210,active,electrical
05381187,SAS ELECTRICAL CONTRACTORS LIMITED,WV14 8YB,WV,43210,active,electrical
09198926,A GRUBB ELECTRICAL LTD,CF3 4HD,CF,43210,active,electrical
SC709296,ALL ELECTRICAL EDINBURGH LIMITED,EH16 6NJ,EH,"33130,43210",active,electrical
09774426,ESSENTIAL SITE SERVICES LIMITED,CR2 9LH,CR,43210,active,electrical
05857372,ELECTRICAL TECHNOLOGY UK LIMITED,AL2 1HA,AL,43210,active,electrical
04075876,DORRIAN ELECTRICAL CONTRACTORS LIMITED,L40 8HW,L4,43210,active,electrical
12901598,E6 ELECTRICAL LTD,E1 5LP,E1,43210,active,electrical
12914801,JJ RYAN ELECTRICAL LTD,N1 0BS,N1,"33140,43210",active,electrical
13489443,SKY BUILDERS LTD,B8 3ES,B8,"41202,43210,43220,43390",active,electrical
04883286,A & F ELECTRICAL LIMITED,TF1 5ST,TF,43210,active,electrical
10056699,C MARKHAM ELECTRICAL LIMITED,DA14 6NE,DA,43210,active,electrical
14983736,OLIVER CONTRACTOR SERVICES LTD,RH5 4LU,RH,"43210,43220,43390",active,electrical
08985860,ANTHONY MORRIS ELECTRICAL SERVICES LIMITED,CM0 8LT,CM,43210,active,electrical
09108663,MF CONSTRUCTION PROJECTS LIMITED,SG2 8UA,SG,43210,active,electrical
13080717,ELTO-UK LTD,WD3 9YS,WD,43210,active,electrical
05166251,M VENN ELECTRICAL LTD.,TF12 5DG,TF,43210,active,electrical
NI700042,THOMPSON ELECTRICAL CONTRACTORS LTD,BT78 3RX,BT,43210,active,electrical
11300063,JARDINE ELECTRICAL CONTRACTORS LTD,CM15 9EN,CM,43210,active,electrical
09120108,A HERITY ELECTRICAL LIMITED,AL4 8NQ,AL,43210,active,electrical
08735884,STRAND ELECTRICAL LTD,NW4 4NJ,NW,43210,active,electrical
05881061,MERCURY ELECTRICAL INSTALLATIONS LTD,CM11 2XA,CM,43210,active,electrical
14459658,E.D ELECTRICS LTD,SN1 2ER,SN,43210,active,electrical
06313338,BRAMHAM ELECTRICAL LIMITED,PE37 7QH,PE,43210,active,electrical
02847472,FKB ELECTRICAL LIMITED,CW1 5AL,CW,43210,active,electrical
09805110,BUCKS DECORATING LTD,HP7 0QN,HP,"43210,43310,43320,43330",active,electrical
00653265,E.V. BULLEN & SON LIMITED,SE9 3TL,SE,"43210,43220,43999",active,electrical
14931459,PAROLYTE LTD,LL14 2SH,LL,"33140,43210",active,electrical
12675519,RLA ELECTRICAL LTD,CM19 5BN,CM,43210,active,electrical
06921671,CBS ELECTRICAL CONTRACTORS LTD,RH20 3EW,RH,43210,active,electrical
10821876,CNT SERV LTD,IG6 2XN,IG,43210,active,electrical
09674257,CHITTIM ELECTRICAL CONTRACTORS LIMITED,CT10 1HY,CT,43210,active,electrical
SC737792,SC ELECTRICS LTD,IV12 5RU,IV,43210,active,electrical
12286786,M HALLS ELECTRICAL LTD,MK40 3JG,MK,43210,active,electrical
06630745,PARROTT CONSTRUCTION SERVICES LIMITED,PL3 4LW,PL,43210,active,electrical
11771070,SPRG ELECTRICAL LTD,SS6 7UP,SS,43210,active,electrical
12168664,HADLEY AV LIMITED,SG1 3HW,SG,43210,active,electrical
07868018,WIRED AND WONDERFUL (UK) LTD,SW18 3SZ,SW,"35140,43210",active,electrical
05170045,WESSEX AIR CONDITIONING LIMITED,DT4 7BJ,DT,43210,active,electrical
07688286,A.N.I. ELECTRICAL YORKSHIRE LTD.,YO43 3RE,YO,43210,active,electrical
11300781,L&B ELECTRICAL CONTRACTING LTD,L22 4QQ,L2,43210,active,electrical
03575114,MOUNTHILL ENGINEERS LIMITED,RM14 3UL,RM,43210,active,electrical
10062116,OHM CHECK LIMITED,NG4 2FZ,NG,43210,active,electrical
05955046,J & F GOLDFIRE LIMITED,BR2 9EF,BR,43210,active,electrical
15828910,R.B.E.M LTD,BB3 0PR,BB,"27900,33120,43210",active,electrical
12095344,EWAF ENERGY LIMITED,PE6 8EA,PE,43210,active,electrical
09492670,RENCO ELECTRICAL LIMITED,GL7 5UH,GL,43210,active,electrical
07795505,ECO ELECTRICAL SOLUTIONS LIMITED,PE20 3NA,PE,43210,active,electrical
07836549,HAMBROOK ELECTRICAL LTD.,DT1 3DY,DT,43210,active,electrical
13133483,HELIX SOLAR LTD,DN4 5NU,DN,43210,active,electrical
10895673,MJD BMS INSTALLATIONS LTD,CT7 9JJ,CT,43210,active,electrical
12728676,MPB ELECTRICAL CONTRACTORS LTD,WC1N 3AX,WC,43210,active,electrical
04817719,CS ELECTRICAL (ELECTRICAL CONTRACTORS) LIMITED,ME10 3TR,ME,43210,active,electrical
NI625115,MICO ELECTRICAL SYSTEMS LIMITED,BT35 8RL,BT,43210,active,electrical
12047262,JEL RENEWABLES LTD,PR8 5EJ,PR,43210,active,electrical
12075713,BRISTOW ELECTRICAL LTD,LN4 2NP,LN,43210,active,electrical
04495803,K.E.S. LIMITED,DY6 8AL,DY,43210,active,electrical
08765176,BRADBURY ELECTRICAL CONTRACTORS LTD,BN41 1RA,BN,43210,active,electrical
09419063,CARLIN ELECTRICAL LIMITED,EC2Y 8BR,EC,43210,active,electrical
10993308,SAE INSTALLATIONS LIMITED,WF17 8JN,WF,43210,active,electrical
11106672,LV CONNECTIONS LTD,SG12 0TE,SG,43210,active,electrical
03067147,S W INSPECTORATE LIMITED,CM21 9ET,CM,43210,active,electrical
08576024,QI FLOORING LIMITED,B45 8FL,B4,43210,active,electrical
07913525,FOAT LIMITED,SK10 1BX,SK,"41202,43210,43220",active,electrical
12233250,GREEN ELECTRICAL PROJECTS LTD,TW14 8AD,TW,"43210,68209,78109",active,electrical
11595191,MARVEL SECURITY LTD,RM6 6AP,RM,"43210,84250",active,electrical
11550735,S & G ELECTRICAL (NE) LTD,NE32 3DT,NE,43210,active,electrical
12442940,HOMEBROOK AIR-CONDITIONING LIMITED,TF2 6EL,TF,43210,active,electrical
03851112,JSR ELECTRICAL AND MECHANICAL SERVICES LIMITED,YO11 3YS,YO,43210,active,electrical
09208045,GO GREEN ELECTRICAL LTD,TN2 3EF,TN,43210,active,electrical
05492041,P & H ELECTRICAL LIMITED,RH11 7LB,RH,43210,active,electrical
08717748,P A ELECTRICAL (MIDLANDS) LIMITED,B74 3SY,B7,43210,active,electrical
03606745,PRICE ELECTRICS (ELECTRICAL CONTRACTORS) LIMITED,B98 0QG,B9,43210,active,electrical
10944576,PHIL CARR ELECTRICAL LTD,L35 7NW,L3,43210,active,electrical
SC576882,RC ELECTRICAL (SCOTLAND) LTD,G68 9PG,G6,43210,active,electrical
09633464,LOMAS ELECTRICAL SERVICES LIMITED,NG16 5AG,NG,43210,active,electrical
15826837,SWITCHGEAR INSTALLATIONS LTD,LL13 0AY,LL,43210,active,electrical
11454924,SEV E&I LTD,PO7 5UY,PO,43210,active,electrical
04461839,ELM BUILDING SERVICE ENGINEERS LTD,LS27 7JQ,LS,"43210,43220,43290",active,electrical
08609047,ATC ELECTRICAL LIMITED,CH48 9UP,CH,43210,active,electrical
15827709,CRUSADERENERGY LIMITED,NE27 0BF,NE,43210,active,electrical
09658107,DAN METCALFE ELECTRICAL CONTRACTOR LIMITED,LA8 0HP,LA,43210,active,electrical
07565424,APK ELECTRICAL SERVICES LIMITED,WR11 4JR,WR,43210,active,electrical
14946367,FKF CONTRACTS LIMITED,LE11 2EH,LE,43210,active,electrical
SC481489,SOURCE ELECTRICAL (ABERDEEN) LIMITED,AB23 8WU,AB,43210,active,electrical
04825578,ROY THOMSON LIMITED,UB8 3LL,UB,"43210,43220,43320,43390",active,electrical
14815840,LYSIUN LTD,IP28 7DE,IP,"27900,33140,43210,47190",active,electrical
14339679,GARRAD ELECTRICAL SERVICES LTD,FY3 9DG,FY,43210,active,electrical
04045194,KEVIN NORRIS LIMITED,GL8 8AA,GL,43210,active,electrical
10552572,BARRON ELECTRICAL SERVICES LIMITED,DH8 6EB,DH,43210,active,electrical
12459943,NH ELECTRICALS LTD,M12 4NR,M1,43210,active,electrical
10277449,BELLE-VILLA LTD,W3 8HD,W3,"43210,43220,43320,43341",active,electrical
05499463,JOHNSTONE ELECTRICAL LIMITED,NP16 7DL,NP,43210,active,electrical
13478333,A2D ELECTRICAL LIMITED,IP31 2HN,IP,43210,active,electrical
SC640487,STEPHEN HUNTER ELECTRICAL SERVICES LTD,FK11 7DR,FK,43210,active,electrical
11559509,ELECTEQ LTD,PE8 6PT,PE,43210,active,electrical
13608541,SIDONI CONSTRUCTION LTD,W3 6EW,W3,"41201,41202,43210,43220",active,electrical
13626528,RTS ELECTRICAL INSTALLATIONS LTD,CH6 5YT,CH,43210,active,electrical
09220662,JAMES HARTSHORNE ELECTRICAL LTD,OL5 9HJ,OL,43210,active,electrical
11576470,CORAL ELECTRICAL LIMITED,NG4 3EX,NG,43210,active,electrical
04861073,P T ELECTRICAL CONTRACTING LTD,ME10 5BH,ME,43210,active,electrical
14391777,A.G. CONNECTIONS LTD,PO7 7DT,PO,43210,active,electrical
10707795,AL ELECTRICAL LTD,BN12 4NX,BN,43210,active,electrical
05232529,HOBBS ELECTRICAL CONTRACTORS LIMITED,EX16 6AA,EX,43210,active,electrical
12342920,OVERTON SERVICES LTD,DY13 9AW,DY,"41202,43210,43390",active,electrical
15827917,KNARESBOROUGH ELECTRICAL LTD,HG5 0JT,HG,43210,active,electrical
03227144,AZURA LIMITED,OX28 4BN,OX,43210,active,electrical
08601930,WARE LOCK PROJECTS LIMITED,SG12 0AS,SG,43210,active,electrical
09512188,EKELECTRICS LIMITED,AL8 7EE,AL,43210,active,electrical
09659158,HOME MADE ENERGY LTD,PE26 2UA,PE,"43210,43220,43310,43341",active,electrical
13099014,DANIEL CDI SERVICES LTD,NW9 7AA,NW,"43210,43220,43290",active,electrical
14167292,CAMPBELL ELECTRICAL SERVICES LIMITED,HU8 8PJ,HU,43210,active,electrical
14933180,ENGREEN RENEWABLES LIMITED,LN7 6TP,LN,43210,active,electrical
SC303530,J.R. ELECTRICS LTD.,AB42 3DH,AB,43210,active,electrical
12048077,CREO DEVELOPMENTS LTD,TN39 5ES,TN,"41100,43210,43290",active,electrical
04028836,ELECTRICAL & LIGHTING SOLUTIONS LTD,WV5 9HE,WV,43210,active,electrical
09836435,INTO M&E SOLUTIONS LTD,NG5 1AW,NG,43210,active,electrical
13677258,R AND R ELECTRICAL LTD,HP4 3PZ,HP,43210,active,electrical
15829034,SWJ ELECTRICAL LTD,LS11 8LJ,LS,"43210,45200",active,electrical
SC574436,PROPERTY PROTECTION GROUP LIMITED,DD2 3QB,DD,"43210,43220,70229",active,electrical
07727171,STREAMLINE ELECTRICAL CONTRACTORS LIMITED,PO6 3BL,PO,43210,active,electrical
14996087,UK KATIDI TECHNOLOGY GROUP LIMITED,CV2 4AQ,CV,"35110,35130,35140,43210",active,electrical
09271038,FULLCROSS ELECTRICAL LIMITED,MK44 2QS,MK,43210,active,electrical
06936866,SIMON'S KITCHENS LTD,CO3 3HH,CO,"43210,43320",active,electrical
15316803,CHARGTECH LTD,NP12 2AN,NP,43210,active,electrical
06533252,COMPLETE ELECTRICAL (GB) LTD,CR2 0EN,CR,43210,active,electrical
13680314,A212 ELECTRIC & GAS LTD,ME4 4EN,ME,"41201,41202,43210,43220",active,electrical
07920746,D & M CABLING SOLUTIONS LIMITED,TS25 1PD,TS,43210,active,electrical
04577915,NORTHERN SWITCHGEAR SERVICES LIMITED,OL10 2TT,OL,43210,active,electrical
10649684,JWK ELECTRICAL (LINCS) LTD,PE12 7LB,PE,43210,active,electrical
08815724,RS46 CONSTRUCTION LIMITED,TW7 6ER,TW,43210,active,electrical
07442917,RPC ELECTRICAL SERVICES LTD,WA4 2QL,WA,43210,active,electrical
13221353,DTE ELECTRICAL BROTHERS LIMITED,PL4 0SJ,PL,43210,active,electrical
14532406,JPC CONTRACTING SERVICES LTD,PE9 4AR,PE,43210,active,electrical
SC113610,ALEXANDER DUTHIE & SONS LIMITED,AB42 1DS,AB,"41201,41202,43210,43220",active,electrical
13821437,HERRON ELECTRICAL SERVICES LTD,CV1 4PB,CV,43210,active,electrical
15059558,GREEN ENERGY ELECTRICAL CONTRACTORS LIMITED,CF3 2PZ,CF,43210,active,electrical
10939090,TOTALLY IN TOUCH LIMITED,PO13 0GY,PO,43210,active,electrical
07034303,DTX SOLUTIONS LTD,TN16 1BT,TN,"43210,62090",active,electrical
07443343,RHODES CONTRACTS LIMITED,AL3 6PQ,AL,43210,active,electrical
14956783,FUSELAND PROPERTY SERVICES LTD,BS5 7XX,BS,"43210,43220,43290",active,electrical
08699926,BRIAN RIGGS ELECTRICAL LTD,DT4 8EQ,DT,43210,active,electrical
02753651,WORSELL ELECTRICAL CONTRACTORS LIMITED,TN22 3LR,TN,43210,active,electrical
08980414,ASCALON 1982 LIMITED,SW11 3YH,SW,"33190,43210",active,electrical
13635324,FLIXTECH ELECTRICAL SERVICES LIMITED,NG16 2TJ,NG,43210,active,electrical
11937747,LIVE ELECTRICAL SERVICES LIMITED,TW8 9JJ,TW,43210,active,electrical
09047257,A P ELECTRICAL & FIRE ALARMS LTD,LE4 7QH,LE,43210,active,electrical
14985045,GREEN ENERGY HEATING LIMITED,CF3 2PZ,CF,43210,active,electrical
14975402,UK GREEN ENERGY GROUP LIMITED,CF3 2PZ,CF,43210,active,electrical
08391488,MAPPERLEY ELECTRICAL SERVICES LTD,NG24 1EZ,NG,43210,active,electrical
07368813,LB ELECTRICAL CONTRACTORS LTD,S43 2JB,S4,43210,active,electrical
15969486,ME (SOUTH WEST) LTD,GL3 3RS,GL,43210,active,electrical
15124703,REDDIN ELECTRICAL CONTRACTING LTD,M41 5QJ,M4,43210,active,electrical
14686076,SHADOW LIGHTING LIMITED,LA10 5BN,LA,43210,active,electrical
05008351,SURESAFE ELECTRICS LIMITED,EX31 2HL,EX,43210,active,electrical
00601888,J.H.MAY(ELECTRICAL)LIMITED,NN10 9SR,NN,43210,active,electrical
13732407,LUMLEC GROUP LTD,S63 7DN,S6,43210,active,electrical
07581754,TONY TOROSSIAN ELECTRICAL CONTRACTORS LIMITED,DE12 6ED,DE,43210,active,electrical
03682009,R & P ELECTRICAL CONTRACTORS LIMITED,CM6 3SZ,CM,"41100,43210",active,electrical
09318041,BUZZBAR ELECTRICAL LTD,NW11 9EU,NW,43210,active,electrical
15081922,ET&T RESIDENTIAL LTD,IG10 4LF,IG,43210,active,electrical
14992762,THAME SOLAR LTD,CM3 6BB,CM,43210,active,electrical
07319349,BATKIN ELECTRICAL SERVICES LIMITED,DE14 1QF,DE,43210,active,electrical
09869531,COLLISON ELECTRICAL SERVICES LIMITED,SY5 9LF,SY,43210,active,electrical
13716764,CONSTRUCT ELECTRICAL LIMITED,S63 9HG,S6,43210,active,electrical
06339765,B & M INSTALLTIONS (WARE) LIMITED,SG9 0ED,SG,43210,active,electrical
09190958,MICHAEL MCDONALD ELECTRICAL CONTRACTING LIMITED,L40 2QT,L4,43210,active,electrical
06352336,COLNE VALLEY ELECTRICAL (SOUTH) LIMITED,CO2 8HG,CO,43210,active,electrical
13365995,PHEONIX CONTRACTING LIMITED,PE13 4LF,PE,"33140,35300,43210,43220",active,electrical
04974753,GARETH GRIFFITHS (TRYDANWR) CYF,LL49 9AP,LL,43210,active,electrical
13752796,EVIE CHARGING LIMITED,OX5 1JE,OX,43210,active,electrical
12278968,NN ELECTRICAL AND ENERGY MONITORING SOLUTIONS LTD,FY6 7AS,FY,43210,active,electrical
15008867,FUSION PV LTD,BH9 3JH,BH,43210,active,electrical
10305760,SAUNDERS DEVELOPMENTS LIMITED,RH2 7DP,RH,"41100,41202,43210,43220",active,electrical
00798550,SKANSKA RASHLEIGH WEATHERFOIL LIMITED,WD25 7GS,WD,43210,active,electrical
SC505049,MACKENZIE ELECTRICAL LTD,IV54 8YQ,IV,43210,active,electrical
04599626,STEWART & PICKERSGILL ELECTRICAL CONTRACTORS LIMITED,DH8 8TZ,DH,43210,active,electrical
15039927,THOMPSON DISTRIBUTION SERVICES LTD,BN21 3RL,BN,43210,active,electrical
07876025,A B ELECTRICAL (CHEPSTOW) LTD,NP16 7BB,NP,43210,active,electrical
06378330,IES INDUSTRIAL ELECTRICAL SERVICES LIMITED,DL15 0FB,DL,43210,active,electrical
11437069,BLIKS ELECTRIQUE LIMITED,EC1V 2NX,EC,"43210,43290,43390",active,electrical
05013752,SPARC ELECTRICAL LIMITED,HP2 5NU,HP,43210,active,electrical
13763305,SABBATH ENERGY SOLUTIONS LTD,WR8 9LP,WR,43210,active,electrical
11168694,J.S ELECTRIC SERVICES LTD,HA9 6BW,HA,43210,active,electrical
05061667,J.C.G ELECTRICAL LIMITED,BA3 3FJ,BA,43210,active,electrical
14492173,EWSS ELECTRICAL LTD,M22 1GN,M2,43210,active,electrical
05613969,A.C. CONNECTION LIMITED,CV34 5ND,CV,43210,active,electrical
03524036,R&R FIRE AND SECURITY LIMITED,SS11 8YN,SS,43210,active,electrical
12107579,MAPLE ELECTRICAL LTD,B11 2HA,B1,43210,active,electrical
09133488,RBS ELECTRICAL SERVICES LIMITED,KT8 2QL,KT,43210,active,electrical
SC328569,STEVEN OAKES ELECTRICAL LTD,PH26 3PL,PH,43210,active,electrical
07703747,ELECTRICAL BUILDING SOLUTIONS LTD,PO33 1PW,PO,43210,active,electrical
11895154,LANEC LTD,NG5 7JD,NG,43210,active,electrical
05522411,BK ELECTRICAL LTD,B94 6QW,B9,43210,active,electrical
03646001,SECURITY & ELECTRICAL INSTALLATIONS LIMITED,PR25 3NJ,PR,43210,active,electrical
15310487,TYNDALL NETWORK SOLUTIONS LTD,GU46 6LZ,GU,43210,active,electrical
09557480,UNIVERSAL M & E LTD.,SS11 8YN,SS,43210,active,electrical
14695939,COGLEC LTD,DN32 0BY,DN,43210,active,electrical
09570182,STEVE SMITH ELECTRICAL CONTRACTORS LTD,IP7 6RD,IP,43210,active,electrical
15051364,TOO BUSY LTD,WA4 2EJ,WA,43210,active,electrical
06992897,PRIORY ELECTRICAL LTD,NG4 3HQ,NG,43210,active,electrical
15745780,TMS DEVON GROUP LIMITED,EX3 9DW,EX,43210,active,electrical
09111652,MULHOLLAND ENERGY SERVICES LTD,NE17 7PP,NE,43210,active,electrical
08820871,WWSOLUTIONS LIMITED,MK44 1FD,MK,43210,active,electrical
11443012,M I ELECTRICAL LTD,S44 6QH,S4,43210,active,electrical
04890476,BLUEBIRD SECURITY LIMITED,BH16 6FH,BH,43210,active,electrical
05747093,S C I ELECTRICAL CONTRACTORS LIMITED,DE11 0LF,DE,43210,active,electrical
12996092,OTTER SUN RENEWABLES LTD,NR12 0YR,NR,43210,active,electrical
03639249,CAREL U.K. LTD.,KT9 1EU,KT,"43210,46690",active,electrical
06719417,SGB WORLD SERVICE LIMITED,ST5 2BE,ST,43210,active,electrical
05740399,M C ELECTRICAL (E.A.) LIMITED,PE30 1HJ,PE,43210,active,electrical
06205871,HENDERSON BUILDING & ELECTRICAL SERVICES LIMITED,FY8 1HN,FY,"43210,43390",active,electrical
08677601,GOLLINS ELECTRICAL LTD,PE19 6EN,PE,43210,active,electrical
11254357,ADLITAM LIMITED,OL4 3BH,OL,43210,active,electrical
15969858,TJB ELECTRICAL CONTRACTORS LIMITED,LE9 9JJ,LE,43210,active,electrical
04535749,HEARTLAND ELECTRICAL LIMITED,BN42 4RR,BN,43210,active,electrical
10023485,VORTEX ELECTRICAL SERVICES LTD,TN24 9HS,TN,43210,active,electrical
10389818,SCARSAS ELECTRICAL LIMITED,ME14 4HT,ME,43210,active,electrical
15137488,RILEY ELECTRICAL SOLUTIONS LTD,WA8 8WG,WA,43210,active,electrical
14217507,MATIC BUILDING SERVICES LIMITED,WN3 4DQ,WN,"43210,43220",active,electrical
03538946,DURHAM FIRE PROTECTION LIMITED,DH7 8RD,DH,43210,active,electrical
13804773,POWER XTREME ELECTRICALS LTD,CV6 2GT,CV,43210,active,electrical
05931297,GAM ELECTRICAL LIMITED,WN8 8BL,WN,43210,active,electrical
11729432,G ANSON ELECTRICAL LIMITED,WS9 8PT,WS,43210,active,electrical
13347565,KAYA ELECTRIC SERVICES COMPANY LTD,EC1V 2NX,EC,"33140,43210",active,electrical
03252828,P.H. THOMAS AND COMPANY LIMITED,TW13 6DH,TW,"43210,43220",active,electrical
09773726,SOAL SOLUTIONS LTD,GU30 7BJ,GU,43210,active,electrical
15020079,OHMEGA ELECTRICAL & RENEWABLES LIMITED,L37 4AQ,L3,43210,active,electrical
05188638,S C ELECTRICS (ESSEX) LTD,TN16 3UG,TN,43210,active,electrical
09540053,SWAM ELECTRICAL LIMITED,DA14 4DT,DA,43210,active,electrical
14362146,AUTO MECHANICAL & ELECTRICAL SOLUTIONS LIMITED,BR5 3QB,BR,"43210,43290,71129",active,electrical
14747443,ZION ENERGY LIMITED,GU2 9AH,GU,43210,active,electrical
14604788,B. TIPPER LTD,WS14 0ED,WS,43210,active,electrical
12909592,CHURCHWARD MANAGEMENT SERVICES LIMITED,SL9 9LQ,SL,43210,active,electrical
15993720,COMPLETE CONTROL SOLUTIONS LIMITED,BS34 8BN,BS,43210,active,electrical
07014313,D BLAKE ELECTRICAL SERVICES LIMITED,CO5 0EU,CO,43210,active,electrical
13358852,83 ELECTRICAL LIMITED,BB4 7UG,BB,43210,active,electrical
12238248,PIPAU INST LTD,EN1 4DZ,EN,"43210,43999,95220",active,electrical
15993801,RENOVA GROUP LTD,BB5 5BY,BB,"43210,43220,43290,43390",active,electrical
15170305,E&J ELECTRICAL LIMITED,TN37 7BE,TN,43210,active,electrical
09453853,ANYLEC LIMITED,WS11 5SL,WS,43210,active,electrical
05397936,SOLEC LIMITED,DT11 8ST,DT,43210,active,electrical
12752015,D&D GENERAL BUILDING LTD,CM18 6AP,CM,"41201,43110,43210,43220",active,electrical
10003073,REVILL ELECTRICAL LIMITED,BL6 6LW,BL,43210,active,electrical
13629407,SOLAR PV LTD,CO4 5NE,CO,43210,active,electrical
05952506,INTEGRATED ELECTRICAL SOLUTIONS LIMITED,OL5 0EZ,OL,43210,active,electrical
15184695,JWDVISION LTD,GU46 6HD,GU,"43210,61200,61900",active,electrical
02650749,DLP SERVICES (NORTHERN) LIMITED,M6 6WF,M6,"43210,43220,43390,43910",active,electrical
15995825,JADE SOLUTIONS LTD,RH10 7GL,RH,"43210,62090",active,electrical
06351674,MJC ELECTRIC LTD,BR6 8HH,BR,43210,active,electrical
08880274,N GOULD ELECTRICAL LIMITED,CF14 2FL,CF,43210,active,electrical
15993651,CPC SOLUTIONS LTD,CV32 7LP,CV,43210,active,electrical
09244850,DESLEA LIMITED,SS2 6GE,SS,43210,active,electrical
08773351,FROME VALLEY ALARMS AND ELECTRICAL LIMITED,DT6 3JL,DT,43210,active,electrical
00968629,P.I.P. ELECTRICS LIMITED,SS15 6TD,SS,43210,active,electrical
09807194,AUDIO VISUAL TECHNICAL SUPPORT SERVICES LTD,TQ12 4DG,TQ,"33200,43210,47430",active,electrical
05242026,YARE ELECTRICAL SERVICES LTD,NR14 7DU,NR,43210,active,electrical
08031241,HADEN FIRE & SECURITY LTD,HP12 4BY,HP,43210,active,electrical
11912073,GIBBARD & SONS LTD,PO19 3JF,PO,43210,active,electrical
13612988,ADI. P ELECTRICAL LTD,EN1 4SB,EN,43210,active,electrical
NI617239,P M ELECTRICS (NI) LTD,BT42 2PU,BT,43210,active,electrical
SC392702,BMES (SCOTLAND) LIMITED,FK4 2BW,FK,43210,active,electrical
14007757,C.L ELECTRICAL SOLUTIONS LIMITED,WD3 9TJ,WD,43210,active,electrical
14592525,TRUETECH ELECTRICAL LTD,BN41 2TA,BN,43210,active,electrical
13693032,JMP ELECTRICAL SERVICE (KENT) LTD,ME13 7QX,ME,43210,active,electrical
08709164,UNIVERSAL ELECTRICS (YORK) LTD.,YO42 2AE,YO,"33140,43210",active,electrical
08999586,MASETHU LIMITED,TN2 3GW,TN,"43120,43130,43210,43290",active,electrical
15993876,ECOMATT LTD,RG40 1XP,RG,43210,active,electrical
04919244,SECURITY IMAGE SOLUTIONS LTD,CM5 9LZ,CM,43210,active,electrical
15992962,PROSAFETYCERTIFICATES LTD,E3 2HG,E3,"43210,98000",active,electrical
14082618,1803 LTD,SN10 1HT,SN,43210,active,electrical
14383357,CSJ ELECTRICAL YORK LTD,YO24 3DS,YO,43210,active,electrical
12907394,PREMIER ELECTRICAL SOLUTIONS LIMITED,DA11 8LQ,DA,43210,active,electrical
08704607,CC ELECTRICAL SERVICES (LONDON) LTD,N14 5JR,N1,43210,active,electrical
14370457,COVENTRY ELECTRICAL SOLUTIONS LTD,CV1 2LD,CV,43210,active,electrical
09246789,MAX ELECTRICAL (CARLISLE) LTD,CA1 3QE,CA,43210,active,electrical
15995363,JTM ELECTECH LTD,CW11 1HB,CW,43210,active,electrical
14176794,MASS INTERNATIONAL GROUP LTD,L19 8HU,L1,"33140,43210",active,electrical
04080598,S P HARVEY ELECTRICAL LIMITED,PL1 5AJ,PL,43210,active,electrical
13827111,AMPERE ELECTRICAL CONTRACTORS LTD,DA13 0TE,DA,43210,active,electrical
16040309,PENWITH ELECTRICAL LTD,SO16 8ED,SO,43210,active,electrical
07861169,J R MATHLIN POWER SYSTEMS LIMITED,NR15 2DW,NR,43210,active,electrical
06116649,ID SECURITY SYSTEMS LIMITED,B7 5PA,B7,"43210,80200",active,electrical
07212971,BENCHMARK ELECTRICAL LIMITED,PE27 5JY,PE,43210,active,electrical
13675401,BERRY ELECTRICAL (DEVON) LTD,TA1 1QN,TA,43210,active,electrical
04573736,RAM ELECTRICAL (LEEDS) LTD,LS15 9AA,LS,43210,active,electrical
14301341,BOLT GROUP LTD,CH41 8EG,CH,43210,active,electrical
15238859,ELECTRIC HIPPO LTD,SM1 4AF,SM,43210,active,electrical
10983872,K M D HOLDINGS LIMITED,LS15 8ZB,LS,43210,active,electrical
13388635,KINGS ELECTRICAL CONTRACTORS LTD,LE7 2EE,LE,43210,active,electrical
11273573,HIGGY'S ELECTRICAL SERVICES LIMITED,DT1 2PU,DT,43210,active,electrical
08379943,AAES ELECTRICAL SERVICES LTD,MK16 9AZ,MK,43210,active,electrical
13707680,LIGHTING WITH DESIGN LTD,IG8 8EY,IG,43210,active,electrical
01573235,ENIDVALE LIMITED,SN8 3JY,SN,"33120,33200,43120,43210",active,electrical
13828017,KS ENGINEERING SERVICES PRIVATE LTD,NW9 6LU,NW,43210,active,electrical
11804043,WESTVIEW ELECTRICAL LTD,BN10 7PW,BN,43210,active,electrical
13171152,WH SERVICES MCR LTD,OL7 0NB,OL,43210,active,electrical
14447505,A.M ELECTRICS DEVON LTD,TQ12 2EU,TQ,43210,active,electrical
15223299,B O’BRIEN ELECTRICAL LTD,WF13 3SW,WF,43210,active,electrical
04562263,SIGNATURE SEAN HORLER LTD,NP26 3QP,NP,"41100,43210,43220,43390",active,electrical
16039752,SC TECHNICAL SOLUTIONS LTD,NE16 6LH,NE,43210,active,electrical
03466908,ADEN ASSOCIATES LIMITED,SG1 2EF,SG,43210,active,electrical
16041214,G9 SYSTEMS LIMITED,CF14 7ER,CF,"43210,96090",active,electrical
06193667,DAVE TOTTERDELL ELECTRICAL LIMITED,EX17 3AH,EX,"33140,43210,47990",active,electrical
07809662,BRIGHT ELECTRICS LTD,SE1 3UL,SE,43210,active,electrical
06059392,JOHN COLLINS ELECTRICAL LIMITED,MK18 3QH,MK,43210,active,electrical
16042033,FRONTLINE ENGINEERING SERVICES LIMITED,PE19 1DU,PE,43210,active,electrical
NI682269,HAYWIRE ELECTRICAL SERVICES LIMITED,BT34 1RX,BT,43210,active,electrical
04559047,DAVID BRAITHWAITE SERVICES LIMITED,DT4 0RN,DT,"43210,43220,43310,43320",active,electrical
12413636,LD ELECTRICAL INSTALLATION SERVICES LTD,NG17 8NX,NG,43210,active,electrical
13109763,DHAN FIRE AND ELECTRICAL LIMITED,HA3 0TU,HA,"43210,84250",active,electrical
13879562,ARPN PROPERTY SERVICES LIMITED,TN16 1RF,TN,"43210,43290",active,electrical
13704368,SWAKAA ELECTRICAL SERVICES LTD,HA2 9DS,HA,43210,active,electrical
07926995,BELEC ELECTRICAL LTD,L3 5NW,L3,43210,active,electrical
13119303,ENVIROSPARK LTD,DY13 0NW,DY,43210,active,electrical
14617734,A.K. HALSEY ELECTRICAL LIMITED,OX5 1JE,OX,43210,active,electrical
11728580,BARRIE PHILPOTT ELECTRICAL LIMITED,TR11 4PJ,TR,43210,active,electrical
14811009,PRESTIGE HOME INSTALLATIONS LTD,MK14 6GD,MK,"43210,43290,43342",active,electrical
09739007,POWERTECH ENGINEERING SERVICES LIMITED,M8 4NG,M8,43210,active,electrical
11684535,LUMO ELECTRICAL LTD,BN11 1XE,BN,43210,active,electrical
06039892,PONTIFIX ELECTRICAL SERVICES LIMITED,HR1 1UR,HR,43210,active,electrical
03346394,C.B.T. ELECTRICAL LIMITED,EN1 4SB,EN,43210,active,electrical
10984479,TNT ELECTRICAL LTD,N9 7JN,N9,43210,active,electrical
14621921,RILEY'S ELECTRICAL & SECURITY LTD,DA1 1RZ,DA,43210,active,electrical
14617604,CHESHIRE REWIRE LIMITED,L18 1DG,L1,43210,active,electrical
08922155,ABSOLUTE SERVICE & MAINTENANCE LIMITED,BR3 6NS,BR,43210,active,electrical
12418331,E ELECTRICS LIMITED,RM15 5DS,RM,43210,active,electrical
07420678,UPTON ELECTRICS LTD,BH15 4DL,BH,43210,active,electrical
15168424,JONES ELECTRICAL INSTALLATIONS LTD,CM77 6GD,CM,"43210,43290",active,electrical
05966309,RICHARDSON ELECTRICAL LIMITED,DL10 5NY,DL,43210,active,electrical
06015078,RH ELECTRICS LTD,BL5 1DL,BL,43210,active,electrical
02069640,INTOHEAT LIMITED,BS35 3UT,BS,43210,active,electrical
16040268,WILLOW SYSTEMS LTD,CH5 4HE,CH,43210,active,electrical
14685084,BLUE TECH ELECTRICAL LTD,PE3 6AB,PE,43210,active,electrical
15237530,ADW ELECTRICAL LTD,DY3 3SJ,DY,43210,active,electrical
16041239,HV COMMISSIONING SERVICES LIMITED,SR8 4SS,SR,43210,active,electrical
03544268,KSE SERVICES LIMITED,CM1 3BY,CM,43210,active,electrical
10330340,WARCOP ELECTRICAL LIMITED,EN11 8LQ,EN,43210,active,electrical
04643271,KNF ELECTRICAL CONTRACTORS LIMITED,RM12 6LX,RM,43210,active,electrical
07493310,ORIENT ENERGY INDUSTRIAL LIMITED,CO7 8FS,CO,"35120,35130,35140,43210",active,electrical
11168042,THE HOME GROUP COMPANIES LIMITED,EC1V 2NX,EC,"43210,43220,43910,43999",active,electrical
16043018,PROTONOMICAL LTD,RG19 3PF,RG,43210,active,electrical
13125065,ELECTRIC4U ELECTRICAL SERVICES LTD,KT6 4JX,KT,43210,active,electrical
12199855,LUMEN ELECTRICAL CONTRACTORS LIMITED,PE7 8GX,PE,43210,active,electrical
NI656601,BANN POWER LIMITED,BT3 9DE,BT,"43210,71122",active,electrical
16039417,N L SERVICES LTD,NN7 1NA,NN,43210,active,electrical
14636763,LIGHTHOUSE GROUP SOUTH WEST LIMITED,TR7 3BJ,TR,"33140,43210",active,electrical
13150817,PROJOINTING LIMITED,TS3 8TF,TS,43210,active,electrical
SC387748,MAGNUS HEATING & PLUMBING SOLUTIONS LTD,G15 8QS,G1,"43210,43220",active,electrical
13874339,SMB TRADE CONTRACTORS LIMITED,CM6 1WZ,CM,43210,active,electrical
SC368852,MCARTHUR RENEWABLES & MARINE TECHNOLOGIES LTD.,G40 4LA,G4,43210,active,electrical
07909315,MERES ELECTRICAL SERVICES LTD,CH43 9SG,CH,43210,active,electrical
11147473,K ELECTRICAL SOLUTIONS LIMITED,KT16 9PQ,KT,43210,active,electrical
02496955,WALSH INTEGRATED BUILDING SERVICES LIMITED,BB9 5SP,BB,"43210,74100",active,electrical
12457515,CAWSTON SOLUTIONS LIMITED,CV21 1JX,CV,43210,active,electrical
08996098,JOHN FRENCH ELECTRICAL LIMITED,CV12 9NH,CV,43210,active,electrical
11164976,MAYS ELECTRICAL LTD,GL6 0JF,GL,43210,active,electrical
05266145,DAWLING LTD,CB4 1XE,CB,43210,active,electrical
10186456,RENEW SOLUTIONS LTD,S17 3PT,S1,"43210,43220",active,electrical
14632229,SOLAR INTELLIGENCE LTD,DA10 1FL,DA,43210,active,electrical
10585698,BREEZE ELECTRICAL CONTRACTORS LIMITED,BH21 3JA,BH,43210,active,electrical
06405845,ELECTROTECH STAFFS LIMITED,ST3 7SX,ST,43210,active,electrical
SC388793,1 STOP RENEWABLES WIND ENERGY LTD,PA11 3PW,PA,43210,active,electrical
04604142,MORC ELECTRICAL SERVICES LTD,NG15 9FW,NG,43210,active,electrical
08383026,STERLING BLANK LTD,M7 4JA,M7,"43210,43390,68320",active,electrical
13129736,CHARGEPOINT SOLUTIONS LTD,SA11 3BX,SA,43210,active,electrical
06072190,JST CONSTRUCTION LIMITED,CH65 4FE,CH,43210,active,electrical
09235994,BRIMSTONE ELECTRICAL SYSTEMS LIMITED,TN5 6AP,TN,43210,active,electrical
16040710,NEW LOOK REFORMS LIMITED,E1 0SG,E1,"41202,43210,43220,43310",active,electrical
13866807,STRANGLX LTD,CT10 1JT,CT,43210,active,electrical
07809708,IGA SIGNALLING LIMITED,SO18 5DZ,SO,"42120,43210",active,electrical
09376441,M.R. TIMBY ELECTRICAL SERVICES LTD,SO53 3HE,SO,43210,active,electrical
SC827057,FORTHVIEW DEVELOPMENTS LTD,EH32 9FU,EH,"41100,41202,43210,43390",active,electrical
04672669,JIM PHILPS LIMITED,TN39 5HH,TN,43210,active,electrical
13146615,DENHAM CRESCENT DEVELOPMENTS LTD,SW19 1AU,SW,"41100,41202,43210,43220",active,electrical
08695252,SLD ELECTRICAL SERVICES LTD,FY7 6FE,FY,43210,active,electrical
06088526,W LOWE ELECTRICAL LIMITED,NG15 7AW,NG,43210,active,electrical
09463337,EVOLECTRIC LTD,HP15 7SY,HP,43210,active,electrical
11765439,JBP ELECTRICAL CONTRACTORS LTD,BH24 1XB,BH,43210,active,electrical
02032221,THOMPSON ELECTRICAL (CAMBRIDGE) LIMITED,CB5 8UZ,CB,43210,active,electrical
06901865,AMPED UP ELECTRICAL SERVICES LTD,GL4 6RA,GL,43210,active,electrical
15164152,P.A.S CONNECTIONS LTD,LU7 9SH,LU,43210,active,electrical
13304514,EQ ELECTRICAL LTD,L3 4BN,L3,43210,active,electrical
11881461,ROBERT E RUSSELL LIMITED,DN16 3PN,DN,43210,active,electrical
12975550,LAWBROS SERVICES LIMITED,SG12 0AA,SG,43210,active,electrical
06053251,A & P ELECTRICAL LTD,E17 5DX,E1,43210,active,electrical
SC291555,DAVID S FLEMING LTD,KY11 2HP,KY,43210,active,electrical
SC728697,REACTIVE SERVICE SOLUTIONS LTD,EH9 1SE,EH,43210,active,electrical
13349054,AK GAS & ELECTRICAL LTD,CV6 1LQ,CV,"43210,43220",active,electrical
15139674,HS ELECTRICAL (BRISTOL) LTD,BS16 4LX,BS,43210,active,electrical
11570948,CROFT FACILITIES LTD,WF4 5RA,WF,43210,active,electrical
05770652,BNC ELECTRICAL LIMITED,TQ13 8SA,TQ,43210,active,electrical
07054369,JAYMAR ELECTRICAL CABLING SERVICES LIMITED,CW2 5LB,CW,43210,active,electrical
13952092,HEARTWOOD ENERGY LTD,DY6 9HS,DY,"43210,43220",active,electrical
13699419,DIRECT ELECTRICAL TESTING LTD,BN27 1GT,BN,43210,active,electrical
11440808,ARCUS MECHANICAL & ELECTRICAL LTD,RM1 3LS,RM,"43210,43220",active,electrical
13863419,SOL-TEQ LIMITED,LS1 2RY,LS,"43210,43910",active,electrical
02142491,FLAIR ELECTRICAL ENGINEERING LIMITED,CF43 3HB,CF,43210,active,electrical
13839626,ELECTRICAL INSTALLATIONS LTD,IG8 8LL,IG,43210,active,electrical
06394396,PB ELECTRICAL INSTALLATION AND MAINTENANCE LTD,CM13 1UL,CM,"43210,43290",active,electrical
09455220,G G ELECTRICAN LTD,PO2 9JY,PO,43210,active,electrical
16044755,ENERGISED ELECTRICAL SOLUTIONS LIMITED,BN1 5NP,BN,43210,active,electrical
07910857,G H ELECTRICAL CUMBRIA LIMITED,CA2 6NN,CA,43210,active,electrical
12979710,LUCID ELECTRICAL LTD,GL52 8LZ,GL,43210,active,electrical
16045173,DAN GREGORY ELECTRICAL CONTRACTORS LTD,BD19 6EP,BD,43210,active,electrical
08830617,INFINITY ELECTRICAL & SECURITY LIMITED,WF2 0RJ,WF,"43210,43290,43999",active,electrical
12905576,SHAUN THOMAS PLUMBING HEATING AND ELECTRICAL LIMITED,CB24 9YF,CB,"43210,43220",active,electrical
SC686258,A.T.M GLOBAL LTD,DD11 5JZ,DD,43210,active,electrical
15142691,CONSTRUCTIVE CAPITAL GROUP LTD,IG3 8EG,IG,"41202,43210,43390,68209",active,electrical
10006276,DJTM ELECTRICAL SERVICES LTD,SA4 3RL,SA,43210,active,electrical
09936731,SJH ELECTRICAL SERVICES LIMITED,FY3 9XH,FY,43210,active,electrical
08700017,R AND S ELECTRICAL SERVICES LTD,WS11 4AU,WS,43210,active,electrical
11659169,EXPERT ELECTRICAL SERVICES LTD,CV32 4EA,CV,43210,active,electrical
09266704,SAC ELECTRICAL LTD,OL1 4PU,OL,43210,active,electrical
10568391,AE FACILITIES LIMITED,DH2 1RH,DH,43210,active,electrical
13116887,CAR CHARGING (U.K) LIMITED,FY4 5GP,FY,43210,active,electrical
16048352,BATCHELOR RENEWABLE ENERGY LIMITED,BH17 7BX,BH,43210,active,electrical
02076810,R M D ELECTRICAL LIMITED,B11 3BD,B1,43210,active,electrical
13313206,S&B ELECTRICAL CONTRACTORS NW LTD,FY3 9AA,FY,43210,active,electrical
16049084,MJD CONTRACTORS LTD,TS24 7DN,TS,43210,active,electrical
10418078,DTECH SITE SERVICES LTD,RM14 2SJ,RM,43210,active,electrical
09844057,BOWDAN ELECTRICAL SERVICES LIMITED,TN32 5UY,TN,43210,active,electrical
13159543,DGE ELECTRICAL SERVICES LIMITED,PE29 1YH,PE,43210,active,electrical
03912582,D.A. ELECTRICAL LIMITED,RM3 8EN,RM,43210,active,electrical
14801816,JP ELECTRICAL CONTRACTORS (WORCESTERSHIRE) LTD,DY11 7AP,DY,43210,active,electrical
09821418,ELECTRUM ELECTRICAL LTD,CM15 8NL,CM,43210,active,electrical
02993921,CRAFT ELECTRICAL CONTRACTORS LIMITED,BH9 2DW,BH,43210,active,electrical
11821005,EV MILES LTD,WR14 1BJ,WR,43210,active,electrical
14005270,ELECTRICAL BAND-AID LIMITED,CV3 3GR,CV,43210,active,electrical
08846211,GI ELECTRICAL SERVICES LIMITED,SY4 4RU,SY,43210,active,electrical
09397426,D2E ELECTRICAL LTD,CV5 6AJ,CV,43210,active,electrical
11554903,JAMIE LAST ELECTRICAL SERVICES LIMITED,KT7 0BX,KT,43210,active,electrical
12236584,PRIME SET LTD,CR0 2AP,CR,"43210,78200,80100,84240",active,electrical
12281286,ACT ELECTRICAL & PLUMBING LTD,WC2H 9JQ,WC,"43210,43220",active,electrical
10597537,S.ROFE MAINTENANCE LIMITED,DA14 4DT,DA,43210,active,electrical
09899782,ROBERT LEVINGSTON LIMITED,KT3 6LT,KT,43210,active,electrical
15173597,MPG SERVICES NW LIMITED,L1 0AH,L1,"41100,43210,43290",active,electrical
12431616,BOGEMANS ELECTRICAL ENGINEERING LTD,N1 7GU,N1,"33140,42220,43210,43390",active,electrical
13935014,GO 2 NET ZERO LTD,EX32 9AL,EX,"43210,43220",active,electrical
09806559,PREMLEX ELECTRICAL LIMITED,PO16 0EN,PO,43210,active,electrical
08845467,CRIMSON SKY FILM LIGHTING LIMITED,NW2 5PN,NW,43210,active,electrical
SC728146,FUSION RENEWABLES LTD,DG1 2AT,DG,43210,active,electrical
12831325,INSPECT ELECTRICAL LTD,BR1 3QD,BR,43210,active,electrical
08697093,LORENC CUPI LIMITED,NW10 4SJ,NW,43210,active,electrical
12434304,ANDREW W ELECTRICAL LTD,DH4 6SS,DH,43210,active,electrical
12418501,EVOLUTION FACILITIES MANAGEMENT LTD,WC2H 9JQ,WC,"41202,43210,43220,43390",active,electrical
13149469,M H ELECTRICAL & SOLAR INSTALLATIONS LTD,DE6 1GA,DE,43210,active,electrical
08959564,MARKHAM ELECTRICAL LTD,BN42 4FN,BN,43210,active,electrical
08854921,PREMIER ROOFING (LONDON) LTD,SG14 1BP,SG,43210,active,electrical
11135328,D.M ELECTRIC (DEARNE) LTD.,S73 0EA,S7,43210,active,electrical
02153584,DUALBOUND LIMITED,TS18 3SB,TS,"43210,68209",active,electrical
16046022,APLS ELECTRICAL SERVICES LTD,DA6 8PF,DA,43210,active,electrical
09951682,IMPULSE ELECTRICS LTD,B20 2LU,B2,43210,active,electrical
13836095,MAYGER ELECTRICS LIMITED,TW17 0AP,TW,43210,active,electrical
15169236,TRUESTATE SYSTEMS LTD,N1 7GU,N1,43210,active,electrical
11792377,SIO ELECTRICAL SERVICES LTD,IG1 1RH,IG,43210,active,electrical
08881387,DIVERSE DATA SOLUTIONS LTD,CV3 6EL,CV,43210,active,electrical
09398410,MORENO ELECTRICAL LIMITED,NW3 1JE,NW,43210,active,electrical
09835407,INSPIRELEC LTD,B45 8BL,B4,43210,active,electrical
16022318,BEAM ELECTRICS LIMITED,LE13 0AQ,LE,43210,active,electrical
13664938,SHARWOOD ELECTRICAL AND FIRE LTD,RM3 9LX,RM,43210,active,electrical
15231177,PERAGAM LIMITED,YO61 1ET,YO,43210,active,electrical
16047811,CRUCIAL LIMITED,DH9 9DB,DH,43210,active,electrical
12001974,DIVERSE CONTRACTING SERVICES LTD,PE14 7RY,PE,"33200,43210,96090",active,electrical
11132201,LICHEN ELECTRICAL & PLUMBING LIMITED,NG7 2FQ,NG,"43210,43220",active,electrical
14656019,GRAHAM TOWLER ELECTRICAL LIMITED,DN6 8BQ,DN,43210,active,electrical
SC173451,J N ELECTRICS LIMITED,G15 6UY,G1,43210,active,electrical
10271161,COSIC LTD,UB7 0JE,UB,43210,active,electrical
12779512,RBEE ELECTRICAL LTD,M45 8JY,M4,43210,active,electrical
08367143,SPALDING ELECTRICAL LTD,PE12 6PN,PE,43210,active,electrical
11768725,KENNETT ELECTRICAL AND COMPLIANCE LTD,LN13 0LQ,LN,43210,active,electrical
12515496,MH ELECTRICAL SERVICES (SOUTH EAST) LIMITED,GU5 9EW,GU,43210,active,electrical
13890017,CERTUS ELECTRICAL LTD,TN21 0LA,TN,"41202,43210",active,electrical
NI702450,SOURCE ELECTRICAL (IRELAND) LTD,BT43 6AZ,BT,43210,active,electrical
07848739,NOVA RENEWABLES LIMITED,BN21 4NN,BN,43210,active,electrical
10544406,DH ELECTRICAL & MECHANICAL LTD,DL3 9AQ,DL,43210,active,electrical
07116849,JW ELECTRICAL SOLUTIONS LIMITED,SG14 1BP,SG,43210,active,electrical
13586582,ACECO SERVICES LTD,SW3 2NY,SW,43210,active,electrical
14442571,REDMOND ENERGY SOLUTIONS LTD,LL64 5XA,LL,43210,active,electrical
16045567,REGISDEN LTD,SE18 6LF,SE,43210,active,electrical
08025623,SOLACE ELECTRICAL LIMITED,SG4 0TY,SG,43210,active,electrical
06478463,WARTON ELECTRICAL SERVICES LIMITED,B79 0JH,B7,43210,active,electrical
11755353,DELTA ENGINEERS LTD,HA3 8DD,HA,"43210,43220",active,electrical
16048331,INTELEC ELECTRICAL SOLUTIONS LTD,SR7 7UX,SR,43210,active,electrical
13942230,PREMIER SERVICES WILTS LTD,SN2 1HB,SN,43210,active,electrical
13826138,ELECTRIQA LTD,NW7 1SN,NW,"33140,43210",active,electrical
16044618,DESIGN AND RENEW LIFE LIMITED,E1 0SG,E1,"41202,43210,43220,43310",active,electrical
11890228,LIGHTGURU'S LTD,BR1 3QD,BR,43210,active,electrical
16044298,RACK SOLUTIONS LIMITED,B26 2AL,B2,43210,active,electrical
SC748804,G MCGREGOR ELECTRICAL LTD,PA7 5DX,PA,43210,active,electrical
07421752,BRIDGE HOUSE ELECTRICALS LIMITED,LN8 5AB,LN,43210,active,electrical
10553868,D.J. CONNOLLY ELECTRICAL LTD,PO7 5PT,PO,43210,active,electrical
13145325,TRIANGLE ELECTRICAL LTD,RG31 5LN,RG,43210,active,electrical
16046507,VOLTGUARD LIMITED,CV3 1JE,CV,43210,active,electrical
14419805,VV & K CONSTRUCTION LIMITED,BL3 6RL,BL,"41202,43210,43290",active,electrical
SC587192,PAUL COOK ELECTRICAL LTD,FK2 0RG,FK,43210,active,electrical
04634703,MAHON-FLEMING LIMITED,CV10 0XD,CV,43210,active,electrical
13226244,MIKE WIRE ELECTRICAL LTD,WA12 0BZ,WA,43210,active,electrical
04316069,EZARDS LIGHTING LTD,CH48 4HA,CH,"33140,43210,47540",active,electrical
SC621001,KLM ELECTRICAL LTD,G13 4BN,G1,43210,active,electrical
07039027,PAS ELECTRICAL CONTRACTORS LTD,WN1 2QN,WN,43210,active,electrical
15985576,WARBRECK ELECTRICAL LIMITED,L9 8EE,L9,43210,active,electrical
09449950,LAMEC LTD,OL10 2JW,OL,43210,active,electrical
SC470624,N M ELECTRICAL CONTRACTS LTD,G66 3UU,G6,43210,active,electrical
15049897,QI ENERGY LIMITED,ME4 6BE,ME,"43210,43290",active,electrical
11665750,SB FACILITIES LIMITED,SR3 2BS,SR,"43210,68100,78300",active,electrical
SC481710,R H ELECTRICAL (ABERDEEN) LTD,AB51 4RA,AB,43210,active,electrical
10982298,BEE-SAFE CCTV LTD,OL12 7PT,OL,43210,active,electrical
14449158,MCGUIRES WIRES LTD,EX32 7BG,EX,43210,active,electrical
03768740,SPEAR ELECTRICAL LIMITED,SP10 3BB,SP,43210,active,electrical
07957790,GREATER LONDON ELECTRICAL LTD,CR0 8BJ,CR,43210,active,electrical
08755944,CHRISTCHURCH POWER AND LIGHTING LTD,IP19 8AP,IP,43210,active,electrical
08752374,EDEN SYSTEMS (CUMBRIA) LTD,CA6 4SD,CA,43210,active,electrical
05982437,S.SEXTON ELECTRICAL LIMITED,DE72 3QE,DE,43210,active,electrical
13239967,EVERYTHING4EV LIMITED,RM3 0JU,RM,43210,active,electrical
02776420,KINGFISHER POOLCARE LIMITED,OX17 3HJ,OX,"43210,43220,82990",active,electrical
13968983,SBR ELECTRICAL LIMITED,PL25 4QJ,PL,43210,active,electrical
11020767,H & H ELECTRICAL CONTRACTORS (MAIDENHEAD) LTD,HP10 0BT,HP,43210,active,electrical
09497453,ALAN CONCANNON ELECTRICS LIMITED,SK15 2SX,SK,43210,active,electrical
11833594,ECLIPSE ELECTRICAL KENILWORTH LTD,CV32 4EA,CV,43210,active,electrical
10466448,TAYLOR SAPPHIRE ELECTRICAL LTD,L19 0NQ,L1,43210,active,electrical
06733495,CHARNOCK ELECTRICAL SERVICES LIMITED,L40 2QU,L4,43210,active,electrical
10639604,AVO ELECTRICAL LTD,DA11 8RH,DA,43210,active,electrical
01421906,E. PARRY ELECTRICAL INSTALLATIONS LIMITED,DE75 7LE,DE,43210,active,electrical
06190468,ORIENT ELECTRICAL SERVICES LIMITED,CM9 6FH,CM,43210,active,electrical
16066300,R J SANDERSON ELECTRICAL SERVICES LIMITED,NE16 5AZ,NE,43210,active,electrical
07253121,R TAYLOR ELECTRICAL CONTRACTORS LIMITED,L37 4AQ,L3,43210,active,electrical
15007159,PRENDERGAST ELECTRICAL SERVICES LTD,MK42 0GD,MK,43210,active,electrical
05953464,WESTMORLAND ELECTRICAL LIMITED,CA16 6JS,CA,43210,active,electrical
SC788601,VIZION 4 LTD,FK7 7TT,FK,43210,active,electrical
14465389,I SPY SOLAR LTD,TR7 1RP,TR,43210,active,electrical
15242554,SCOPE GREEN SOLUTIONS LTD,NE11 0NF,NE,43210,active,electrical
08414112,GRA-BERN ELECTRICAL LTD,TF7 4JZ,TF,43210,active,electrical
03708680,CHECA LIMITED,NG3 5JR,NG,43210,active,electrical
SC749490,JJ ELECTRICAL ENGINEERING LTD,KY4 0AH,KY,"43210,71121,71129",active,electrical
03751132,SKY ELECTRICAL LIMITED,TW2 5LF,TW,43210,active,electrical
10567344,N.K.PATRICK ELECTRICAL LTD,PE32 2AZ,PE,"33140,43210",active,electrical
16064752,HALO FIRE AND SECURITY LTD,BB5 5BY,BB,43210,active,electrical
03536531,M.A.T. ELECTRICS LIMITED,EX4 8NS,EX,43210,active,electrical
16065185,BOLT SOUND & LIGHTING LIMITED,PO2 0NG,PO,"43210,59200,71121",active,electrical
15173592,KST ELECTRICAL SERVICES LTD,PE21 8BH,PE,43210,active,electrical
09511942,ERNEST TILL SOUTH WEST & CO LTD,BS34 5EH,BS,43210,active,electrical
08285009,M J ELMES ELECTRICAL SERVICES LTD,SN12 8BY,SN,43210,active,electrical
14377262,CELTIC ELECTRICAL SERVICES LIMITED,CF35 6RA,CF,43210,active,electrical
12904637,TRIVOLTAGE LTD,B63 1DQ,B6,"43210,80200",active,electrical
11239966,BRIGHT ELECTRICAL SERVICES LTD,CV3 6DA,CV,43210,active,electrical
06514439,TOTAL PROTECTION ELECTRICAL FIRE & SECURITY LIMITED,PR1 9LQ,PR,43210,active,electrical
06005456,SPHE LIMITED,NG17 3FW,NG,"43210,43220",active,electrical
13139599,AUTOMATED BUILDING CONTROLS LTD,SR3 3NL,SR,"43210,43220,43999",active,electrical
08874867,SOURCE ELECTRICAL LIMITED,WN4 9SL,WN,43210,active,electrical
09810477,J MARSH ELECTRICAL LTD,EN1 4SB,EN,43210,active,electrical
12295226,BPS ELECTRICAL SERVICES LTD,SM3 9LS,SM,43210,active,electrical
14451142,B. COOPER ELECTRICAL CONTRACTORS LTD,PO22 6JH,PO,43210,active,electrical
07041213,MW FIRE LTD,HP19 8RS,HP,43210,active,electrical
02370946,TURRELL LIMITED,DT4 9TH,DT,43210,active,electrical
11592202,NATIONAL SWITCH LIMITED,LU4 8HZ,LU,"41202,43210,43220,43320",active,electrical
12985407,DAVEY & GILBERT M&E LTD,TR20 8DU,TR,"43210,43220,43999",active,electrical
14446772,PSJ ELECTRICS LTD,WS13 6QD,WS,43210,active,electrical
14445139,D. KIRK ELECTRICAL SERVICES LIMITED,SS9 5PS,SS,43210,active,electrical
15173768,PLUMBSPARK LTD,UB2 5PP,UB,"41201,41202,43210,43220",active,electrical
15268003,JLS ELECTRICAL SOLUTIONS LTD,DN6 0NY,DN,43210,active,electrical
15188337,GELDER ELECTRICAL LIMITED,NR18 9RS,NR,43210,active,electrical
13137737,S DOOPLY ELECTRICAL LTD,GL1 4SJ,GL,43210,active,electrical
NI656677,LDC ELECTRICS LTD,BT80 9LU,BT,43210,active,electrical
15279922,BEMC LTD,CR0 5EW,CR,43210,active,electrical
03661946,CHART ASSOCIATES LIMITED,OX17 2DR,OX,43210,active,electrical
13300051,MTT ELECTRICAL LTD,WF9 2XE,WF,43210,active,electrical
04943970,INTERIOR RENOVATIONS LIMITED,LL30 2RD,LL,43210,active,electrical
09178853,DELTA HV LTD,BN26 6QH,BN,43210,active,electrical
08367233,CRAVEN ENERGIES LIMITED,BD23 3AE,BD,43210,active,electrical
09836815,SALVUS ELECTRICAL SERVICES LIMITED,DA16 1HS,DA,43210,active,electrical
SC828199,ABZ FIRE & SECURITY LIMITED,AB12 3QF,AB,"43210,80200",active,electrical
07803703,TSS (GB) LTD,WF15 8BN,WF,"33120,33140,43210,43220",active,electrical
14032055,BE ELECTRICAL SOUTH EAST LTD,TN33 0EE,TN,43210,active,electrical
07935001,L.H. ELECTRICAL & BUILDING SERVICES LIMITED,SS17 9AA,SS,43210,active,electrical
13899184,ODINHAM LTD,WA5 2PB,WA,43210,active,electrical
05734668,WIMYTA ELECTRICS LIMITED,LL12 8UW,LL,43210,active,electrical
SC828160,E DEY ELECTRICAL LTD,KY11 1AS,KY,43210,active,electrical
15251870,PACE E SERVICES LTD,CM9 8BG,CM,"41202,43210",active,electrical
11039322,SITE OPERATIVE SOLUTIONS (FIRE) LIMITED,RM14 1TH,RM,43210,active,electrical
05306273,J S HEATING (IW) LIMITED,PO37 7BH,PO,"43210,43220",active,electrical
13431078,JB SERVICES (1992) LTD,DE11 9DN,DE,"43210,43390",active,electrical
10457718,MALENA LTD,NN14 4XN,NN,43210,active,electrical
07382491,PLATINUM FIRE SAFETY MANAGEMENT LIMITED,RH13 5RG,RH,"43210,43999,70229",active,electrical
08881140,S BUCKNOLE ELECTRIX LTD,SO51 0BE,SO,43210,active,electrical
08759477,PROGRESSIVE ELECTRICS LTD,RH19 4LZ,RH,43210,active,electrical
10620724,FIRELIGHT DETECTION & ELECTRICAL SYSTEMS LTD,B90 4AA,B9,"43210,71129",active,electrical
15253778,TURNER & MOORE ELECTRICAL LTD,BB10 2BH,BB,43210,active,electrical
NI062556,BEN MADIGAN ELECTRICAL CONTRACTORS LTD,BT15 4EG,BT,43210,active,electrical
01898449,ARCHVEER LIMITED,CA2 7PW,CA,43210,active,electrical
SC729377,MMM ELECTRICAL COMMERCIAL LTD,G20 0UD,G2,43210,active,electrical
07979038,4G ELECTRICAL SERVICES LIMITED,L39 1NX,L3,43210,active,electrical
16069385,AARUSHI ELECTRICAL AND PLUMBING CO LTD,RG6 7RJ,RG,"43210,43220",active,electrical
SC758477,MALL CONTRACTS LTD,ML3 0RA,ML,"43210,43310",active,electrical
16070446,KNOW WATT ELECTRICAL LTD,RH12 0DF,RH,43210,active,electrical
11191484,PJB ELECTRICAL LIMITED,RH10 9RD,RH,43210,active,electrical
05858604,WESTLEC LIMITED,BS23 2LT,BS,43210,active,electrical
09284511,PRAGMATIC CONTROLS INSTALLATION LIMITED,L20 7BZ,L2,43210,active,electrical
12583806,BUILDING BRANCHES LTD,RM19 1QP,RM,"43210,70229",active,electrical
11006477,RACHMAC LIVE LTD,YO51 9JS,YO,43210,active,electrical
12544540,BARRETTS ELECTRICAL (DORSET) LIMITED,,,43210,active,electrical
02800445,POWELL SYSTEM ENGINEERING LIMITED,DA14 5NL,DA,"43210,43999",active,electrical
01397993,DELTA 'T' (TRACE HEATING) LIMITED,EN6 1HS,EN,43210,active,electrical
08579472,BEVERLEY-PERKINS SERVICES LIMITED,KT10 0AJ,KT,"41100,41201,41202,43210",active,electrical
07607155,P&N ELECTRICAL SERVICES LTD,RM6 5BL,RM,43210,active,electrical
13916026,CLD BUILDING SOLUTIONS LIMITED,HA5 2JB,HA,43210,active,electrical
08420681,S. A. ELECTRICAL (LINCS) LIMITED,PE11 1AF,PE,43210,active,electrical
11061265,DIVERSE ACTION GROUP LIMITED,DA7 4RP,DA,"43210,43999",active,electrical
14740802,ADA ELECTRICAL & SECURITY SOLUTIONS LTD,M25 0FY,M2,43210,active,electrical
14507071,CORELEC LTD,B90 1SQ,B9,43210,active,electrical
16071509,OHM FROM HOME ELECTRIC'S LTD,WC2H 9JQ,WC,43210,active,electrical
09263830,SHEAWORKS LTD,CM20 2EU,CM,43210,active,electrical
16071857,BAUER SOLAR LIMITED,NE46 3HF,NE,43210,active,electrical
04326190,C.A.D.E ELECTRICAL CONTRACTORS LIMITED,DN33 1EB,DN,43210,active,electrical
14820299,OPEN AIR VISUALS LTD,BS16 7BW,BS,"33140,43210,71129,74202",active,electrical
14457210,JP GENERATOR SERVICES LTD,TS14 7ND,TS,43210,active,electrical
05989876,INSPEC ELECTRICAL CONTRACTORS LTD,MK15 0DU,MK,43210,active,electrical
00669760,WYMAN ELECTRICALS LIMITED,CT13 9DA,CT,43210,active,electrical
05828794,ROGER ELECTRICAL LIMITED,YO30 4UZ,YO,43210,active,electrical
16069500,ELYSIAN ENERGY GROUP LTD,DN21 2NA,DN,43210,active,electrical
06338646,SWATT SOLUTIONS LTD,CT9 5SB,CT,43210,active,electrical
SC477905,MELROSE ELECTRICAL SERVICES LTD.,ML1 3DG,ML,43210,active,electrical
12957972,ARMOUR ELECTRICAL SERVICES LTD,EN1 4SB,EN,"33140,43210",active,electrical
07896529,PHOENIX FIRE ALARMS LTD,ME3 8GZ,ME,43210,active,electrical
04408322,J.J. ELECTRICAL LIMITED,DT4 9TH,DT,43210,active,electrical
14467789,GREENWAY EV LIMITED,MK41 7PQ,MK,"43210,45310,45320",active,electrical
07050012,T J PYNE ELECTRICAL SERVICES LTD,BR2 6HL,BR,43210,active,electrical
16072172,PUMPHREY ELECTRICALS LIMITED,NE39 1RB,NE,43210,active,electrical
16072498,ABZ ELECTRICAL CONTRACTORS LTD,M13 0PG,M1,43210,active,electrical
04522463,C B ELECTRICAL CONTRACTORS (S.E) LIMITED,TN35 4FB,TN,43210,active,electrical
15271813,ES ELECTRICAL LONDON LTD,KT9 2SJ,KT,43210,active,electrical
13654497,FACILITY SERVICING GROUP LTD,NR8 6HW,NR,"41100,43120,43210,43220",active,electrical
16068286,CELTIC ELECTRICAL LTD,SY23 1NE,SY,43210,active,electrical
02893593,ESW LIGHTING AND MAINTENANCE COMPANY LIMITED,CM6 3NJ,CM,"43210,46470",active,electrical
09484301,PUNTON ELECTRICS LIMITED,SO41 3QD,SO,43210,active,electrical
15749129,BAU EXCAV SOLAR LTD,IG3 9SN,IG,"43120,43210",active,electrical
04918573,M R C ELECTRICAL SERVICES LTD,WS15 2BT,WS,43210,active,electrical
09519733,K.SMYLALIGHTS LTD,UB6 8BL,UB,43210,active,electrical
10442373,MCB ELECTRICAL SOLUTIONS LTD,B26 2SJ,B2,43210,active,electrical
16014437,CERTIFIED ELECTRICAL CONTRACTORS LIMITED,PR4 1ES,PR,43210,active,electrical
05746038,P M C ELECTRICAL CONTRACTORS LIMITED,SK4 3DN,SK,43210,active,electrical
15120781,ACYD GROUP LTD,SE28 0DX,SE,"42990,43210,43390,43999",active,electrical
05700400,THORNTON ELECTRICAL (LONDON) LIMITED,EN6 1HS,EN,43210,active,electrical
04319002,M E LAUD SERVICES LIMITED,DE11 0HY,DE,43210,active,electrical
12914771,QUEST OFFSHORE LTD,WS3 4PY,WS,"43210,71129",active,electrical
04421770,ELECTRA CONTROLS LTD,CM77 8DZ,CM,43210,active,electrical
03665438,"SBS ELECTRICAL, HEATING & PLUMBING SERVICES LIMITED",BB11 2HG,BB,43210,active,electrical
15238375,SPOTLIGHT PROPERTY SERVICES LIMITED,TF11 9AZ,TF,"41100,41202,43210,43390",active,electrical
07837169,J BANGER LIMITED,SL3 7LQ,SL,"43210,43290",active,electrical
10657309,DSP & SONS LTD,CM3 5RF,CM,"43210,82990",active,electrical
07966906,ELECTRO-TEST (SOUTHERN) LTD.,LD3 8PB,LD,43210,active,electrical
16072450,DRJ ELECTRICAL LTD,SO16 8DS,SO,43210,active,electrical
08001650,ALMIC GROUP LTD,BR6 7TF,BR,"42990,43210",active,electrical
14428509,AJAX TECH SOLUTIONS LTD,NE26 2NE,NE,43210,active,electrical
13125505,D.JONES ELECTRICAL & MAINTENANCE SERVICES LTD,RH17 7QX,RH,43210,active,electrical
09845266,DWJ ELECTRICAL SERVICES LTD,NG17 2AQ,NG,43210,active,electrical
11803526,PEARL BUILDING SERVICES LIMITED,SS9 1PE,SS,"43210,43220,43290,43310",active,electrical
11026013,APEX ELECTRICAL LIMITED,BS30 8FJ,BS,43210,active,electrical
03366384,D.S. SERVICES (UK) LIMITED,TN6 2JY,TN,43210,active,electrical
16074283,QUAYNECT ELECTRICAL LTD,BH25 6DQ,BH,43210,active,electrical
09837961,ZENLEC LTD,M25 2QJ,M2,43210,active,electrical
13277014,AGR ELECTRICAL SERVICES LTD,SG1 3EE,SG,43210,active,electrical
13722796,DRC ELECTRICAL SERVICES LTD,NG33 4PA,NG,43210,active,electrical
10126984,IT- CONSULTING BROKER LTD,WC1N 3AX,WC,"33190,43210,46510,95210",active,electrical
08411907,PROJELEC LIMITED,BN11 1XE,BN,43210,active,electrical
09960924,N.T.I. (HULL) LIMITED,HU4 7DW,HU,43210,active,electrical
SC518956,ALLAN PROPERTY SERVICES (SCOTLAND) LTD,KA3 6AG,KA,43210,active,electrical
16076255,NPM INSPECTIONS LTD,HU3 6UU,HU,43210,active,electrical
14555983,INSTROTEC LIMITED,CM24 1SJ,CM,43210,active,electrical
15244653,RCD UK ELECTRICAL LTD,NW9 7AD,NW,43210,active,electrical
14666218,ZAPPZ ELECTRICAL SERVICES LTD,IG2 6EW,IG,43210,active,electrical
11827486,SB ELECTRICIAN LTD,WS10 0DH,WS,43210,active,electrical
16074866,CHESHUNT BUILDING SERVICES LIMITED,CV6 4AD,CV,43210,active,electrical
08726249,MK ELECTRICS (UK) LTD,DY8 1LA,DY,43210,active,electrical
07542100,SSS SYSTEMS NW LIMITED,OL8 3QL,OL,43210,active,electrical
13198562,CUSTOM ELECTRICS LTD,LS28 8QY,LS,43210,active,electrical
14627256,HOLDEN ELECTRICAL SOLUTIONS LTD,BB7 2DL,BB,43210,active,electrical
05407215,G HERD & SON LTD,SK9 6AD,SK,43210,active,electrical
12656899,MARTEK ELECTRICAL SOUTH LTD,BN17 6PP,BN,43210,active,electrical
07803193,FIRE24 LTD,MK18 3NQ,MK,43210,active,electrical
07192307,ENVIRONMENTAL ELECTRICAL SOLUTIONS LTD,BN15 0HD,BN,43210,active,electrical
13220476,EVOLVE HOME SERVICES LTD,SA4 8AB,SA,"43210,43220",active,electrical
07074335,PMJ ELECTRICAL SERVICES LIMITED,SW17 7NW,SW,43210,active,electrical
15261596,LOUCH ELECTRICAL ANGLIA LIMITED,NR1 4DS,NR,43210,active,electrical
13355845,SMARTHOME ELECTRICAL SEVENOAKS LIMITED,TN3 9UP,TN,"33140,43210",active,electrical
SC828677,SHAUN MACDONALD ELECTRICAL LTD,HS2 0RS,HS,43210,active,electrical
07438411,BRIAN MORRIS ELECTRICAL INSTALLATIONS LIMITED,BA3 2DZ,BA,43210,active,electrical
11889332,NORTH WEST ELECTRICAL INSTALLATIONS LTD,FY4 3QW,FY,43210,active,electrical
14553241,FORCE ELEC LTD,UB8 2UR,UB,43210,active,electrical
11547906,ELMONTEX LTD,WC2H 9JQ,WC,"41100,43210,80200",active,electrical
10907822,ADTRUSOL LTD,E11 4DW,E1,43210,active,electrical
10737114,CONSTRUCTION EXPERTS LIMITED,CF11 8BY,CF,"43110,43210,43390,43999",active,electrical
03666450,CHARMAN SECURITY SOLUTIONS LTD,PO20 7AJ,PO,43210,active,electrical
16074978,TJW ELECTRICAL SERVICES LTD,BR2 8DN,BR,"43210,46900",active,electrical
05605302,J C ELECTRICAL (UK) LIMITED,EN4 8AL,EN,"43210,82990",active,electrical
05625436,MORGAN CASS (CIVILS) LIMITED,SS2 6GE,SS,43210,active,electrical
NI037294,DARSON SERVICES LTD,BT28 1XP,BT,43210,active,electrical
14448390,WILSON FACILITIES MANAGEMENT SERVICES LIMITED,LL19 7ND,LL,43210,active,electrical
15107159,HEPWORTH ELECTRICAL SERVICES LTD,WC2H 9JQ,WC,43210,active,electrical
11629010,HTP ELECTRICAL LTD,ME16 8HY,ME,43210,active,electrical
13838826,REG SOLUTIONS LIMITED,CM2 0RG,CM,43210,active,electrical
06048658,ST IVES ELECTRICAL LTD,TR26 1QU,TR,43210,active,electrical
03011517,IMPACT BUILDING SERVICES LIMITED,NG13 8DS,NG,43210,active,electrical
11592802,SCJ ELECTRICAL & RENEWABLES LIMITED,NE23 1WF,NE,43210,active,electrical
00871558,J A COLLINS LIMITED,NR9 3BW,NR,43210,active,electrical
07441984,NEVILLE TUCKER SERVICES LIMITED,HU7 0AN,HU,"36000,43210,43220",active,electrical
13857737,KRESTMORE CONSTRUCTION LIMITED,WD6 2BW,WD,"41100,41202,43210,43220",active,electrical
05606073,P.A TAYLOR ELECTRICAL CONTRACTORS LIMITED,CM7 2QR,CM,43210,active,electrical
08835785,TYRRELL ELECTRICAL CONTRACTORS LTD,L18 1DG,L1,43210,active,electrical
14710471,PARK LANE ELECTRICAL SERVICES LTD,ST4 3JP,ST,43210,active,electrical
08019357,APT (PERSHORE) LIMITED,WR10 2PN,WR,"43210,43220,43390",active,electrical
05017083,J. WALTON ELECTRICAL LTD,B90 2EL,B9,43210,active,electrical
13193607,ARNOLD ELECTRICAL CONTRACTORS LTD,SP6 1BP,SP,43210,active,electrical
11129674,BOARD ELECTRICAL LTD,PE29 1YT,PE,43210,active,electrical
13154823,ZS CABLING LTD,CR0 2AP,CR,43210,active,electrical
06696546,BRIGHTSPARK - ELECTRICAL & BUILDING SERVICES LTD,SW2 3ST,SW,43210,active,electrical
12287842,POLEGATE ELECTRICALS LTD,BN26 6JG,BN,43210,active,electrical
16048339,TOBIN ELECTRICAL CONTRACTORS LIMITED,BN24 6NY,BN,43210,active,electrical
16051104,JOY REFURBISHMENT UK LTD,HA8 5SE,HA,"43210,43290,43390,43999",active,electrical
SC812860,ADEPTUS ELECTRICAL SERVICES LTD,G75 0YA,G7,43210,active,electrical
09103768,BURTON ELECTRICAL CO. (SOUTH) LTD,BH23 4FL,BH,43210,active,electrical
04351023,GWENLECS ELECTRICAL SERVICES LTD,NP4 9LA,NP,43210,active,electrical
11175331,COMPLETE HEATING CARE LIMITED,NG10 3LE,NG,43210,active,electrical
07485635,GWC ELECTRICAL LIMITED,CA2 4NE,CA,43210,active,electrical
04728993,KINGSWAY BUILDERS LIMITED,NR31 7RU,NR,"41100,41201,43210,43390",active,electrical
09406271,PAPAJ ELECTRICITY LTD,SO14 0EN,SO,"43210,43999",active,electrical
09379039,S.ELECTRIX LTD,LS21 1RS,LS,43210,active,electrical
13352040,CAN ELECTRONICS LTD,NW1 8QP,NW,"33140,43210,47789,47910",active,electrical
07499236,HOWLETT ELECTRICAL SOLUTIONS LIMITED,CM5 9JJ,CM,43210,active,electrical
14003795,RS ELECTRICAL ENGTECH LTD,TW14 0JW,TW,"33140,43210",active,electrical
08950761,LRP ELECTRICAL LTD,SO15 0HW,SO,43210,active,electrical
11157557,ACY ELECTRICAL SERVICES LTD,N21 3NA,N2,43210,active,electrical
16049990,MEAD ELECTRICAL SERVICES ESSEX LTD,TN27 0JS,TN,43210,active,electrical
11761911,ALLENGROVE ELECTRICAL LTD,CA3 9AD,CA,43210,active,electrical
SC216273,C-URB 6 LTD,EH14 1RL,EH,"43210,43220,43320,43341",active,electrical
11619734,LEADING INTERIOR SOLUTIONS LIMITED,ST4 8GA,ST,"43210,43320",active,electrical
12491942,BTP ELECTRICAL & RENEWABLES LIMITED,NR21 9DY,NR,43210,active,electrical
11159922,FALCON INNOVATIONS LIMITED,NN8 4HB,NN,43210,active,electrical
06822455,NORTHAMPTON INSTALLATION SERVICES LIMITED,NN7 2GB,NN,43210,active,electrical
11131837,ADDERBURY ELECTRICAL SERVICES LIMITED,OX16 3TB,OX,43210,active,electrical
07814493,ELECTRICALL IOW LTD,PO33 3UU,PO,43210,active,electrical
09928352,ELITE POWER SOLUTIONS LTD,ME5 8UD,ME,43210,active,electrical
09944198,GST HEATING LTD,NG5 8ED,NG,"43210,43220",active,electrical
11128632,ELEC 24/7 (CAMBS) LIMITED,PE29 3GH,PE,43210,active,electrical
07025132,SPITFIRE MAINTENANCE LIMITED,B24 9QG,B2,43210,active,electrical
10554504,MENTMORE POWER SERVICES LIMITED,HP2 4TP,HP,43210,active,electrical
13155192,ELECTRICAL MJH LTD,HR4 0HA,HR,43210,active,electrical
07818009,R TELFER ELECTRICAL LTD.,NE71 6AY,NE,43210,active,electrical
09930559,FULL REFURB LIMITED,EN8 0PS,EN,"43210,43220,43320,43390",active,electrical
11647572,NL ELECTRICS LTD,WA8 4TN,WA,43210,active,electrical
12410179,PLATINUM ELECTRIC AND GAS LTD,IG1 2RT,IG,"43210,96090",active,electrical
05675879,DILECTRICS LIMITED,WV3 7NG,WV,43210,active,electrical
09952450,ARP ELECTRICAL LTD,HP13 5QL,HP,43210,active,electrical
14452517,C & SCOTT'S ELECTRICAL LIMITED,SK11 0AR,SK,43210,active,electrical
13363363,AL KAHRMAN ELECTROMECHANICAL WORKS UK LTD,UB6 0AA,UB,"43210,43220,61300,61900",active,electrical
06792755,K CROWDER ELECTRICAL LTD,DN17 1EX,DN,43210,active,electrical
07983726,SHANE TAYLOR ELECTRICAL LIMITED,LE67 6AA,LE,43210,active,electrical
12414803,HYBRID ENERGY LIMITED,BS31 1XA,BS,"41201,43210",active,electrical
09926690,LSB ELECTRICAL LIMITED,BH25 6HN,BH,43210,active,electrical
09962939,LEROY ALEXANDER SMITH LTD,SG5 1XB,SG,43210,active,electrical
NI610663,INSPECT & TEST SERVICES LIMITED,BT70 3PA,BT,"43210,71200",active,electrical
07188038,DEK CONTRACTS LIMITED,CM7 2QR,CM,43210,active,electrical
15258482,LMW ELECTRICAL CONTRACTORS LTD,LL65 2AF,LL,43210,active,electrical
10463146,LEWCO SYSTEMS LIMITED,SM3 8RA,SM,43210,active,electrical
14461596,KENO ENERGY LTD,W1W 5PF,W1,"43210,46520,46900,47910",active,electrical
10445647,DILLON ELECTRICAL SERVICES LTD,WA7 1XA,WA,43210,active,electrical
06907778,PAUL DOUGHTY LIMITED,NG31 8RG,NG,43210,active,electrical
SC828817,MJD ELECTRICAL SOLUTIONS LTD,KW1 4RL,KW,43210,active,electrical
11147174,INTEGRATED CONTRACTING SERVICES LTD,BS16 3LJ,BS,43210,active,electrical
15242444,MTEK ELECTRICAL SERVICES LIMITED,AL2 3DR,AL,43210,active,electrical
06712714,SURREY ELECTRICAL SPECIALISTS LIMITED,KT20 7RZ,KT,43210,active,electrical
06875982,WLA ELECTRICS LTD,TS25 3DJ,TS,43210,active,electrical
06877342,ASTONS ELECTRICAL LIMITED,SL0 9QP,SL,43210,active,electrical
05769044,MAYO ELECTRICAL CONTRACTORS LIMITED,PO6 2AG,PO,43210,active,electrical
16077076,BATH AND BRISTOL ELECTRICAL LTD,BS16 6AJ,BS,43210,active,electrical
14409761,JAMES LEONARD ELECTRICAL LIMITED,RM1 1DA,RM,43210,active,electrical
06827425,CLIVE STONES (ELECTRICIANS) LTD,FY8 1PW,FY,43210,active,electrical
13288206,EVC CONTRACTORS LIMITED,BB8 0RB,BB,43210,active,electrical
05618981,RIDGE ELECTRICAL LIMITED,NG8 2BE,NG,43210,active,electrical
06338595,RMI SOLUTIONS LIMITED,E17 6HE,E1,43210,active,electrical
06560257,JULIAN WHITFIELD LTD,HP19 9AG,HP,43210,active,electrical
06660630,SEMBI ELECTRICAL SERVICES LIMITED,BR3 4LE,BR,43210,active,electrical
06551556,A G T CONTRACTING LIMITED,RM12 6PH,RM,43210,active,electrical
07582134,CEE CEE ENTERTAINMENT LTD,UB7 7PQ,UB,"41201,43210,45112,59200",active,electrical
07542025,WINMAC ELECTRICAL CONTRACTORS LTD,NE38 8RW,NE,43210,active,electrical
12478721,G COMMS ELECTRICAL LTD,CF38 1TN,CF,43210,active,electrical
NI706071,NE POWER SOLUTIONS LTD,BT60 3PN,BT,43210,active,electrical
08678976,CONNECT ELECTRICAL (WORSLEY) LIMITED,PR3 0JJ,PR,43210,active,electrical
16076850,O & S BUILDING AND ELECTRICAL SERVICES LTD,BN26 6QH,BN,"43210,43390",active,electrical
07514606,SUNLIGHT FUTURE LIMITED,BS1 6XN,BS,"41100,43210,43910",active,electrical
09453565,H GOLLOP LTD,ME1 3DR,ME,43210,active,electrical
11677172,AV ELECTRICAL LTD,RM17 5FL,RM,43210,active,electrical
SC080886,ROBERTSON-ACOM LIMITED,PA1 1RN,PA,43210,active,electrical
13086784,TCR ELECTRICAL LTD,BB10 4TD,BB,43210,active,electrical
05792424,DOMINIC KEARL LIMITED,RH4 2DP,RH,43210,active,electrical
05743328,OAKLEAF ELECTRICAL LIMITED,NW10 4SJ,NW,43210,active,electrical
14670314,KNOX MECHANICAL AND ELECTRICAL LTD,HG1 5QY,HG,"43210,43220",active,electrical
08499443,N YOUNG ELECTRICAL SERVICES LIMITED,BN1 8QH,BN,43210,active,electrical
09465707,D.P.S ELECTRICAL SERVICES LIMITED,RM1 3JT,RM,43210,active,electrical
03083906,FOREST ELECTRICAL SERVICES LIMITED,TA19 9NS,TA,43210,active,electrical
04673343,D ROBINSON ELECTRICAL SERVICES LIMITED,DY6 9QA,DY,43210,active,electrical
04608846,D & G ELECTRICAL SERVICES LIMITED,WS9 0RB,WS,43210,active,electrical
13013512,LIVE LINE ELECTRICAL CONTRACTORS LTD,BS37 7YN,BS,43210,active,electrical
14723414,TECHMEISTERS LIMITED,ME5 8LG,ME,43210,active,electrical
15111055,V-F ELECTRICAL LTD,EC1V 2NX,EC,43210,active,electrical
13713724,DENBY BUILDING SERVICES LTD,CM17 9PZ,CM,43210,active,electrical
04353971,FAILSWORTH ELECTRICAL LIMITED,M40 0AQ,M4,43210,active,electrical
04606495,PLATINUM E L V DESIGN LIMITED,DA14 4DT,DA,43210,active,electrical
04585792,CMP ELECTRICAL SERVICES LIMITED,WV12 5UA,WV,43210,active,electrical
04610378,STORM ELECTRICAL LIMITED,BN22 8PW,BN,43210,active,electrical
11347531,LOUDEEP LTD,W5 5AW,W5,"43210,62090",active,electrical
07927349,REGENTCOMMS LIMITED,B92 9AD,B9,"43210,61900",active,electrical
08021179,BPIS ELECTRICALS LIMITED,AL9 7AE,AL,43210,active,electrical
07895385,PSM ELECTRICAL CONTRACTORS LTD,L25 0LQ,L2,43210,active,electrical
06132875,TRADE ELECTRICAL SERVICES LIMITED,LE19 4SA,LE,43210,active,electrical
09990052,STEVE MICHIE ELECTRICAL LIMITED,SY11 2TS,SY,43210,active,electrical
12630036,88 ELECTRICAL LTD,BR6 0QL,BR,43210,active,electrical
12422899,MY WAY PROPERTY SERVICES LIMITED,DN17 3JA,DN,"43210,43220,43320",active,electrical
12771827,JD ELECTRICAL LINCOLN LTD,LN8 5AE,LN,43210,active,electrical
10619734,AIM ELECTRICAL AND MECHANICAL LTD,PE32 1HS,PE,43210,active,electrical
10441158,EVE ELECTRICAL SERVICES LIMITED,RM17 5NL,RM,43210,active,electrical
07301024,LA CREM LTD,AL9 5ET,AL,43210,active,electrical
07319577,DUNBAVIN RAIL LTD,B31 2JH,B3,43210,active,electrical
07489665,OSCAR INDUSTRIES LTD,NR6 7RQ,NR,43210,active,electrical
07289153,NORTHERN ENERGY SOLUTIONS LTD,NE33 1BS,NE,43210,active,electrical
07348543,E HAYES (SUPPLIES) LTD,HP19 9AG,HP,43210,active,electrical
15800613,N D Z ELECTRICAL LTD,B15 1TH,B1,"35140,43210",active,electrical
16078397,HV MANAGEMENT LTD,SY8 2BF,SY,"35120,35130,42220,43210",active,electrical
08274636,ALARM TECHNOLOGIES (UK) LTD,DL15 0LG,DL,43210,active,electrical
NI053873,ARMAGH ENTERPRISES LIMITED,BT60 3PN,BT,"33200,43210",active,electrical
08914980,J-5ECURITY LTD,CV9 1LF,CV,43210,active,electrical
08884750,JD2 RAIL LIMITED,DA2 7ED,DA,43210,active,electrical
11174487,GREENSPARK ELECTRICAL LTD,EN11 0LB,EN,43210,active,electrical
03711523,DEAN CARTER ELECTRICAL LIMITED,PO4 0EX,PO,43210,active,electrical
09399690,COMPX LIMITED,TW15 3QN,TW,43210,active,electrical
08346080,SHINE ELECTRICAL (NORTH WEST) LIMITED,FY5 5HT,FY,43210,active,electrical
15435506,CJF ELECTRICAL SERVICES LTD,RG19 4QU,RG,43210,active,electrical
13223627,JD ELECTRICAL AND PROPERTY SOLUTIONS LTD,CV12 9ED,CV,43210,active,electrical
00681758,RANDALL & DANIELS (ELECTRICAL) LIMITED,SA10 7DR,SA,43210,active,electrical
06088605,ABLY SHIELDS LIMITED,MK42 7PN,MK,43210,active,electrical
13871589,MGC RENEWABLE ENERGY SOLUTIONS LIMITED,CF83 3NU,CF,"43210,43290",active,electrical
13115715,PANTHER ELECTRICAL LTD,MK42 9FL,MK,43210,active,electrical
12384782,I SEE SOLUTIONS ENERGY LTD,CB24 5JA,CB,43210,active,electrical
14538304,DEMAR & GAVEL LTD,WC2H 9JQ,WC,"41100,41202,43210",active,electrical
NI062870,GORTFAD ELECTRICAL LTD,BT51 5BG,BT,43210,active,electrical
08840066,P & M ELECTRICAL ENGINEERS LIMITED,SY3 7FA,SY,43210,active,electrical
05014050,TARTAN P.J.'S LIMITED,RM11 1JS,RM,43210,active,electrical
04571952,A M DONNELLY ELECTRICAL CONTRACTOR LIMITED,DT10 1FG,DT,43210,active,electrical
12478680,ACTIVE ELECTRICAL INSTALL LIMITED,NG16 1PZ,NG,43210,active,electrical
06487764,CREATIVE INSTALL LIMITED,NE9 5BQ,NE,43210,active,electrical
08844872,EXALL ELECTRICAL LIMITED,NP12 2PZ,NP,43210,active,electrical
05685540,ALPHA ELECTRICAL & NETWORK SERVICES LIMITED,FY5 5HT,FY,43210,active,electrical
12399066,D R ELECTRICAL (LINCOLN) LIMITED,LN6 3AF,LN,43210,active,electrical
15251278,CT ELECTRICAL & DEVELOPMENTS LIMITED,BS36 2AQ,BS,"41100,43210",active,electrical
11763165,COBALT ENERGY PL LTD,CR0 4RR,CR,"35110,35300,43210,43220",active,electrical
05410556,HI-SPEC ELECTRICAL SERVICES LIMITED,SK8 4BB,SK,43210,active,electrical
09410473,R. MCLAREN ELECTRICAL LTD,B14 6DN,B1,43210,active,electrical
12530263,KORMOS ROOFING LTD,BS7 0UW,BS,"41202,43210,43390,43910",active,electrical
08400563,COSTELLOES LTD,CH4 8RF,CH,"41100,42220,43210,43999",active,electrical
16052661,A&R ECO SOLUTIONS LIMITED,CR0 2LX,CR,"43210,43290",active,electrical
11421417,CAPITAL ELECTRICAL UK & IRELAND LTD.,HG5 9JA,HG,43210,active,electrical
04577520,ROESTOCK ELECTRICAL SERVICES LIMITED,PE27 5BH,PE,43210,active,electrical
14628813,HOME COUNTIES MAINTENANCE LIMITED,GU46 6AR,GU,"43210,43220,96090",active,electrical
13156218,JAKE BROOKS ELECTRICAL LTD,PE21 0SW,PE,43210,active,electrical
11147500,LED LONDON ENERGY LIMITED,WD3 3RB,WD,43210,active,electrical
11866975,MOWBRAY GROUP LTD,WF9 3RA,WF,43210,active,electrical
06232972,GULLIVER PLUMBING HEATING & ELECTRICAL LIMITED,DN22 0LG,DN,"43210,43220",active,electrical
04562568,WINGBATE PROMOTIONS LIMITED,PR2 9ZG,PR,43210,active,electrical
10593035,RPF ELECTRICAL SERVICES LTD,B38 8RA,B3,43210,active,electrical
11141587,MCKOY ENTERPRISE LIMITED,WD17 2EH,WD,43210,active,electrical
14139203,MIKE'S COMPLETE CONSTRUCT LIMITED,SL6 5ES,SL,"41202,43210,43220,43330",active,electrical
13874119,NDR ELECTRICAL SERVICES LTD,BR2 7PX,BR,43210,active,electrical
10591173,ARMEX ELECTRICAL LIMITED,SO31 8AH,SO,43210,active,electrical
11144984,SENHOR ELECTRICAL LIMITED,NW4 1QP,NW,"43210,43290",active,electrical
13249403,B A WILLS LTD,LA2 7AJ,LA,43210,active,electrical
16053037,VERAMIX LTD,WC1X 9LP,WC,"33120,43210,43220,46740",active,electrical
SC530772,NU DESIGN LTD,AB42 1WN,AB,43210,active,electrical
11150121,MF SECURITY LTD,CW5 7RR,CW,43210,active,electrical
11169296,RANGER ELECTRICAL LIMITED,ME16 9NT,ME,43210,active,electrical
NI667323,BALLYGINNY ELECTRICAL LTD,BT33 0NH,BT,43210,active,electrical
03461449,J. WILKINS LIMITED,LN1 1XW,LN,43210,active,electrical
16051622,RMJ ELECTRICAL LTD,EN6 4RY,EN,43210,active,electrical
11130568,SECURIGHT SOLUTIONS LTD,WF6 1UL,WF,43210,active,electrical
11133124,BRV LONDON LIMITED,IG3 8AX,IG,"41202,43210",active,electrical
12402026,GRL ELECTRICAL SOLUTIONS LTD,CM9 8JT,CM,43210,active,electrical
13111071,BADLAN ELECTRICAL LIMITED,BL9 8PD,BL,43210,active,electrical
03489670,H.J.C. SERVICES LIMITED,OX25 4SA,OX,43210,active,electrical
07951744,FWD ELECTRIC LIMITED,ST10 4AQ,ST,43210,active,electrical
06047332,GRAPH ELECTRICAL SERVICES LIMITED,SM6 7DW,SM,43210,active,electrical
08920017,SHREWSBURY ELECTRICAL SERVICES (.CO.UK) LTD,SY2 5BB,SY,43210,active,electrical
13856679,EK ELECTRICAL SERVICES LIMITED,N20 0RA,N2,43210,active,electrical
09514595,EDDIE ABLITT LTD,NR31 7PJ,NR,43210,active,electrical
14716118,PRE ELECTRICAL DOMESTIC LTD,CH4 0HL,CH,"33140,43210",active,electrical
NI684789,KS ELECTRICAL SERVICES DERRY LIMITED,BT48 7SE,BT,43210,active,electrical
06413080,ACEL SUB1 LIMITED,OL7 0NZ,OL,43210,active,electrical
05342005,ZERO DEGREES IT & ELECTRICAL LTD,SE3 9LP,SE,"43210,62012,85600",active,electrical
10785390,MAPLEC POWER SERVICES LTD,WA4 2JE,WA,43210,active,electrical
07482502,PDB CONTRACTORS LTD,RH16 1UX,RH,43210,active,electrical
SC440539,GO CONSTRUCT LIMITED,EH14 1UT,EH,43210,active,electrical
13825698,YARMER RENEWABLES LTD,TQ7 3QH,TQ,43210,active,electrical
09379233,MAC BUSINESS SERVICES LTD,E7 8DR,E7,"43210,43390,68320",active,electrical
SC756970,FORBES ELECTRICAL LTD,TD4 6HB,TD,43210,active,electrical
13124508,CEM ELECTRICAL LTD,S71 4QZ,S7,43210,active,electrical
11816767,CIR ELECTRICAL LTD,M34 6PD,M3,43210,active,electrical
07131963,M.L. ELECTRICAL CONTRACTORS LIMITED,BB12 8UF,BB,43210,active,electrical
11793950,DELTA WIRING SOLUTIONS LTD,NE26 4JR,NE,43210,active,electrical
SC061609,MACLIN ELECTRIC LIMITED,EH21 7UL,EH,43210,active,electrical
11781546,EDGERLEY ELECTRICAL SERVICES LTD,DL3 0EE,DL,43210,active,electrical
04902389,T. BALDWIN ELECTRICAL SERVICES LTD,DA15 7NH,DA,43210,active,electrical
16023631,UPVOLT INSTALLATION SERVICES LTD,SW1V 1LW,SW,43210,active,electrical
08935799,BRUSHWOOD ELECTRICAL LTD,DA11 8HJ,DA,43210,active,electrical
15171445,ANDERSON & FAHRI ELECTRICAL SERVICES LIMITED,ME10 2TN,ME,43210,active,electrical
09866857,JSCAMPBELL ELECTRICAL LTD,FY4 5LZ,FY,43210,active,electrical
09877761,ELITE ELECTRICAL ENGINEERING LIMITED,TN37 7DG,TN,43210,active,electrical
09929503,3ASTAR ELECTRICAL SERVICES LIMITED,SS9 5SX,SS,43210,active,electrical
02555101,VEN ELECTRICAL SERVICES LIMITED,LS1 2HL,LS,43210,active,electrical
10517113,EQUINOX FM LIMITED,B77 1AF,B7,"43210,43999",active,electrical
10559138,DEE ESTUARY ELECTRICAL SERVICES LTD,CH4 0QS,CH,43210,active,electrical
10758852,KNG ELECTRICAL LIMITED,FY2 9SD,FY,43210,active,electrical
10797358,CURRAN CONSTRUCTION SERVICES LTD,M32 9BQ,M3,43210,active,electrical
11129021,J THOMPSON ELECTRICAL LTD,PL1 1SB,PL,43210,active,electrical
11326924,MACON ELECTRICAL LIMITED,L8 9RZ,L8,43210,active,electrical
11532110,DAUBNEY SECURITY LTD,PR7 5BW,PR,43210,active,electrical
11545758,THOMAS WAINWRIGHT ELECTRICAL LIMITED,PR8 5AB,PR,43210,active,electrical
11806676,SANDLING LIMITED,W1T 5DS,W1,43210,active,electrical
11940049,GLEC SHROPSHIRE LTD,SY1 4NX,SY,"43210,43290",active,electrical
11944235,HEATH PARK ELECTRICAL LTD,RM12 6LL,RM,43210,active,electrical
08967612,SHORT FUSE LIMITED,DN35 8QR,DN,43210,active,electrical
08980422,DAVID EDWARD HATCHARD LTD,CH66 4SQ,CH,43210,active,electrical
08978673,MARTIN DALY LTD,SE6 3TW,SE,43210,active,electrical
08981051,RTB ELECTRICAL LIMITED,NP44 6EP,NP,43210,active,electrical
08948126,CIRRO BUILDING SERVICES LTD,CM2 6JL,CM,"41202,43210",active,electrical
NI606546,G COLLINS ELECTRICAL LTD,BT80 9HG,BT,43210,active,electrical
09540899,ELECTRICAL TECHNICAL SERVICES LIMITED,LU4 8EY,LU,43210,active,electrical
09679264,SWALE TECH LIMITED,ME12 3TQ,ME,43210,active,electrical
09742889,GVR ELECTRICAL SERVICES LIMITED,LD1 5RP,LD,43210,active,electrical
10047195,RJCG ELECTRIC (SOUTHERN) LIMITED,MK44 3DG,MK,43210,active,electrical
10004375,J T COMMUNICATIONS LIMITED,NE37 1RT,NE,43210,active,electrical
10013451,MFOS LIMITED,L36 7XA,L3,43210,active,electrical
10096366,ML SMITH LTD,CO5 0EU,CO,43210,active,electrical
10110108,DME ELECTRICAL LTD,SO18 3LY,SO,43210,active,electrical
10031769,EXTRA COOLING SERVICES LIMITED,KT15 2PS,KT,"43210,43220",active,electrical
10029627,SIRIUS MAINTENANCE LIMITED,UB10 8PP,UB,"43210,43220,43290,43310",active,electrical
10661533,P S DIXON LTD,B43 5ES,B4,43210,active,electrical
10648881,C D JOHNSTON LIMITED,SS9 1SY,SS,43210,active,electrical
11216203,LIGHTHOUSE ELECTRIC CONTRACTORS LIMITED,BD17 5LB,BD,43210,active,electrical
11214582,HUMBERSIDE ENERGY LIMITED,HU5 5HL,HU,"43210,80100,84250",active,electrical
11150079,HOUSE MARTIN ELECTRICAL LTD,OX39 4QY,OX,43210,active,electrical
11153092,J A SCOFFHAM LTD.,CF14 8LH,CF,43210,active,electrical
11177494,MAXDAN LIMITED,DA1 3ND,DA,43210,active,electrical
11147322,A&G ELECTRICAL CONTRACTORS LTD,CF45 3NB,CF,43210,active,electrical
11142552,EDH KENT LTD,ME12 3PP,ME,43210,active,electrical
11137328,LIVE WIRES SOLUTIONS LTD,HR9 6JB,HR,43210,active,electrical
16078923,ELECTECH RENEWABLES LTD,SA20 0RB,SA,43210,active,electrical
13226087,REDROC GROUP LTD,PE32 2AT,PE,"43210,43220,43290,43390",active,electrical
11584557,LASHBROOKE LIMITED,SR4 6PU,SR,43210,active,electrical
11791309,KAYES LTD,M34 3EF,M3,43210,active,electrical
11747496,TAL CONTRACTORS LTD,LE4 0LB,LE,43210,active,electrical
11788868,A.T.J. ELECTRICAL SERVICES LTD,DA8 2HA,DA,43210,active,electrical
11778930,WH ELECTRICAL LTD,M40 1GF,M4,43210,active,electrical
11771295,LTS M&E SERVICES LTD,BN13 3HH,BN,43210,active,electrical
11205600,OPTECH ELECTRICAL SOLUTIONS LTD,CA2 4JL,CA,"41100,43210",active,electrical
09522453,GPR SERVICES LIMITED,DH3 3AZ,DH,43210,active,electrical
09478245,RITCHIE ELECTRICAL & INSPECTION SERVICES LIMITED,SR6 9DJ,SR,43210,active,electrical
09494383,AL ELECTRICAL ENGINEERING LIMITED,LS9 6NT,LS,43210,active,electrical
09481569,LANGAN ELECTRICAL LIMITED,NG17 4PQ,NG,43210,active,electrical
09323555,SGR ELECTRICAL LIMITED,W5 2AA,W5,43210,active,electrical
09376534,ACETECH ELECTRICAL SOUTH EAST LTD,HP18 9SX,HP,43210,active,electrical
09448639,MAPLE ELECTRICAL CONTRACTORS LTD.,SE4 2SU,SE,43210,active,electrical
09399233,HIGHCONTRAST MANAGEMENT LTD.,SE7 7JG,SE,43210,active,electrical
09400342,ALLTECH HTC LTD,HA9 0LB,HA,43210,active,electrical
09995364,CAMDEN ELECTRICAL ENGINEERING LIMITED,NW5 1TR,NW,43210,active,electrical
09947889,S.LEECH ELEC LIMITED,L25 8SZ,L2,43210,active,electrical
09952370,IDEAL M&E LTD,NP20 2NS,NP,"43210,43220,62020,84220",active,electrical
10224153,E.W INSTALLATIONS LIMITED,WS10 8TE,WS,43210,active,electrical
10266070,JOSILLIAM LTD,SA1 3RT,SA,"43210,71122,71200",active,electrical
10432096,SMB ELECTRICAL NW LTD,L15 5AF,L1,43210,active,electrical
10926157,IBBY BROTHERS ELECTRICAL LTD,M34 5GB,M3,43210,active,electrical
10933264,CURRENT INSTALLATION & DEVELOPMENTS LTD,HA4 0AH,HA,"43210,43999",active,electrical
10931788,SMARTGRID ELECTRICAL LTD,SL6 0DX,SL,43210,active,electrical
11048815,EVANS CABLE & ELECTRICAL SERVICES LTD,CF34 0DE,CF,43210,active,electrical
04105739,CUPINE TRADING LIMITED,EX13 7BA,EX,"43210,45200,47990",active,electrical
11058886,ENGINEERING & TECHNICAL STAFFING SOLUTIONS LIMITED,NR31 7PQ,NR,43210,active,electrical
11055315,AK ELECTRICAL CONTRACTING LIMITED,DY13 0HH,DY,43210,active,electrical
11288645,ELECTRON WORKS LTD,RM15 4QU,RM,"43210,63110",active,electrical
11263780,IJD ELECTRICAL LTD,L9 6AP,L9,43210,active,electrical
11289015,HIGHLAND ELECTRICIAN LTD,RG42 2DY,RG,43210,active,electrical
11278258,ED ELECTRICAL & EMERGENCY SERVICES LTD,SE20 7HQ,SE,43210,active,electrical
11310091,C V C I LIMITED,DN20 8JD,DN,43210,active,electrical
11568956,LOVE ELECTRICS LIMITED,NE12 9QP,NE,43210,active,electrical
11553542,TICO ELECTRICAL INSTALLATIONS LTD,B73 5LT,B7,43210,active,electrical
11654717,INSCOPE ELECTRICAL LIMITED,BL1 3NT,BL,43210,active,electrical
11662418,ONE CONTRACTORS (SPECIALIST ELECTRICAL CONTRACTORS) LIMITED,RG12 1RP,RG,43210,active,electrical
11728796,D AND A COMPLETE SERVICES LTD,B62 9EF,B6,"41100,43210,43999,81300",active,electrical
11881352,JSP ELECTRICAL (EAST ANGLIA) LTD,NR18 9JL,NR,43210,active,electrical
11884787,OLM ELECTRICAL LIMITED,PL1 1SB,PL,43210,active,electrical
11896493,BORO ELECTRICAL INSPECTION SERVICES LTD,TS3 0QL,TS,"27900,33140,43210,46439",active,electrical
11884112,G H ELECTRICAL LTD,SO19 8RU,SO,43210,active,electrical
11876057,JCRS SOLUTIONS LIMITED,DN11 0JS,DN,43210,active,electrical
11984347,WATT ELECTRICS LTD,SE7 7DR,SE,43210,active,electrical
11984200,PLUG IT IN LTD,PL1 1SB,PL,43210,active,electrical
09243293,SJM ELECTRICAL (NW) LIMITED,FY4 2FF,FY,43210,active,electrical
09282832,GR ELECTRICAL INSTALLATIONS LTD,BN1 6DG,BN,43210,active,electrical
09285114,PROTEC ELECTRICAL LTD,PR2 9ST,PR,43210,active,electrical
09275442,AMP ELECTRICAL (LONDON) LIMITED,AL1 2HA,AL,43210,active,electrical
09127136,ENRGISE LTD,BA14 8EA,BA,43210,active,electrical
09351977,ASPIRE ELECTRICAL SOLUTIONS LTD,CB4 3HJ,CB,43210,active,electrical
09296790,TOM FARRELL ELECTRICAL LTD,L18 1DG,L1,43210,active,electrical
09361664,MCCOOSH ELECTRICAL LIMITED,RH15 9QU,RH,43210,active,electrical
09681862,JK ELECTRICAL & BUILDING SERVICES LTD,CO4 5EJ,CO,43210,active,electrical
09707078,TMH ENGINEERING LTD,DE13 0UY,DE,43210,active,electrical
09621859,TUNABUNA RAIL LIMITED,PL1 1SB,PL,43210,active,electrical
09643424,S BACON ELECTRICAL LIMITED,NG16 3PA,NG,43210,active,electrical
09624636,WARWICK ELECTRICAL LIMITED,CV34 4TE,CV,43210,active,electrical
10264228,LDL ELECTRICS LTD,EC1V 2NZ,EC,43210,active,electrical
10316286,JCT POWER ELECTRICAL LTD,PL5 3AU,PL,43210,active,electrical
10696181,INFIGO ELECTRICAL LTD,E7 9DD,E7,"33140,43210",active,electrical
10706574,ATLANTIC ELECTRICAL LTD,SW8 1XR,SW,43210,active,electrical
10832928,GWT (NW) LIMITED,M40 0FL,M4,43210,active,electrical
11254828,FK INSTALLATIONS LTD,SO50 9DT,SO,43210,active,electrical
11255273,MAJESTIC ELECTRICAL SERVICES LTD.,CM3 5NG,CM,43210,active,electrical
11248403,MARVID'S LTD,DA8 2HF,DA,"35110,35140,43210,43220",active,electrical
11225037,FORDASH CONSTRUCTION LTD,TN23 3RJ,TN,"41100,41201,41202,43210",active,electrical
11937957,BESPOKE ELECTRICAL SOLUTIONS LIMITED,NE30 3BJ,NE,43210,active,electrical
16078834,FLAMIN SPARKS LTD,BN14 0TQ,BN,43210,active,electrical
11387034,SPLASH STYLES LIMITED,TW3 1UF,TW,43210,active,electrical
11491777,CSE INSTALLATIONS LIMITED,PO8 0BT,PO,43210,active,electrical
11489057,GCMSB LIMITED,HA8 8FR,HA,43210,active,electrical
11488981,PREMIER COMPLIANCE SOLUTIONS LIMITED,PO20 3YD,PO,43210,active,electrical
11466030,BOOBOT ELECTRICAL INSTALLATIONS LTD,S8 7LH,S8,43210,active,electrical
11419227,SKA ELECTRICAL LTD,ME19 4YU,ME,43210,active,electrical
15248661,SOLEC RENEWABLES LIMITED,BN27 1DW,BN,"43210,43290",active,electrical
11708239,IC ELECTRICAL (SY) LIMITED,BD8 0NJ,BD,43210,active,electrical
11676387,MORRISTON ELECTRICAL SERVICES LIMITED,SA1 4EH,SA,43210,active,electrical
11694949,B.P DATA NETWORKS LTD,TA3 5QL,TA,43210,active,electrical
11675545,INTERLECTRICAL LIMITED,LN9 5HZ,LN,43210,active,electrical
11828838,CREMTECH LTD,NR33 8TR,NR,"27900,33140,43210",active,electrical
11823479,ABIJOH LIMITED,SS2 4ER,SS,"43210,43310,43330,43341",active,electrical
11819805,R.S ELECTRICAL GROUP LTD,NW2 7BS,NW,43210,active,electrical
11871583,DPTAYLOR ENGINEERING SERVICES LTD,TS8 0RU,TS,43210,active,electrical
11845980,ACE CONTRACTING LIMITED,WR11 7HN,WR,43210,active,electrical
11848703,CONCANNON INSTALLATIONS LTD,SO50 9DT,SO,43210,active,electrical
07410198,R & D P SOLUTIONS LIMITED,BR4 0LS,BR,43210,active,electrical
13713121,ELECTRICAL SAFETY INSPECTORS LTD,CF39 8LN,CF,43210,active,electrical
11648780,J.E.N CONTRACT SERVICES LTD,KT4 8LG,KT,"41100,43210,43390",active,electrical
11626701,MUSONI ELECTRICS LTD,S73 0UY,S7,43210,active,electrical
04593308,ENVIRON AUDIO LIMITED,SW9 6DE,SW,43210,active,electrical
10978138,BEDOYA ELECTRICAL LTD,SW4 7TB,SW,43210,active,electrical
14459144,PLAN ELECTRICAL LTD,L36 5TZ,L3,43210,active,electrical
14516798,PLUS1LIGHTING LTD,SK8 1PY,SK,"43210,59111,59112,59113",active,electrical
15202148,DAVIES ELECTRICS LTD,ST3 5PL,ST,43210,active,electrical
13328622,T J WOODHAMS LTD,BN27 1ET,BN,43210,active,electrical
06329976,JON KELLY ELECTRICS LTD,TS23 3BU,TS,43210,active,electrical
05014177,EMPIRE CONSTRUCTION SERVICES LIMITED,HP22 5LL,HP,43210,active,electrical
13069764,FIRE MIST LTD,LE9 9JJ,LE,43210,active,electrical
12893278,TOTAL ELECTRICAL ENGINEERING LIMITED,CF14 3LY,CF,43210,active,electrical
11731962,URBAN CHARGING LIMITED,MK11 1BN,MK,43210,active,electrical
09343993,PURELEC ENERGY LTD,WF4 4DS,WF,43210,active,electrical
10992153,CHAND ELECTRICAL SERVICES LTD,M19 2DZ,M1,43210,active,electrical
11623701,CALDERDALE ELECTRICIANS LTD,HX3 6AS,HX,43210,active,electrical
05604398,DV MAINTENANCE LIMITED,PE28 5GQ,PE,"43210,43220,43320",active,electrical
13706029,KNIGHT ELECTRICAL (SW) LTD,PL14 6NR,PL,43210,active,electrical
12244418,L P ELECTRICAL (BRISTOL) LIMITED,BS14 8BA,BS,43210,active,electrical
09261508,ELECTRIC AVENUE (UK) LIMITED,SS14 3JJ,SS,43210,active,electrical
10531517,SYNAPTICS ENERGY SOLUTIONS LIMITED,BH17 0GP,BH,"43210,43220,43999",active,electrical
13686770,PRO ELECTRICAL GROUP LTD,LU6 3BB,LU,43210,active,electrical
05724466,COLIN THWAITES LIMITED,RH1 6HG,RH,43210,active,electrical
13810163,MYCENA ENERGY LIMITED,GU35 0NH,GU,43210,active,electrical
10929400,SHIMTIM CONCEPTS LIMITED,RH12 0BS,RH,"43210,62020,71122,74909",active,electrical
12923326,GP DEVELOP LTD,NW6 5QT,NW,"41202,43210,43220,43290",active,electrical
12247906,PAGE BUILDING LTD,SE21 8RG,SE,"43210,43220,43390,43910",active,electrical
NI693728,GEM GW LTD,BT42 1GJ,BT,"29310,35140,43210",active,electrical
15481902,MARINE AUTOMATION POWER GROUP LIMITED,HU12 0PA,HU,43210,active,electrical
08873906,EXCELSIOR SERVICES (STUDENT ACCOMMODATION) LIMITED,SR6 0NX,SR,"43210,43220,43999",active,electrical
11767384,KMT GROUP LIMITED,LL23 7TF,LL,"43210,43220,77320",active,electrical
04601971,S & R ELECTRICAL & SECURITY SERVICES LIMITED,EN11 8LQ,EN,43210,active,electrical
09794748,ANTO ELECTRIC LIMITED,IG5 0UD,IG,43210,active,electrical
NI685169,MJS ELECTRICAL & MAINTENANCE LIMITED,BT43 5NX,BT,43210,active,electrical
14323365,OCTOPUS C LTD,B91 1SU,B9,"43210,46690,56290,70229",active,electrical
12871923,BASE ELECTRICAL LTD,SE25 5BL,SE,43210,active,electrical
10583792,EATON FIRE & SECURITY LTD,DE72 3AJ,DE,43210,active,electrical
14592071,ROPE ACCESS ELECTRICIAN LTD,BS10 5AQ,BS,43210,active,electrical
13851508,CROFT M & E SERVICES LTD,NG18 5QP,NG,43210,active,electrical
14453990,JHE SYSTEM SERVICES LTD,CF48 4QB,CF,43210,active,electrical
09281290,PDH ENGINEERING SERVICES LIMITED,SO19 8HA,SO,43210,active,electrical
13510149,POWERLUX LTD,RM6 6DT,RM,"43210,43220,43290",active,electrical
04180789,TJR CONTRACTS LIMITED,SS1 3RP,SS,43210,active,electrical
02958285,MERLIN INDUSTRIES INTERNATIONAL LIMITED,PE8 5LN,PE,43210,active,electrical
16016369,CPX ELECTRICAL LTD,LS25 1LL,LS,43210,active,electrical
06715845,SECURE (UK) SERVICES LIMITED,N9 9HA,N9,"43210,43999",active,electrical
14598834,ASPEN ENERGY SERVICES LTD,DL13 5HH,DL,43210,active,electrical
11134109,MAVUSO ENGINEERING LIMITED,WV14 0TT,WV,"33140,43210",active,electrical
11212384,HALRIX LIMITED,SL1 3DR,SL,"43210,43220",active,electrical
14097680,CIO ELECTRICAL LTD,BN41 2PQ,BN,43210,active,electrical
11559362,TLPORTER ELECTRICAL CONTRACTOR LTD,SA15 5HU,SA,43210,active,electrical
08844911,RS ELECTRICAL (NOTTINGHAM) LIMITED,NG7 4EZ,NG,43210,active,electrical
06822341,BELLMORE ELECTRICAL LTD,TS19 0GA,TS,43210,active,electrical
16011668,JJG SOLAR LIMITED,EC1V 2NX,EC,43210,active,electrical
11939421,DD COMMISSIONING LTD,HP19 9QQ,HP,43210,active,electrical
14745646,VOLTAGE & POWER OPTIMISATION LTD,S6 6BQ,S6,"33140,43210,71121,71122",active,electrical
14414102,DSHH ELECTRICAL LTD,HP2 5NU,HP,43210,active,electrical
15165723,LHE ELECTRICAL LTD,YO8 8FN,YO,43210,active,electrical
10729027,TARANACORP LIMITED,NP11 7LG,NP,"43210,43999",active,electrical
04116322,ADTECH ELECTRICAL CONTRACTING LIMITED,RH6 7DJ,RH,43210,active,electrical
12191751,ANDREW GREENWOOD ELECTRICAL LIMITED,HX3 6TR,HX,43210,active,electrical
10623578,INFINITE ELECTRICAL ENGINEERING LTD,CF44 8EZ,CF,43210,active,electrical
13658737,ECM ELECTRICAL LTD,HA7 2DT,HA,43210,active,electrical
11960883,DAVID BEDWELL LIMITED,CB2 9LG,CB,"43210,43220,71121,71129",active,electrical
14380646,SPARKS & CO. U.K. LTD,SM7 3HR,SM,43210,active,electrical
07955975,BAIL ELECTRICAL SOLUTIONS LTD.,DY6 9AU,DY,43210,active,electrical
10294161,ELECION LIMITED,SG1 3XU,SG,43210,active,electrical
13654770,ECM GROUP HOLDINGS LTD,HA7 2DT,HA,43210,active,electrical
13827904,STOTT EC LIMITED,PE37 7QH,PE,43210,active,electrical
NI612500,ELECTRICAL WHOLESALER 365 UK LTD,BT69 6AE,BT,43210,active,electrical
10338434,B P W ELECTRICALS LTD,M14 5GW,M1,43210,active,electrical
10634284,KF FIRE PROTECTION LTD,PO8 0DJ,PO,43210,active,electrical
12936146,OHMICO LTD,CR0 2TL,CR,43210,active,electrical
05079754,QUANTUM ELECTRICAL AND DESIGN LIMITED,ST6 1NG,ST,43210,active,electrical
SC693119,WARNER ELECTRICAL INSTALLATIONS LTD,ML6 6AP,ML,43210,active,electrical
08209795,FOCUS ELECTRICAL (OXFORD) LTD,OX44 9BT,OX,43210,active,electrical
10319809,PRO-LEC SOLUTIONS LTD,WF5 0BN,WF,43210,active,electrical
11173760,KERDON ELECTRICAL LTD,PE7 3EF,PE,43210,active,electrical
NI665028,BRACKLY ELECTRICAL SERVICES LTD,BT60 1PT,BT,43210,active,electrical
SC297856,RMC ELECTRICAL (SCOTLAND) LTD.,ML6 9AN,ML,43210,active,electrical
SC826069,BLAKEY ELECTRICAL INC LTD,G51 3EY,G5,43210,active,electrical
14687570,ELECTRICAL PROJECT SOLUTIONS LTD,CM15 8AG,CM,"43210,74909,82990",active,electrical
SC654053,NEXTWAVE ELECTRICAL LTD,G51 3TY,G5,43210,active,electrical
07045774,L CORNEY ELECTRICAL LTD,SS14 3JJ,SS,43210,active,electrical
11778556,TECHTRICIANS LIMITED,BR1 5DJ,BR,"43210,74909",active,electrical
15140960,ELITE AMP SOLUTIONS LTD,B19 2HN,B1,43210,active,electrical
16022201,CONCORDE ELECTRICAL SERVICES LIMITED,BD18 3SR,BD,43210,active,electrical
10097658,WYRE ELECTRICAL LIMITED,B44 8LS,B4,43210,active,electrical
11272218,SFS ELECTRICAL SERVICES LIMITED,NP25 4QD,NP,43210,active,electrical
05578787,POWER PLUS (DEWSBURY) LIMITED,ME8 0NJ,ME,"43210,46520,47540",active,electrical
15043299,246ELECTRICAL LTD,TW13 4TG,TW,43210,active,electrical
03176079,BOSTOCK AIR CONDITIONING LIMITED,LL11 1DY,LL,43210,active,electrical
02254206,FTI COMMUNICATION SYSTEMS LIMITED,CV4 7EZ,CV,"26309,43210,61900,71121",active,electrical
16022678,DM ELECTRICAL SERVICES NW LIMITED,L20 9EG,L2,43210,active,electrical
13970038,C. ABLITT ELECTRICAL SERVICES LIMITED,HR4 9RH,HR,43210,active,electrical
NI072169,DR HEATING LTD,BT37 9NN,BT,"43210,43220",active,electrical
04517087,BARRY BOYDON (LEEDS) LIMITED,LS12 4NQ,LS,43210,active,electrical
11033294,ETA CONTROL SYSTEMS LIMITED,OX11 9AA,OX,43210,active,electrical
12285597,ARK ELECTRICAL PROJECTS LTD,WF4 6LT,WF,43210,active,electrical
12261284,SYNERGY ELECTRICAL SERVICES LTD,NN14 2GE,NN,43210,active,electrical
12914071,QUICKCHARGE HOLDINGS LTD,OX28 4BE,OX,43210,active,electrical
SC756117,CLOSE ELECTRICAL SERVICES LTD,EH55 8QG,EH,43210,active,electrical
14619725,1 CALL ELECTRICAL LTD,SO19 2HG,SO,43210,active,electrical
09493403,J K RUSSELL & SON LTD,ME20 7BG,ME,43210,active,electrical
09484747,TOPSOLAR ENERGY LIMITED,BN18 0AF,BN,"43210,70229",active,electrical
SC719523,EVCP INSTALLATIONS UK LIMITED,PA4 8FN,PA,43210,active,electrical
16020272,SOLERGY LTD,RH16 4JH,RH,43210,active,electrical
14498424,FIRST ENERGY GROUP LTD,DA13 0SE,DA,43210,active,electrical
06700839,JAMES BRYAN LIMITED,IP14 3BE,IP,43210,active,electrical
14632898,ELECTRICAL NORTHWEST LTD,BB2 4FX,BB,43210,active,electrical
09260671,TRINITY ELECTRICS LIMITED,CO7 9RA,CO,43210,active,electrical
15204971,A.CRAMPTON ELECTRICAL LTD,OX16 1FL,OX,43210,active,electrical
SC296056,EARTH ELECTRICAL CONTRACTORS LIMITED,EH11 2LX,EH,43210,active,electrical
16018384,TWO SIX ELECTRICAL LIMITED,DY14 8DE,DY,43210,active,electrical
02027622,WHA ELECTRICAL SERVICES LIMITED,SO15 5PQ,SO,43210,active,electrical
12165998,COX ELECTRICAL CONTRACTING LTD,SE3 0TA,SE,43210,active,electrical
10049862,M S ELECTRICAL LIMITED,AL7 4HW,AL,43210,active,electrical
07394202,JAD ENGINEERING SERVICES LIMITED,BS21 6EX,BS,43210,active,electrical
09820231,ALEX HOLBROW ELECTRICAL LIMITED,SK11 6SS,SK,43210,active,electrical
11551172,CDIT ELECTRICAL LTD,DA1 5GA,DA,"43210,78109,85590",active,electrical
09294733,DDT ELECTRICAL LTD,L15 5AN,L1,43210,active,electrical
09442535,SWITCHED ON ELECTRICAL INSTALLATIONS LTD,BD19 3EB,BD,43210,active,electrical
07393435,J-TECH SYSTEMS LIMITED,CR5 2HS,CR,43210,active,electrical
05371007,QRS ELECTRICAL ENGINEERING LIMITED,CH7 6EA,CH,43210,active,electrical
06538702,PME SERVICES (NORTHERN) LIMITED,LS12 5TY,LS,43210,active,electrical
10886127,POWER SERVICE SOLUTIONS LTD,TS17 9JX,TS,"33140,43210",active,electrical
SC766830,SK ELECTRICAL LTD,AB32 6FE,AB,43210,active,electrical
10422032,ELECTRIX SERVICES LIMITED,DY1 3DA,DY,43210,active,electrical
15603028,BLS ELECTRICAL LTD,W6 0LH,W6,43210,active,electrical
14614727,ELECTECH PROJECTS LIMITED,L23 3AT,L2,43210,active,electrical
11236309,ELECTRIC11 LTD,NR17 2JG,NR,43210,active,electrical
07147273,FALLON CONSTRUCTION SERVICES LIMITED,M21 7SA,M2,43210,active,electrical
11287283,SURESPARK ELECTRICAL LIMITED,TN31 6QD,TN,43210,active,electrical
16019345,SECOND CITY ELECTRICIANS LTD,EC2A 4NE,EC,43210,active,electrical
SC619010,EMPOWER ELECTRICAL EDINBURGH LTD,EH6 5NP,EH,43210,active,electrical
11191155,ANCHOR ELECTRICAL LTD,LU7 9LS,LU,43210,active,electrical
15052799,HBS CONTRACTORS LTD,UB5 4NA,UB,"16230,43210",active,electrical
05580378,REDCON LIMITED,KT5 9PU,KT,43210,active,electrical
09158784,LVS ENGINEERING LIMITED,SO50 4PF,SO,43210,active,electrical
15183410,PAW ELECTRICAL SOLUTIONS LIMITED,S25 2LJ,S2,43210,active,electrical
15162508,WOODBROOKE BUILDING & ELECTRICAL SERVICES LIMITED,CM11 2UD,CM,43210,active,electrical
10680258,WALTON AND GREEN ELECTRICAL SERVICES LTD,SL4 1RU,SL,43210,active,electrical
15879178,LIGHT-TEK LTD,RM1 1DA,RM,43210,active,electrical
07547567,W EDWARDS ELECTRICAL LIMITED,BR2 0JN,BR,43210,active,electrical
03372161,C.D.S. (HEATING + PLUMBING) LIMITED,RM12 6LX,RM,"43210,43220",active,electrical
15188308,SYNERGY ELECTRICAL CONTRACTORS LIMITED,SG8 6DN,SG,43210,active,electrical
10773331,PROTECH GRP LIMITED,SM1 4AF,SM,43210,active,electrical
04348677,C S ELECTRICAL ESSEX LIMITED,CM2 0AW,CM,43210,active,electrical
16019095,SPARKS THAT FLY LTD,ME4 4TZ,ME,43210,active,electrical
10405055,BEE ENERGY LTD,L4 1AG,L4,43210,active,electrical
15219653,I CLARK ELECTRICAL LTD,EN9 2QJ,EN,43210,active,electrical
12949987,AVENDIA LTD,SN8 3HN,SN,"41100,42220,43210,68209",active,electrical
06412590,GORMEC LIMITED,HX3 8NP,HX,43210,active,electrical
05857230,AC ELECTRICKS LTD,TW17 9LL,TW,43210,active,electrical
10254012,JAKE UTD SERVICES LIMITED,CF41 7RG,CF,43210,active,electrical
16018639,POWER OUT ELECTRICAL LTD,TS19 9FA,TS,43210,active,electrical
05280000,SWA ELECTRICAL ENGINEERS LIMITED,NW9 8SL,NW,43210,active,electrical
13492575,ODIN REFRIGERATION AND AIR CONDITIONING LTD,CF11 0SA,CF,"33120,43210,43220",active,electrical
11643278,G SUTTON ELECTRICAL SERVICES LTD,CF35 6PG,CF,43210,active,electrical
15125154,R.A. SPARKS LTD,WD7 9HG,WD,43210,active,electrical
12658164,NEWARC COMPLIANCE SERVICES LIMITED,SE3 9QF,SE,43210,active,electrical
15099366,ANDREI GENERAL SERVICES LIMITED,IG6 2DZ,IG,"41201,41202,43210,43330",active,electrical
06226008,I ELECTRICAL LIMITED,BS16 2RN,BS,43210,active,electrical
11083760,PF ELECTRICAL LTD,DL5 7QH,DL,43210,active,electrical
04703517,PROPERTYCARE (BUCKS) LIMITED,MK19 7LQ,MK,"43210,43220",active,electrical
11752247,L J NORTON ELECTRICAL LTD,SK23 7LY,SK,43210,active,electrical
11496498,A.B INSTALLATIONS LTD,NN14 2RA,NN,43210,active,electrical
SC825801,RUSSEL SELLAR ELECTRICAL LTD,PH20 1DP,PH,43210,active,electrical
09525210,A&A INTELLIGENT SOLUTIONS LIMITED,RM3 8JB,RM,"43210,43999",active,electrical
12255155,G PEMBERY ELECTRICAL INSTALLATION LIMITED,LN4 3EA,LN,43210,active,electrical
12541831,ND ROGERS ELECTRICAL LTD,OX33 1UL,OX,43210,active,electrical
10593614,PROLECTRICAL LIMITED,ME13 7QH,ME,43210,active,electrical
05378614,SIMON EDWARDS ELECTRICAL LTD,NR1 1RY,NR,43210,active,electrical
16019121,BUTLER RENEWABLES LTD,SO30 3JP,SO,43210,active,electrical
07547425,ABBEY ELECTRICAL YEOVIL LIMITED,DT9 6SG,DT,"33140,43210",active,electrical
13284644,TOPNOTCH LIGHTING LIMITED,TW18 3DQ,TW,43210,active,electrical
14573863,AF ELECTRICAL INSTALLATION LTD,PR7 6HA,PR,"33140,43210",active,electrical
14030177,INLIGHT ELECTRICAL AYLESBURY LTD,HP19 8TF,HP,43210,active,electrical
13489505,DOMI PROPERTY SERVICES LTD,SE12 0BY,SE,"43210,43290",active,electrical
04884314,FURMANS LIMITED,DN37 0QN,DN,"43210,43999",active,electrical
11604410,N C MARSHALL ELECTRICAL CONTRACTORS LIMITED,DE1 1FL,DE,43210,active,electrical
13115617,LONGBANK ELECTRICAL LIMITED,CH66 1UE,CH,43210,active,electrical
07344923,ANDREW SCOTT ELECTRICAL LIMITED,LS24 8JS,LS,43210,active,electrical
06334526,CREATIVE DIGITS CONSULT LIMITED,LU5 6GN,LU,"43210,43290,62020,62090",active,electrical
15102876,MLT ENGINEERING SERVICES LTD,FY8 2HR,FY,43210,active,electrical
11608208,MUBU DEVELOPMENTS LIMITED,EX12 2US,EX,43210,active,electrical
07928733,T A FRANCIS ELECTRICAL LIMITED,NG9 2NX,NG,43210,active,electrical
08214870,GEM ELECTRICAL SOLUTIONS LIMITED,RG22 5LW,RG,"33140,43210",active,electrical
16001199,FUSE FORCE ELECTRICALS LTD,EN6 1QD,EN,43210,active,electrical
15996549,IR ENERGY HOLDINGS LIMITED,CF48 3HD,CF,43210,active,electrical
10335935,MJ BIRD ELECTRICAL LTD,BH14 9HZ,BH,43210,active,electrical
08280844,MSL CABLE CONTRACTORS LIMITED,DE7 8AB,DE,43210,active,electrical
06129559,DCR TRAINING LIMITED,WA6 9AL,WA,43210,active,electrical
15999717,POWER AND RAIL SERVICES LTD,S60 4JJ,S6,"42120,43210",active,electrical
07502958,AJ ELECTRICAL SERVICES (ESSEX) LTD,SS12 0DU,SS,43210,active,electrical
13175131,ECON ELECTRICAL LTD,WF2 7AJ,WF,43210,active,electrical
15192312,STEANSON ELECTRICAL LTD,NE28 8LF,NE,43210,active,electrical
09764369,NEXUS RIGGING SOLUTIONS LIMITED,DH7 6XE,DH,43210,active,electrical
08151475,HOWTON ELECTRICAL SERVICES LTD,DN7 5EQ,DN,43210,active,electrical
14389713,S BESTWICK ELECTRICAL LTD,DE75 7QL,DE,43210,active,electrical
13319328,KAYBEC LTD,AL2 1HA,AL,"43210,71200",active,electrical
13636291,EXHIBITION LABOUR SERVICES LTD,CM6 2BX,CM,43210,active,electrical
08379091,MARK THYME AUDIO VISUAL LTD,CF23 6US,CF,"43210,43390,71122",active,electrical
12415562,PHASE-20 ELECTRICAL CONTRACTORS LTD,MK44 1HB,MK,43210,active,electrical
14574482,D KASSIE ELECTRICAL LIMITED,EC1V 2NX,EC,43210,active,electrical
15515992,G.B. LIGHTING CONSULTANCY LTD,WS10 8TE,WS,43210,active,electrical
NI664791,GEM ELECTRICAL CONTRACTORS LTD,BT24 8SB,BT,43210,active,electrical
15156078,HYDE ELECTRICAL DIVISION LIMITED,DY4 9BJ,DY,43210,active,electrical
14632679,ARK SOLUTIONS LIMITED,HR2 6FE,HR,"33140,43210",active,electrical
15194249,J LATHAM ELECTRICAL SERVICES LTD,HU7 3HF,HU,43210,active,electrical
13826679,BARRETT ELECTRICAL LTD,SO50 9RU,SO,43210,active,electrical
11608901,GARY COURTNEY SERVICES LTD,L23 1TD,L2,43210,active,electrical
15920977,STRYDE GROUP LTD,RG7 4AB,RG,43210,active,electrical
13619823,ORBA ELECTRICAL LTD,BL1 5LU,BL,"43210,43310",active,electrical
12973021,SANLI ELECTRICAL LTD,EN8 8AR,EN,"33140,43210",active,electrical
SC630845,BELLAGO LIMITED,G74 4BH,G7,43210,active,electrical
SC754516,MCCREIGHT ELECTRICAL CONTRACTORS LTD,PA4 8UE,PA,"35110,43210",active,electrical
07936969,365 ELECTRICAL SOLUTIONS (UK) LTD,ME2 3NP,ME,43210,active,electrical
10521783,BAHRCO LTD,N17 0AS,N1,"41100,43210,68100,82990",active,electrical
07796736,UDELL ELECTRICAL SERVICES LIMITED,TF9 4HQ,TF,"43210,59113",active,electrical
13776546,L & S ELECTRICS LIMITED,NP4 0HZ,NP,43210,active,electrical
15176509,D J WOOSNAM ELECTRICAL CONTRACTORS LIMITED,SY11 1NR,SY,43210,active,electrical
09991410,CRAIG K ELECTRICAL LIMITED,YO26 5RQ,YO,43210,active,electrical
00731389,CHESTER ELECTRICAL REPAIRS LIMITED,CW6 0RP,CW,43210,active,electrical
14492718,COUNTRY ELECTRICS LTD,DT8 3RH,DT,43210,active,electrical
09532634,ANTLEY AVIATION SERVICES LIMITED,SS9 2SG,SS,43210,active,electrical
10261216,E&I I W NICHOLAS LIMITED,TS3 8TF,TS,43210,active,electrical
11792704,SIMICUS CONSTRUCTION LTD,W1J 5LP,W1,"41100,43210,43390",active,electrical
15188336,IDEA CONSTRUCTION LTD,LE1 3UR,LE,"41202,42220,43210,43220",active,electrical
SC742839,TREFOIL ENERGY SYSTEMS LTD,G71 5PW,G7,43210,active,electrical
07386237,D & D ELECTRICAL (SW) LIMITED,EX16 7DD,EX,43210,active,electrical
07840216,SULLY ELECTRICAL AND GAS LIMITED,CM16 4HG,CM,43210,active,electrical
03763891,VOCE ELECTRICAL LIMITED,NG8 6PY,NG,43210,active,electrical
13114809,EV DESIGNS LTD,GL54 5PG,GL,"29310,29320,43210,45320",active,electrical
12240065,DJ COX BUILDING SERVICES LTD,AL6 0DR,AL,"41202,43210,43220,43910",active,electrical
14588773,DEAD CERT ELECTRICAL LTD,SA10 7AR,SA,43210,active,electrical
11626467,O & G SERVICES LIMITED,WF4 5RD,WF,43210,active,electrical
13644685,AX ELECTRICAL SERVICES LTD,WD6 5AX,WD,43210,active,electrical
SC588392,KLF ELECTRICAL SERVICES LTD,G81 1LG,G8,43210,active,electrical
13829953,M BARNETT & SON LIMITED,PE11 1TB,PE,"43210,43220,43290",active,electrical
09230702,BOWERS ELECTRICAL ENGINEERING SERVICES LIMITED,NN5 7QD,NN,43210,active,electrical
14319267,NEW FOREST SOLAR PV LIMITED,BH25 6SJ,BH,43210,active,electrical
NI722066,RM ELECTRICAL & POULTRY SERVICES LTD,BT61 8EX,BT,"33140,43210",active,electrical
09157388,HUTCHINSON ELECTRICAL SERVICES LTD,NE10 0XB,NE,43210,active,electrical
07930433,HIGHLIGHT ELECTRICAL LTD,DT3 5DL,DT,43210,active,electrical
05582700,ROCHE ELECTRICAL ENGINEERING LIMITED,BL9 6EN,BL,43210,active,electrical
15998498,VOLTEK ECO SOLUTIONS LTD,GL1 5TZ,GL,43210,active,electrical
01430704,STEANE LIMITED,CV34 5AY,CV,43210,active,electrical
12892917,FIRE ALARM SAFETY LTD,HA0 3RG,HA,"43210,82990",active,electrical
07366497,JOULE ELECTRICAL LTD,WN4 8DP,WN,43210,active,electrical
15211726,ASHLEC1 LIMITED,S17 4HR,S1,43210,active,electrical
13738968,EMC CONTROLS LTD,HP16 0QJ,HP,43210,active,electrical
12234088,AZGARD ELECTRICAL SERVICES LTD,HA0 4GF,HA,"33140,43210",active,electrical
11851483,VANTAGE PROFESSIONAL SERVICES LTD,CM19 5AF,CM,43210,active,electrical
06805472,LU-VIC ELECTRICAL LIMITED,DN37 7AY,DN,43210,active,electrical
05744189,D. LANDER LIMITED,WV13 2RY,WV,43210,active,electrical
07119133,HUNTER LLOYD LIMITED,SY4 5UA,SY,43210,active,electrical
06845821,SOUTH WEST FIRE ALARMS LIMITED,PL9 8FJ,PL,43210,active,electrical
07772651,SOLAR LDN LTD,W5 4DS,W5,43210,active,electrical
08833986,ATLANTIC PROPERTY & MARINE LIMITED,HR5 3DJ,HR,"33150,43210,43220,81100",active,electrical
09143168,E.M.L ELECTRICAL SERVICES LIMITED,N13 4PN,N1,43210,active,electrical
06715209,SILVERWAY ELECTRICAL LIMITED,SS14 3JJ,SS,43210,active,electrical
07747510,B MASSEY LIMITED,NN4 8DL,NN,43210,active,electrical
04699738,H.E.S. (BRISTOL) LTD.,BS14 0QS,BS,43210,active,electrical
07390233,A.C.E. RESPONSE LIMITED,NG16 1FL,NG,43210,active,electrical
14402361,RECHARGE ELECTRICAL LTD,CO13 0FR,CO,43210,active,electrical
14623611,SJC ELECTRICAL CONTRACTORS LTD,SA2 7BT,SA,43210,active,electrical
13227425,SS CABLES LTD,TS27 4EJ,TS,43210,active,electrical
11318696,UK SOLAR SERVICES LTD,ST6 1EB,ST,"43210,43220",active,electrical
06700443,WOODROSE HOMES LIMITED,LA12 8AB,LA,43210,active,electrical
02153686,MIKE THOMPSON ELECTRICAL LIMITED,CW9 7DN,CW,43210,active,electrical
05418055,GUARDIAN INDUSTRIAL (UK) LIMITED,PL4 9JH,PL,"43210,43220,43910,46190",active,electrical
12044292,SISMEP LTD,UB6 7AL,UB,"43210,43220,71111,71121",active,electrical
09791079,GOLDSYSTEM OPERATIONS LIMITED,DA14 4DT,DA,43210,active,electrical
15146438,LSR ELECTRICAL SOLUTIONS LTD,CR0 3EQ,CR,43210,active,electrical
16000499,"SYSTEMS, AUTOMATION &  MONITORING LTD",SK15 2JE,SK,"43210,71122",active,electrical
07801234,JAMES KITCHEN & ELECTRICAL INSTALLATIONS LTD,B64 6DP,B6,"43210,43220,43320",active,electrical
15813882,SAVE ECO LTD,B69 1AQ,B6,"43210,43220,43999,74901",active,electrical
10016671,FUSED ELECTRIC SERVICES LTD,SG12 9LR,SG,43210,active,electrical
NI651879,GCM ELECTRICAL LIMITED,BT35 8SU,BT,43210,active,electrical
08331444,ATOM HEATING LTD,SA11 5PB,SA,43210,active,electrical
06157101,CLIMATE ELECTRICAL SERVICES LIMITED,CW11 4RQ,CW,43210,active,electrical
08329858,JRP ELECTRICAL (DERBY) LIMITED,DE21 5EL,DE,43210,active,electrical
04915549,CHRIS BAILEY ELECTRICAL LIMITED,LE9 3GB,LE,43210,active,electrical
15980777,AIN SERVICES LTD,LU3 2DR,LU,"43210,43999",active,electrical
07114140,ELECSPEC LIMITED,SG12 7RS,SG,"43210,96090",active,electrical
08319756,NS ELECTRICAL CONTRACTORS LTD,NE6 4JL,NE,43210,active,electrical
10034124,ALDEV FIRE & ELECTRICAL LIMITED,RM12 5BB,RM,43210,active,electrical
15195316,SOKKIT LTD,HD3 3JL,HD,43210,active,electrical
11702930,ELPANO LTD,NW10 0DR,NW,"43210,43999",active,electrical
10968028,WF ELECTRICAL INNOVATIONS LTD.,SM5 2EN,SM,43210,active,electrical
09264377,MEDWAY ELECTRICIAN LIMITED,ME7 2DJ,ME,43210,active,electrical
04799488,FELLS ELECTRICAL CONTRACT SERVICES LIMITED,BL6 7AF,BL,43210,active,electrical
SC314016,MPM ELECTRICAL SOLUTIONS LIMITED,DD2 5PS,DD,43210,active,electrical
12654785,LUPPITER ELECTRICAL LTD,BS8 3NG,BS,43210,active,electrical
08415155,SMD ELECTRICAL CONTRACTORS LIMITED,ST1 5SJ,ST,43210,active,electrical
14564635,DAN ELECTRICS LIMITED,TW15 3EN,TW,43210,active,electrical
12349386,CJB ELECTRICAL LONDON LTD,SM6 7AH,SM,43210,active,electrical
NI699030,RPOUCHER LTD,BT35 6EZ,BT,43210,active,electrical
NI642721,SWITCH ELECTRICS (MAGHERA) LTD,BT52 1AF,BT,43210,active,electrical
11777228,COURTNEY ELECTRICAL (SURREY) LIMITED,KT18 7PF,KT,43210,active,electrical
13804482,V F ELECTRICAL SOLUTIONS LTD,TD15 1TB,TD,43210,active,electrical
SC823944,SWD UK ENGINEERING LTD,FK10 2BG,FK,"33120,33200,43210,71129",active,electrical
14608499,PESS LTD,CM12 0BZ,CM,43210,active,electrical
04715201,C & O ELECTRICAL CONTRACTORS LIMITED,NR25 6HG,NR,43210,active,electrical
15882140,GEM HEATING AND ELECTRICAL LTD,TS15 9DH,TS,"43210,43220",active,electrical
04478739,BAILEY ELECTRICAL LIMITED,PE30 1HJ,PE,43210,active,electrical
03828554,OLVER ELECTRICAL CONTRACTORS LIMITED,PL17 8QS,PL,43210,active,electrical
11310407,HOLMAN ELECTRICAL SERVICES LIMITED,CO6 3JP,CO,43210,active,electrical
13073508,CREST ELECTRICAL (NW) LTD,WN4 8AA,WN,43210,active,electrical
15276253,29 ELECTRICAL LTD,S12 4WD,S1,43210,active,electrical
NI655970,SMC ELECTRICAL CONTRACTORS LTD,BT36 7WQ,BT,43210,active,electrical
08040695,GREENS ELECTRICAL SERVICES LTD,DE21 6RB,DE,43210,active,electrical
12397018,C WATKINS ELECTRICAL LIMITED,NP12 2DW,NP,43210,active,electrical
06225567,WORLD WIDE ELECTRICAL LTD,GL51 9QX,GL,43210,active,electrical
07934412,M.E.S. ELECTRICAL & SOLAR LIMITED,B92 9JX,B9,43210,active,electrical
08335288,TLR ELECTRICAL LIMITED,E6 3RX,E6,43210,active,electrical
07031744,LYNX LED LIMITED,BB12 7NG,BB,43210,active,electrical
08890047,ETEK SERVICES LTD,N11 2UT,N1,43210,active,electrical
07837087,SOLIHULL ELECTRICAL SYSTEMS LTD.,B95 6HX,B9,43210,active,electrical
10563413,SWITCHED ON ELECTRICAL NW LTD,BB4 8JT,BB,43210,active,electrical
10712423,D SMITH ELECTRICAL SOLUTIONS LIMITED,TN34 1BP,TN,43210,active,electrical
13283489,EP ELECTRICS LTD,MK19 6DT,MK,"43210,43220",active,electrical
15978904,A2B ELECTRICS LTD,CO5 0EU,CO,43210,active,electrical
13062059,JKM ELECTRICS LTD,RM1 1DA,RM,"33140,43210",active,electrical
14087019,JACKSON ELECTRICAL LTD,CO2 9RH,CO,43210,active,electrical
09368281,YANDALL ELECTRICAL SERVICES LIMITED,NR19 1LP,NR,43210,active,electrical
12164174,DELTA SPORTS SERVICES UK LTD,E15 1SE,E1,"43210,43220",active,electrical
15051960,EICRCERT LIMITED,RM7 7ED,RM,"43210,78200,84250",active,electrical
09894495,MIX LIGHTING LTD,HA3 6RD,HA,43210,active,electrical
11775350,DNM ELECTRICAL SOLUTIONS (EAST ANGLIA) LIMITED,NR13 5LA,NR,43210,active,electrical
04870639,PAT INSPECTION & TESTING LIMITED,SS9 1PE,SS,"43210,43999",active,electrical
15163381,EJC ELECTRICAL NORTH WEST LTD,L15 5AN,L1,43210,active,electrical
SC756722,DM SECURE LTD,G68 0EX,G6,"43210,80200",active,electrical
13081053,RACCORD MEP LIMITED,RH18 5AA,RH,43210,active,electrical
15980692,WOLFE ELECTRICS LTD,WR3 7HX,WR,43210,active,electrical
NI701760,CM ELECTRICAL NI CONTRACTS LTD,BT22 2RP,BT,43210,active,electrical
11834825,WHITE ROSE ELECTRICAL LTD,YO10 4LX,YO,43210,active,electrical
12296064,WAAV LTD,HP2 7TE,HP,"43210,46439",active,electrical
11574768,C M H FIRE & SECURITY LIMITED,FY5 5HT,FY,43210,active,electrical
12945373,S.Y ELECTRICAL AND CONSTRUCTION LIMITED,NE4 7YL,NE,"43210,43290,43320,43390",active,electrical
06782654,HOT WIRES LIMITED,LL11 1DY,LL,43210,active,electrical
09938472,C.E.W GROUP LIMITED,B28 9HW,B2,43210,active,electrical
13686111,BROOKS ELECTRICAL LONDON LTD,TW16 6EJ,TW,43210,active,electrical
11967489,ELECTRIC PLUS LTD,TA19 0DR,TA,43210,active,electrical
SC460578,GMT CONTRACTS (SCOTLAND) LIMITED,PA16 8DU,PA,"43210,43999,68209",active,electrical
16026337,UCCE LTD,EN2 8SF,EN,"43210,43220,43390",active,electrical
04653657,FERN ELECTRICAL LIMITED,HD4 6BW,HD,43210,active,electrical
16027902,ELECTRILON LTD,BN26 6EA,BN,43210,active,electrical
11247771,NEWYDD MAINTENANCE LIMITED,CF15 7NE,CF,"43210,43220,43390,81100",active,electrical
11607262,XRG INSTALLATIONS LIMITED,SA31 2NF,SA,43210,active,electrical
13819136,PHASE ELECTRICAL ENGINEERING LTD,HA1 1UP,HA,43210,active,electrical
15192136,ABLE BUILD SOUTH LTD,ME3 9PR,ME,43210,active,electrical
NI070745,H20 IRELAND LIMITED,BT35 6QH,BT,43210,active,electrical
15239607,DATACORE TECHNOLOGIES LIMITED,M23 9JP,M2,"43210,62090,63110,95110",active,electrical
13946928,MATT HALL ELECTRICS LTD,LE9 6UD,LE,"33140,43210",active,electrical
SC755777,MG WORX LTD,AB55 6XY,AB,43210,active,electrical
09094039,J ALLWARD CONSTRUCTION LIMITED,BS21 7NP,BS,"43210,43310,43999",active,electrical
SC365003,Y & R ENGINEERING SERVICES LIMITED,FK14 7EA,FK,43210,active,electrical
05050509,ELLIOT'S ELECTRICAL CONTRACTORS LIMITED,L40 0RA,L4,43210,active,electrical
05238957,SEVERN M & E SERVICES LIMITED,WR9 9AY,WR,"43210,43220,71122",active,electrical
10044937,RAD PROPERTY SOLUTIONS LTD,NW2 6GY,NW,"43210,43390",active,electrical
14647420,JBR ELECTRICAL INSTALLATIONS LTD,SS9 5EN,SS,43210,active,electrical
12417026,JC ELECTRICAL CONTRACTORS MIDLANDS LTD,NN11 4BL,NN,43210,active,electrical
14615998,RANGE ELECTRICAL LTD,DA1 5BU,DA,43210,active,electrical
SC711407,24 ELECTRICS LIMITED,KY6 2RW,KY,43210,active,electrical
11949724,CJL ELECTRICAL SOLUTIONS LTD,NP44 3AU,NP,43210,active,electrical
09205899,CHT ELECTRICAL LTD,HU11 4UJ,HU,43210,active,electrical
03445836,SOVEREIGN FM LTD,SL3 9JT,SL,"43210,43220,43999",active,electrical
11177355,HIT ENERGY SERVICES LIMITED,LN5 9NT,LN,"33140,43210",active,electrical
10607510,LB ELECTRICAL INSTALLATIONS LTD,B91 2LZ,B9,43210,active,electrical
08336944,JB ELECTRICAL SYSTEMS LTD,DE56 1AR,DE,43210,active,electrical
13909384,HAMPTON ELECTRICAL (UK) LTD,B94 6AB,B9,43210,active,electrical
13857519,FOSTER ELECTRICAL SOLUTIONS ANGLIA LIMITED,IP24 1HU,IP,43210,active,electrical
07394824,D K L ELECTRICAL LIMITED,SG14 1BP,SG,43210,active,electrical
16023411,ICENI ELECTRICAL CONTRACTORS LTD,NR6 7NE,NR,"43210,43290",active,electrical
06733434,AKE ELECTRICAL & PROPERTY SERVICES LTD,S2 4DH,S2,43210,active,electrical
14426417,PL ELECTRICAL LONDON LIMITED,N18 2AZ,N1,43210,active,electrical
12447772,CI ELITE ELECTRICAL LTD,RM5 3AX,RM,43210,active,electrical
01770337,DRAKESET LIMITED,DY5 4TL,DY,43210,active,electrical
15219959,MORRIS GRANT LTD,CH8 7SQ,CH,43210,active,electrical
16025090,GREENPHASE ENERGY SOLUTIONS LTD,WN5 7AB,WN,43210,active,electrical
14066427,OJM ELECTRICAL LTD,TS7 0GY,TS,"33140,43210",active,electrical
05396098,MAYES-FISHER LIMITED,NR25 6ES,NR,43210,active,electrical
12960267,HESTIA FIRE LTD,BH23 4PP,BH,43210,active,electrical
06386169,D J BECK ELECTRICAL LIMITED,SS14 3JJ,SS,43210,active,electrical
15176017,SHINN ELECTRICAL LTD,RM14 2RT,RM,43210,active,electrical
13584298,M SANDHU HOLDINGS LTD,LU5 7AE,LU,43210,active,electrical
SC619581,VITAL ELECTRICAL LTD,EH16 5RR,EH,"33140,43210",active,electrical
16024374,HAZTECH COMPLIANCE LTD,EC1V 2NX,EC,43210,active,electrical
14244393,NAZ ELECTRICAL LTD,GU16 6JY,GU,"43210,96090",active,electrical
12206970,DLT ELECTRICAL LTD,RM5 2UX,RM,43210,active,electrical
12334457,DCS ELECTRICAL SOLUTIONS LTD,NR3 1EH,NR,43210,active,electrical
04922981,TRN ELECTRICAL LTD,TA18 8RR,TA,43210,active,electrical
13137208,DATA-KAM LTD,SW16 5HA,SW,"43210,96090",active,electrical
13204975,WJ AUTOMATION LTD,DA2 6ET,DA,"33110,33140,43210",active,electrical
06043172,UNIQUE ELECTRICAL LIMITED,WF1 2BJ,WF,43210,active,electrical
12501596,SAK ELECTRICAL LTD,TN23 4GP,TN,43210,active,electrical
15417318,SYNTH SOLAR LTD,N16 9NP,N1,43210,active,electrical
NI663789,KBE CONTRACTS LTD,BT30 7ES,BT,43210,active,electrical
09827554,PHASE GENERATION LIMITED,GU17 0AP,GU,43210,active,electrical
11624920,O KOTORI SERVICES LTD,AL1 5RA,AL,"43210,43320",active,electrical
09852371,JARVIS SOUND & LIGHT LIMITED,HU5 5SL,HU,43210,active,electrical
02689367,ABBACOVE LIMITED,CM12 0BT,CM,43210,active,electrical
16027185,A1 SOLAR SOLUTIONS LTD,CV6 6DG,CV,"43210,43910",active,electrical
06743749,WASON & WEBB LIMITED,GL8 8AA,GL,43210,active,electrical
07916562,LJR ELECTRICAL LIMITED,SM1 3AW,SM,43210,active,electrical
15174071,OAKWOOD ELECTRICAL INSTALLATIONS LIMITED,DE1 1TJ,DE,43210,active,electrical
09425355,L1ELECTRICAL LTD,SM4 4BQ,SM,43210,active,electrical
15197571,SENTINEL ENGINEERING & DESIGN LIMITED,BL8 2TN,BL,43210,active,electrical
06857574,CJK FUTURES (UK) LTD,CR0 7RT,CR,43210,active,electrical
14435570,ASHDOWN SOLAR LTD,RH19 3RW,RH,43210,active,electrical
SC127367,ASTRA ALARMS LIMITED,ML3 9FL,ML,"33130,43210,80200,96090",active,electrical
SC692293,HARTS ELECTRICAL LTD,G1 3BJ,G1,43210,active,electrical
15380025,H ELECTRICAL PLUMBING LIMITED,MK13 7HR,MK,"43210,73110",active,electrical
13692685,SLYC ELECTRICAL CONSULTANCY SERVICES LTD,N17 9QU,N1,"43210,61100,61900,70229",active,electrical
07913633,SOLARTECH INSTALLATIONS LTD,LL14 4DQ,LL,43210,active,electrical
14696874,SOLUS ELECTRICAL CONTRACTORS LTD,KT12 4JJ,KT,43210,active,electrical
14608182,SHARIF ELECTRICS LTD,S4 8ET,S4,43210,active,electrical
12970480,VAL HANDYMAN LTD,LU6 1PH,LU,"43210,43390,96090,98200",active,electrical
10679696,ATOBOS LIMITED,N22 8QL,N2,43210,active,electrical
14599669,LONDON ELECTRICIAN 365 LTD,W2 3UH,W2,43210,active,electrical
14420003,LIFESTYLE LOGIC LIMITED,AL5 1PF,AL,"43210,62020",active,electrical
05005726,MJA TECHNICAL SERVICES LIMITED,RM1 4SR,RM,43210,active,electrical
15197619,MJH DATA & ELECTRICAL LTD,SW2 2BE,SW,43210,active,electrical
14160529,SM SMART ENERGY LTD,L37 4AN,L3,"35110,43210",active,electrical
SC625049,LSS ELECTRICAL SERVICES LTD,PA3 3HR,PA,43210,active,electrical
16031984,J.GRANT ELECTRICAL SOLUTIONS LTD,WS13 6RL,WS,43210,active,electrical
13868243,LED SOLUTIONS LTD,PE27 5BH,PE,"33140,43210,43290",active,electrical
04975403,G & G FIXINGS LIMITED,SE9 3TL,SE,"41201,43210,43390",active,electrical
05407470,GECKO ELECTRICAL CO LIMITED,RH12 1AT,RH,43210,active,electrical
05070255,ACTIVE ELECTRICAL INSTALLATIONS LTD,SG13 7AE,SG,43210,active,electrical
16029130,ELEC COMPLY LTD,AL7 3UW,AL,43210,active,electrical
05006330,TECTRONIC LTD,CH66 2JN,CH,43210,active,electrical
13738737,OCKELTON ELECTRICAL CONTRACTORS LTD,HU17 0JT,HU,43210,active,electrical
13824458,DIO ELECTRICS LTD,TN12 0FJ,TN,43210,active,electrical
10022720,GRID ELECTRICAL LTD,BR8 7DJ,BR,43210,active,electrical
10558728,GLOBAL ELECTRICAL (NW) CONTRACTORS LIMITED,WA3 6LU,WA,43210,active,electrical
04300563,D P CONTROLS LIMITED,TN4 8HH,TN,43210,active,electrical
11498012,SMITHLAND ELECTRICAL LIMITED,BB8 8EG,BB,"43210,43290,68100,68209",active,electrical
10485964,C C S ELECTRICAL SERVICES LIMITED,B91 1PW,B9,43210,active,electrical
10577389,ACT ELECTRICAL CONTRACTOR LTD,WR4 0PH,WR,43210,active,electrical
05069151,TRISSIER SKY LIMITED,NG11 6DT,NG,43210,active,electrical
16028748,JRL LTD,S71 5JR,S7,43210,active,electrical
12965090,A.A.S. ELECTRICS LTD,EN5 2LN,EN,"33140,43210",active,electrical
SC826370,FOX RED ELECTRICAL LTD,G43 2AT,G4,43210,active,electrical
15151850,LONDON ELECTRICIAN 23 LIMITED,N18 2ES,N1,43210,active,electrical
12408052,TRUE CHOICE ELECTRICAL LTD,SK5 6JL,SK,43210,active,electrical
11198532,VILLAGE MULTI SKILLED LTD,BS37 9TW,BS,"43210,43220",active,electrical
08931902,HRHISLOP.COM (ELECTRICAL CONTRACTING) LIMITED,SN10 2EQ,SN,43210,active,electrical
08987676,CHRISTIAN COLLINS LTD,HP4 3SX,HP,43210,active,electrical
16028654,JGRICE ELECTRICAL LTD,RH20 4EJ,RH,43210,active,electrical
09727225,SYSTEM CONTROLS INSTALLATION LIMITED,RG14 1JB,RG,"28250,43210",active,electrical
12421073,GO ELEC LTD,N12 8AT,N1,43210,active,electrical
11020743,TEJ TECH LTD,RH6 0BJ,RH,43210,active,electrical
14855942,ECO-LEC ELECTRICAL ENGINEERING LTD,BN2 8PG,BN,43210,active,electrical
11288622,SPE ELECTRICAL SERVICES LTD,BN41 2FD,BN,43210,active,electrical
12275212,ALM SECURITY SOLUTIONS LTD,PO30 5DS,PO,43210,active,electrical
03512815,AZTEK SERVICES LIMITED,CB7 5RJ,CB,43210,active,electrical
16031370,ABODE INTELLIGENT LIMITED,M30 7LF,M3,43210,active,electrical
NI685176,GRID ELECTRICAL GROUP LTD,BT49 0FQ,BT,43210,active,electrical
14699096,SPAINTER LTD,NR8 6EY,NR,43210,active,electrical
06069737,S G N ELECTRICAL SERVICES LTD,DA14 4DT,DA,43210,active,electrical
11132159,SYNERGY TECHNICAL SOLUTIONS LTD,SL7 1PP,SL,43210,active,electrical
13874875,RILEY & CO ELECTRICAL & CARPENTRY LTD,RH12 1NA,RH,"43210,43320",active,electrical
09271219,ELLIOTT ELECTRICAL CONTRACTORS LIMITED,PR4 3RT,PR,43210,active,electrical
12265206,ETHOS SMART HOMES LIMITED,YO30 4XG,YO,43210,active,electrical
11759118,G.LINDSAY CONSULTANTS LTD,BN26 6QH,BN,"42210,42220,43210",active,electrical
14065486,SWS CONTRACTING LTD,WA8 8PX,WA,43210,active,electrical
13281337,HOME COMFORT ENTERPRISES LTD,N3 2LT,N3,"43210,46130,47990",active,electrical
15149723,LP ELECTRICAL (CHESHIRE) LTD,SK11 6QG,SK,43210,active,electrical
15217572,APT BUSINESS SOLUTIONS LIMITED,DN15 9DA,DN,"41100,43210,43220",active,electrical
14073817,ENERGY FOCUS LTD,PR5 4DJ,PR,43210,active,electrical
13281431,LUX ARCHITECTURAL LIMITED,ME16 8TX,ME,43210,active,electrical
10091814,GAVIN JONES SERVICES LTD,NN2 7AZ,NN,43210,active,electrical
11163949,MVA MAINTENANCE LTD,IG10 3LL,IG,"43210,43220,43390,46900",active,electrical
13683042,LMB HEATING AND ELECTRICAL LIMITED,SL3 8AW,SL,"43210,43220",active,electrical
11010302,MOORES ELECTRICAL SERVICES LTD,SO30 4AX,SO,43210,active,electrical
16034380,R1T ELECTRICAL& MAINTENANCE LTD,SW16 3DJ,SW,"43210,43999",active,electrical
08867163,C AND B ELECTRICS LIMITED,LE18 1BB,LE,43210,active,electrical
05011194,SWANSEA LIFTS LTD.,BD21 4PF,BD,43210,active,electrical
16032443,SLT HEATING LTD,PO7 7DT,PO,"43210,43220,43290",active,electrical
14717327,AZ FIRE PROTECTION LTD,NN5 6EL,NN,"43210,80100,80200,84250",active,electrical
13824934,ELECTRIC AVENUE CHARGING LTD,RH12 3TE,RH,43210,active,electrical
08844686,SJD ELECTRICAL SERVICES (CUMBRIA) LIMITED,CA3 0JG,CA,43210,active,electrical
11934901,DLP SERVICES NORTH WEST LIMITED,PR7 1JE,PR,"43210,43220,43390,43910",active,electrical
SC826586,HEPS 247 LTD,ML5 4AA,ML,"43210,43390",active,electrical
09275951,PROBE ELECTRICAL & AC LTD,B63 3HN,B6,"43210,43220",active,electrical
14043484,SWITCHED ON SOLAR LTD,SA73 3TL,SA,43210,active,electrical
04930531,SOLSTICE ENERGY LIMITED,GU34 4BP,GU,43210,active,electrical
10720344,ISF ELECTRICAL CONTRACTORS LTD,SK12 1TE,SK,43210,active,electrical
12966237,JIMICRON SERVICES LTD,SS11 8NR,SS,43210,active,electrical
12354669,EASTGATE ELECTRICAL LTD,EN8 7AP,EN,43210,active,electrical
14570312,UK NET ZERO LTD,SK10 3LE,SK,43210,active,electrical
16032843,SFR ELECTRIC LTD,PE1 3XT,PE,43210,active,electrical
SC523929,DF ELECTRICAL (AYRSHIRE) LIMITED,KA5 5PG,KA,43210,active,electrical
07131580,I L S ELECTRICAL CONTRACTORS LIMITED,DL5 6AN,DL,43210,active,electrical
08367913,T G ELECTRICS LONDON LIMITED,SG12 9EE,SG,43210,active,electrical
09877400,SAVANI ELECTRICAL SERVICES LIMITED,HA3 8DP,HA,43210,active,electrical
SC590182,ALPHA ELECTRICAL FIRE & SECURITY LTD,KA8 8AG,KA,43210,active,electrical
07936918,A1 ELECTRICAL SERVICES (SW) LIMITED,PL1 3JY,PL,43210,active,electrical
14884264,POWER UP ELECTRICIANS LTD,HA3 6ED,HA,43210,active,electrical
04894712,MYNETT ELECTRICAL LIMITED,TA8 2PA,TA,43210,active,electrical
04750356,ALL CABLE SOLUTIONS LIMITED,DE5 3RQ,DE,43210,active,electrical
13059272,COURTNEY-SMITH ELECTRICAL SERVICES LTD,WA4 1XF,WA,43210,active,electrical
11163760,PRECISION ELECTRICAL SERVICES LIMITED,KT12 3BW,KT,43210,active,electrical
16032389,CALLADINE ELECTRICAL SERVICES LTD,NG11 9AB,NG,43210,active,electrical
11147307,A & M ELECTRICAL SERVICES SUSSEX LIMITED,RH17 7QX,RH,43210,active,electrical
05020771,H & S AIR CONDITIONING LIMITED,DN5 7JZ,DN,43210,active,electrical
11255375,S&L ELECTRICAL SERVICES LTD,CF64 5FU,CF,43210,active,electrical
05681673,PJD CONSULTING LIMITED,BL7 9TG,BL,"43210,61100",active,electrical
07953537,COWLEY ELECTRICAL (NW) LIMITED,PR7 6TB,PR,43210,active,electrical
07955163,K MATTHEWS & SONS LIMITED,SL6 2ED,SL,43210,active,electrical
14395578,MD SMART SYSTEM LTD,RH17 6FW,RH,"33140,43210,80200",active,electrical
06587942,KFH ELECTRICAL SERVICES LTD,CM12 9DF,CM,43210,active,electrical
14410025,DEACOLEC LTD,KT8 2TD,KT,43210,active,electrical
10382742,LOWEN ELECTRICAL SERVICES LTD,PO20 0QB,PO,43210,active,electrical
05267164,BRENTWOOD M & E SERVICES LIMITED,CM6 3HT,CM,"43210,43220",active,electrical
05933165,S R P CONTRACTS LIMITED,WS13 7FE,WS,43210,active,electrical
15199730,KAS ELECTRICAL LTD,BB3 1LY,BB,43210,active,electrical
07197168,HENWOOD ELECTRICAL SERVICES LIMITED,PL15 8SP,PL,43210,active,electrical
03696292,SOUTH EAST GATES T/A SEG INSTALLATIONS LIMITED,TN24 9DG,TN,43210,active,electrical
14964736,SKYLON ELECTRICAL LTD,AL4 0PG,AL,43210,active,electrical
11759176,ELITE ELECTRONICS & SECURITY LTD,BB5 0EY,BB,"43210,47430,80200,95210",active,electrical
04358020,ADRIAN SARGENT LIMITED,PL14 3SJ,PL,43210,active,electrical
15006657,PAUL BENNETT ELECTRICS LIMITED,DL6 1EE,DL,43210,active,electrical
11027610,HANDS ON ELECTRICAL LIMITED,GL20 7EJ,GL,43210,active,electrical
04939069,JA HIGGS ELECTRICAL LIMITED,CH64 9XF,CH,43210,active,electrical
13896596,INFINITE ELECTRIC SOLUTION LTD,BN11 1TF,BN,43210,active,electrical
16033969,GW FACILITIES SERVICES LTD,B46 3BP,B4,43210,active,electrical
04369553,PREMIER INSTALLS LTD,TW17 8QT,TW,43210,active,electrical
10685852,GSI ELECTRICAL LIMITED,WD6 2EL,WD,43210,active,electrical
09976811,GATESAFE INTERNATIONAL LTD,NE6 4PS,NE,43210,active,electrical
07199544,R&R ELECTRICS LTD,HP2 5UY,HP,"35130,43210",active,electrical
14608247,DHILLON ELECTRICAL SERVICES LTD,ME1 2BE,ME,43210,active,electrical
11777161,THINK ELECTRICAL SOLUTIONS LIMITED,LS28 6LE,LS,43210,active,electrical
06057926,STEVE FORSTER ELECTRICAL SERVICES LIMITED,BA2 2UE,BA,43210,active,electrical
16036353,EAST LONDON ELECTRICIANS LIMITED,E3 4JL,E3,43210,active,electrical
10444610,PASHLEY ELECTRICAL LTD,S81 0LN,S8,43210,active,electrical
12747383,GOLIATH PROPERTY MAINTENANCE LTD,L24 8RL,L2,43210,active,electrical
13825486,WHITES ELECTRICAL LIMITED,NN6 9UZ,NN,"43210,43390",active,electrical
07919496,MACELEC LIMITED,TN38 0UJ,TN,43210,active,electrical
15310024,MJS COMMS LTD,WF7 5HF,WF,"43210,61100,61200,61900",active,electrical
09294227,J VALE ELECTRICS LTD,SE5 0BD,SE,43210,active,electrical
13556211,MORRIS DONALDSON LIMITED,CT14 7LH,CT,43210,active,electrical
11167546,GBB ELECTRICAL LTD,HP6 6FS,HP,43210,active,electrical
08690542,MHP INDUSTRIAL LIMITED,SY16 4LE,SY,43210,active,electrical
13954680,BSG INSTALLATIONS LTD,IP30 0AZ,IP,43210,active,electrical
15195258,J COATES ELECTRICAL LTD,EX17 6BZ,EX,43210,active,electrical
05239109,PAGE PROPERTY MAINTENANCE LIMITED,BD19 5HJ,BD,43210,active,electrical
05955090,BRIGHTHOUSE ELECTRICAL LIMITED,TR11 2JL,TR,43210,active,electrical
03836913,LUKES & GODWIN LIMITED,NG18 5FB,NG,43210,active,electrical
10995097,ANCHOR REAL ESTATE LIMITED,SO14 3TG,SO,"43210,43220",active,electrical
13892997,AGME LTD,PO6 3EB,PO,43210,active,electrical
SC785715,KPO ENGINEERING SERVICES LTD,G81 2AB,G8,43210,active,electrical
08476953,LAKES RENEWABLES LTD,CA10 1BL,CA,43210,active,electrical
07957506,KIOSSK MANAGEMENT LIMITED,TN31 7UL,TN,43210,active,electrical
14630587,NINE CONTRACTS LTD,NW9 8LJ,NW,43210,active,electrical
14391024,KA POPE ELECTRICALS LTD,WA4 6PS,WA,43210,active,electrical
11634229,ADGASUK LTD,CR0 4HA,CR,"41202,43210,43220",active,electrical
SC716208,MORGAN ELECTRICAL AND SONS LTD,ML1 4EU,ML,43210,active,electrical
SC375838,CLEARWATER ELECTRICAL LIMITED,AB12 4XX,AB,43210,active,electrical
07215415,STEVE PRITCHARD ELECTRICAL LIMITED,TR16 4QZ,TR,43210,active,electrical
11747253,MARTIN LEWIS ELECTRICAL LTD,TA20 1QT,TA,43210,active,electrical
15468931,PORTER FIRE PROTECTION LTD,S8 0EX,S8,"43210,43320",active,electrical
15703922,XENI ELECTRICAL LIMITED,RM10 8UD,RM,43210,active,electrical
08746642,SOCKETS N SWITCHES LIMITED,CF39 0BL,CF,43210,active,electrical
02663668,WILTON ELECTRICS LIMITED,SG11 1RL,SG,43210,active,electrical
07934501,SEVENOAKS ELECTRICAL INSTALLATIONS LTD,TN15 0DG,TN,"43210,47430,62090",active,electrical
06817315,RIMELL ELECTRICAL CONTRACTORS LIMITED,IP6 0NL,IP,43210,active,electrical
14464160,NEIL COOPER ELECTRICAL SERVICES LTD,IP26 5AN,IP,43210,active,electrical
13998460,R P STEVENS ELECTRICAL LTD,TR15 3JY,TR,"33140,43210",active,electrical
13812927,SMART ELECTRICAL SERVICES LEICESTER LIMITED,LE9 9JJ,LE,43210,active,electrical
14817232,STEER & SONS LTD,RH10 6AG,RH,43210,active,electrical
SC761680,CERTIFI ELECTRICAL CONTRACTORS LTD,EH22 3FE,EH,43210,active,electrical
03448219,ENERGY ELECTRICAL LIMITED,BH20 5HT,BH,43210,active,electrical
01282452,BALDWIN & BLEAKLEY ELECTRICAL SERVICES LIMITED,WD25 9FL,WD,43210,active,electrical
16085183,YIWU HANZHA TRADING COMPANY LTD,M8 0WE,M8,43210,active,electrical
09813640,PRO-VISION CONTROLS LTD.,OL10 1AQ,OL,43210,active,electrical
09330728,WAYNE MANN ELECTRICAL LTD,CV13 6AD,CV,"43210,43220",active,electrical
09980448,NW BUILDERS AND ELECTRICIANS LIMITED,M16 9AS,M1,"41100,43210",active,electrical
09417577,AE SERVICES LONDON LTD,N1 7GU,N1,"43210,47990,79110,96090",active,electrical
05188538,J.D. ELECTRICAL & MECHANICAL SERVICES LIMITED,B70 0BF,B7,43210,active,electrical
01215291,MIAIM LIMITED,GU1 4UX,GU,43210,active,electrical
07163545,LPH ELECTRICAL INSTALLATIONS LTD,TR16 4JP,TR,43210,active,electrical
14485888,ON-X ELECTRICAL CONTRACTORS LTD,ME15 6JD,ME,43210,active,electrical
15295818,J&R ELECTRICAL INSTALLATIONS LTD,WF3 4PY,WF,43210,active,electrical
08280703,MOSSLEY PLUMBING LIMITED,SK15 2UD,SK,43210,active,electrical
13750867,MTG ELECTRICAL SERVICES LTD,EN1 3RD,EN,43210,active,electrical
12455981,A LEGACY ELECTRICAL LTD,CM19 5BN,CM,43210,active,electrical
14712602,CENTEX LTD,W1W 5PF,W1,"43210,47910",active,electrical
08917242,DRB ELECTRICS LTD,WA5 0DH,WA,43210,active,electrical
05425542,T & D ELECTRICAL SERVICES LIMITED,B77 3QQ,B7,43210,active,electrical
16087644,YOUR LOCAL TRADE LIMITED,PE3 7PR,PE,43210,active,electrical
13350934,B L PHILLIPS ELECTRICAL (SURREY) LTD,ME5 0AP,ME,43210,active,electrical
10796885,SMART QMS LTD,E13 8BE,E1,"41201,43210,43999,96090",active,electrical
16088165,M & M ELECTRICS LIMITED,CV5 6UB,CV,"33140,43210",active,electrical
14414492,JT4 DEVELOPMENTS LTD,CM77 8DZ,CM,"41100,41202,43210",active,electrical
03235015,TAYLOR ELECTRICAL CONTROLS LIMITED,B77 1BB,B7,"26110,26120,26512,43210",active,electrical
14694977,WATTEK LTD,WC2H 9JQ,WC,43210,active,electrical
14031392,CARVER ELECTRICAL LIMITED,LE16 7PQ,LE,43210,active,electrical
07519526,MABLEY AUTOMATION LIMITED,L35 2XS,L3,43210,active,electrical
12579005,TOAN LIMITED,LS1 2ND,LS,43210,active,electrical
NI616289,DMB ELECTRICAL LTD,BT54 6QB,BT,43210,active,electrical
11838036,SMARTS AND SPARKS LTD,HA4 8SS,HA,"43210,43390,80200",active,electrical
12243524,ASHEX LIMITED,CV31 3PL,CV,43210,active,electrical
10474392,CHESTERTON ELECTRICAL LTD,LE9 7TE,LE,43210,active,electrical
09516482,LRO ELECTRICAL LIMITED,BH9 2TY,BH,43210,active,electrical
09981424,RUSKE ELECTRICAL LTD,KT20 6RE,KT,43210,active,electrical
14672621,A & K WHITE MAINTENANCE LTD,MK40 3JG,MK,"43210,43390,43999",active,electrical
14687149,SOLAR SHELTERS LIMITED,IP19 8QW,IP,43210,active,electrical
05350858,SILVER RIVERS LIMITED,GU9 7PT,GU,43210,active,electrical
07440750,ALPHA AIR DISTRIBUTION LIMITED,RH12 4ST,RH,43210,active,electrical
11948572,ELTEC GLOBAL ELECTRIC LTD,B31 2LX,B3,"43210,46900",active,electrical
13226060,MF GROUP CONSTRUCTION LTD,IP13 9HH,IP,"41202,43210,43220,43390",active,electrical
12320443,K JENNINGS ELECTRICAL LIMITED,GL4 0NY,GL,43210,active,electrical
06537609,MPN ELECTRICAL CONTRACTORS LIMITED,CB22 4PT,CB,43210,active,electrical
15259569,R&A ELECTRICAL & MECHANICAL SERVICES LTD,SP8 4FL,SP,43210,active,electrical
04935383,FLOW-LEC LTD,SA2 9EL,SA,43210,active,electrical
11465025,AARON AND COMPANY ELECTRICAL LIMITED,CT19 4RH,CT,43210,active,electrical
NI657832,CARRIGDHOUN LIMITED,BT34 2BX,BT,43210,active,electrical
SC759401,A N E ELECTRICAL LTD,KY6 3EF,KY,43210,active,electrical
05301659,SMS ELECTRICAL SERVICES LIMITED,MK41 0WE,MK,"43210,43999",active,electrical
11855056,KG ELECTRICAL CONTRACTORS LTD,SS9 4BQ,SS,43210,active,electrical
09645598,A & F (BOLTON) LIMITED,BL2 2SJ,BL,"41201,41202,43210",active,electrical
11701715,48FOUR CONTRACT SERVICES LTD,CR0 4RR,CR,"43210,43220,43290,43341",active,electrical
10589745,A1 AERIALS YORKSHIRE LIMITED,YO15 2AB,YO,43210,active,electrical
14216288,CF ELECTRICAL SERVICES LTD,SO19 6DJ,SO,43210,active,electrical
13936024,HERTZ ELECTRICAL LIMITED,BS39 7AU,BS,"43210,43999",active,electrical
11685120,AJS MECHANICAL AND ELECTRICAL LIMITED,WD3 1DE,WD,43210,active,electrical
05751694,NUELEC CONTRACTING SERVICES LIMITED,M43 6PW,M4,43210,active,electrical
10484069,HAWTHORNE ELECTRICS LIMITED,NE63 8RS,NE,43210,active,electrical
11072409,SCARLAT SERVICES LIMITED,WD6 4EU,WD,43210,active,electrical
08440770,AET ELECTRICAL SERVICE LIMITED,N9 9EL,N9,43210,active,electrical
06581440,AMBIANT ELECTRICAL LTD,IG1 1EJ,IG,43210,active,electrical
09982443,ASTONS HOUSE LIMITED,CF14 8LH,CF,43210,active,electrical
11545851,INFLUX (YORKSHIRE) LIMITED,WF1 2HA,WF,43210,active,electrical
02765450,COLT SECURITY SYSTEMS LIMITED,CM2 0AW,CM,"43210,80200",active,electrical
14782544,CFS EAST ANGLIA LTD,IP1 5LJ,IP,43210,active,electrical
12264390,AMPLEC ELECTRICAL CONTRACTORS LTD,TN12 6AE,TN,43210,active,electrical
09358683,T.N. ELECTRICALS (UK) LIMITED,HA4 6BP,HA,43210,active,electrical
15262258,STAFFORD ELECTRICAL SERVICES LTD,ST15 0WA,ST,"33140,43210,43220,82990",active,electrical
03543563,"HARRISON'S ELECTRICAL, MECHANICAL & PROPERTY SERVICES LIMITED",SG18 9RB,SG,"41100,43210,43220,43390",active,electrical
01486338,DODD GROUP (SOUTH) LIMITED,TF3 3AZ,TF,"43210,43220",active,electrical
13370007,ELECPLUMB FACILITIES MANAGEMENT LTD,NW3 5HT,NW,"43210,43220,46740",active,electrical
09525020,QADERI RAIL LTD,B12 8AF,B1,43210,active,electrical
10703007,JM ELECTRICAL (SUSSEX) LTD,BN14 0AJ,BN,43210,active,electrical
16087691,BECON ELECTRICAL LTD,BL0 9TQ,BL,43210,active,electrical
14417520,JOHNSON-SMITH ENERGY LTD,TA12 6DB,TA,43210,active,electrical
06809924,SMJ ELECTRICAL SERVICES LIMITED,HU14 3LS,HU,43210,active,electrical
16088790,ELECTRICAL ELITE SERVICES LTD,RM19 1SA,RM,43210,active,electrical
10474844,DREAM HOME EXPERTS LTD,MK16 9PY,MK,"43210,61100",active,electrical
14450696,BOILEROO LTD,SM7 3LA,SM,"43210,43220,47910",active,electrical
15319608,DOMUS SAPIENS LTD,EC1V 2NX,EC,"43210,46431,46470",active,electrical
07197643,A.P. FREEMAN LIMITED,PE14 7DN,PE,43210,active,electrical
16085349,STR CONNECT LIMITED,SR3 4PF,SR,43210,active,electrical
16085751,WOOLDRIDGE BUILDING SERVICES LIMITED,BR8 7PA,BR,"43210,43220,43290",active,electrical
07442572,GBPL LTD,NW10 7TR,NW,"43210,43290,47990,62090",active,electrical
10470017,THE SITU GROUP LTD,B77 4RD,B7,"43210,43220,43290,43390",active,electrical
16086140,DSB ELECTRICAL LTD,NN3 6BS,NN,43210,active,electrical
11240566,HILLSIDE ELECTRICAL (NORTHERN) LIMITED,DN12 3DB,DN,"33140,43210",active,electrical
16087775,A.SALTER ELECTRICAL LTD,TF2 9WJ,TF,43210,active,electrical
13684837,MP SPARKS ELECTRICAL SERVICES LTD,NR11 8DF,NR,43210,active,electrical
15295553,JDM ELECTRICAL AND NETWORK LIMITED,RG12 8QU,RG,43210,active,electrical
13853562,TRALEX 365 LIMITED,CF83 8GF,CF,43210,active,electrical
14461808,JJW CONTRACTING LTD,LS18 4DH,LS,43210,active,electrical
02269867,P.MEEKS (ELECTRICAL) LIMITED,CB25 9AU,CB,43210,active,electrical
05047937,EXPRESS INDUSTRIAL SOLUTIONS LIMITED,WV13 1HL,WV,43210,active,electrical
14676480,DAVE TAYLOR ELECTRICAL SERVICES LIMITED,SY9 5HJ,SY,43210,active,electrical
06541466,O.C. ELECTRICAL SERVICES LTD,SA62 6UH,SA,43210,active,electrical
NI674578,GREENTRACK ENERGY LTD,BT34 3QU,BT,"35110,43210",active,electrical
SC829431,RU WIRED LTD,IV36 3XJ,IV,43210,active,electrical
15126164,BERKS & SPARKS LTD,EC2A 4NE,EC,43210,active,electrical
13216276,ATEX (NE) LIMITED,TS25 5TG,TS,43210,active,electrical
10780690,MAGNUS FIRE LTD,HA3 8DP,HA,"43210,43999",active,electrical
04187886,MGS ELECTRICAL INSTALLATIONS LIMITED,CO3 3AD,CO,43210,active,electrical
09881640,DANLEY DESIGN LIMITED,TN32 5EF,TN,"43210,43220,71122",active,electrical
03047832,G M MONK LIMITED,TN34 1BP,TN,43210,active,electrical
06489654,ABC SECURITY SERVICES LTD,L9 0NW,L9,"43210,80200",active,electrical
05712354,EDGE AUDIO & VIDEO LIMITED,GU15 3SY,GU,43210,active,electrical
16090975,PALACE FIRE AND ELECTRIC LTD,BR7 6EX,BR,"43210,84250",active,electrical
14678776,FAZE ELECTRICAL LTD,GU1 1RU,GU,43210,active,electrical
15172783,BIERTON ELECTRICAL CONTRACTORS LIMITED,HP22 5DD,HP,43210,active,electrical
15297429,SPARK MASTER ELECTRICAL LTD,HA9 7QS,HA,"43210,43290",active,electrical
04585467,HRS BUILDING & JOINERY CONTRACTORS LIMITED,OL15 9LZ,OL,"16230,43210",active,electrical
08853777,TIDIFRESH LTD,DA16 3AT,DA,"33140,43210,82990",active,electrical
14760237,OUNDLE SOLAR LIMITED,NN6 9AP,NN,43210,active,electrical
11558256,"ENFORCE ELECTRICAL, FIRE AND SECURITY LIMITED",DN15 9YF,DN,"43210,80200",active,electrical
11898415,SPENCER TECH LTD,NW4 3TT,NW,43210,active,electrical
08915468,FRL ELECTRICAL LIMITED,M27 4AA,M2,43210,active,electrical
09874742,GAINSBOROUGH ELECTRICAL CONTRACTORS LTD,DN21 2NA,DN,43210,active,electrical
11819034,MF BUILDING SOLUTIONS LTD,IP13 9HH,IP,"41202,43210,43220",active,electrical
14444092,VOLTHAMMER ELECTRICAL LTD,CT6 6PE,CT,"43210,43390,59112",active,electrical
14697134,HERITAGE BUILDING MANAGEMENT UK LTD,LE5 2NS,LE,"43210,43220,43290",active,electrical
05371417,J10 ELECTRICAL SERVICES LIMITED,TN25 6QL,TN,43210,active,electrical
07149899,SAFEGUARD FIRE AND SECURITY LTD,SY11 2BH,SY,43210,active,electrical
09664434,LUDWELL ELECTRICAL SERVICES LIMITED,WF6 2UA,WF,43210,active,electrical
14335860,ECOELEC NW LTD,BB1 2DY,BB,43210,active,electrical
15194410,DEDICATED TECHNOLOGY LIMITED,DN9 3AA,DN,43210,active,electrical
08750982,BRIGHTWIRE ELECTRICAL LTD,SO50 7JX,SO,43210,active,electrical
12451885,HUMPHREYS ELECTRICAL SERVICES LTD,OX2 9BS,OX,43210,active,electrical
05077715,D & A BUILDING SERVICES LIMITED,LE1 7EA,LE,43210,active,electrical
13172292,LAMBWATH ELECTRICAL LTD,HU8 0EL,HU,43210,active,electrical
15302282,AJ PLUMBING&BUILDING SERVICES LIMITED,PO5 1SE,PO,"41201,41202,43210,43220",active,electrical
10677534,SENSOR FIRE LIMITED,TN14 7AB,TN,43210,active,electrical
13987531,LITTLE MISS SPARKY LIMITED,WS11 0EJ,WS,43210,active,electrical
16091856,BAANI'S ELECTRICAL WORLD LTD,UB10 9PG,UB,"43210,47599",active,electrical
15668550,GAUGHAN ELECTRICAL LIMITED,BD21 4LN,BD,43210,active,electrical
10243800,REDFORDE LTD,B30 1DA,B3,43210,active,electrical
06101732,LEM CONTRACTORS LIMITED,SE16 2BL,SE,43210,active,electrical
SC244985,M J MACKINTOSH LTD.,IV36 2SJ,IV,43210,active,electrical
04615430,HAGLEY HEATING & ELECTRICAL SERVICES LIMITED,DY9 9RE,DY,"43210,43220",active,electrical
13389638,TRADE ONEX LTD,WC2H 9JQ,WC,"43210,46190,47650,95210",active,electrical
11149216,GREAT BRITAIN SERVICES LTD,SW18 4LT,SW,"43210,43220,43330,43341",active,electrical
06532306,GILBERT ELECTRICAL AND SECURITY LIMITED,NR33 7NL,NR,43210,active,electrical
16091318,HAISER GROUP LTD,WC2H 9JQ,WC,"43210,74100",active,electrical
NI044759,CCL SERVICES (N.I.) LIMITED,BT35 6FY,BT,43210,active,electrical
06003908,SEETAS LTD,BN15 8LJ,BN,43210,active,electrical
15403598,VLV ELECTRICAL LTD,NP16 5RT,NP,"33140,43210",active,electrical
10922114,K R MARTIN ELECTRICAL LIMITED,BD20 7DT,BD,43210,active,electrical
12462472,SPECIALIST ELECTRICAL SYSTEMS LTD,B95 6HX,B9,43210,active,electrical
08053521,ALL POINT INSTALLATIONS LTD,HA4 0AH,HA,43210,active,electrical
11104301,BLOCKE LIMITED,TA17 8SG,TA,"01190,01450,01460,43210",active,electrical
15363363,COOPS RENEWABLES LIMITED,S4 7UQ,S4,43210,active,electrical
15211707,IONFLOW ELECTRICALS LIMITED,OL8 3SL,OL,"33140,43210",active,electrical
16090104,PRIME MK PROPERTY LTD,EC2A 4NE,EC,"41100,41202,43210,43220",active,electrical
08963848,CARTERS ELECTRICAL LIMITED,LE19 4SA,LE,43210,active,electrical
06385443,L R ELECTRICAL LIMITED,LN9 6AT,LN,43210,active,electrical
14812886,PROFACTOR LIMITED,TS3 0NF,TS,43210,active,electrical
15279861,BRISTOL ENGINEERING CONTRACTING LTD,RM8 2GJ,RM,"41100,42220,43210",active,electrical
14479573,RKD MAINTENANCE LIMITED,SS8 7AE,SS,"43210,43220",active,electrical
13200223,PROSTAR ELECTRICAL LTD,B11 1PH,B1,43210,active,electrical
11754338,ASSURED ELECTRICAL SOLUTIONS LIMITED,CF63 2AW,CF,43210,active,electrical
15032839,DKG ELECTRICAL SERVICES LIMITED,WA2 7TT,WA,43210,active,electrical
06233185,SAFE ELEC UK (WM) LTD,M46 0DN,M4,43210,active,electrical
03523008,GEO. E. PEARSON LIMITED,LS28 5LF,LS,43210,active,electrical
13222752,TMS ELECTRICIANS LTD,N17 6DX,N1,43210,active,electrical
11635599,SPARK AND HERTZ ELECTRICAL LTD,SG17 5GY,SG,43210,active,electrical
11213868,BOREHAM ELECTRICAL LTD,CB21 5NQ,CB,43210,active,electrical
06066104,SKB ELECTRICAL SERVICES LIMITED,S10 4BD,S1,43210,active,electrical
SC747681,EFS CONTRACTS LTD,ML6 0HW,ML,43210,active,electrical
10116282,REGIONAL ELECTRICAL SERVICES LTD,WF8 2RR,WF,43210,active,electrical
03018504,I D W E LTD,DA14 5NL,DA,43210,active,electrical
07935781,DTEC ELECTRICAL LTD,PO7 7AN,PO,43210,active,electrical
13297186,GFS ELECTRICAL CONTRACTORS LTD,L12 7JD,L1,43210,active,electrical
11190924,EVOLT GREEN TECHNOLOGY LTD,LS28 9HA,LS,43210,active,electrical
04164620,RON THOMAS ELECTRICAL LIMITED,LL36 9RB,LL,43210,active,electrical
07847971,BOK SOLUTIONS LTD,CB10 1AX,CB,43210,active,electrical
13018930,MANSFIELD ELECTRICAL SERVICES LTD,NG11 6DT,NG,"41100,43210",active,electrical
15166621,RSJ ELECTRICALS LIMITED,WD3 1ER,WD,"33140,43210",active,electrical
16094768,SAI-AUTOMATION & CONTROLS LTD,PE9 3DP,PE,"35140,43210,71121,71129",active,electrical
07754034,R.J.CAMPBELL ELECTRICAL SERVICES LIMITED,RH4 2DP,RH,43210,active,electrical
13284738,MILLIAMP ELECTRICAL LTD,S13 8JJ,S1,43210,active,electrical
03956494,JEP INDUSTRIAL LIMITED,E16 2BZ,E1,43210,active,electrical
05688345,ELECTRICAL SOLUTIONS (S E) LIMITED,BN24 5AG,BN,43210,active,electrical
11805847,DR PROGRESSIVE BUILDING LTD,CR0 6LT,CR,"41202,43210,43220,43390",active,electrical
06493386,SIMON PYATT ELECTRICAL SERVICES LTD,ST10 1EG,ST,43210,active,electrical
15892151,CT ELECTRICAL SOLUTIONS LTD,BB7 2EJ,BB,43210,active,electrical
14434249,ALPS ELECTRICAL LTD,TS15 9WF,TS,"35110,43210,43910",active,electrical
08965319,PAUL GOODING TECHNICAL SERVICES LIMITED,TS26 0SN,TS,43210,active,electrical
11691273,C&D ELECTRICAL LTD,HX3 8AX,HX,43210,active,electrical
16098281,ASTRAEA SYSTEMS LIMITED,L10 1LD,L1,"27120,27320,27900,43210",active,electrical
13039749,BV ELECTRICAL SERVICES LTD,HR7 4TS,HR,43210,active,electrical
13043087,MAXGEN ENGINEERING.COM LTD,WF11 9JF,WF,43210,active,electrical
03046134,INVERTER DRIVE SYSTEMS LIMITED,DE7 4RA,DE,43210,active,electrical
16094644,CASSIE ENERGY LTD,LE12 7TZ,LE,"43210,43220",active,electrical
SC790244,DWB ELECTRICAL SERVICES LIMITED,ML2 8PF,ML,43210,active,electrical
14435368,HEAVEN ELECTRICAL LTD,OX11 9RB,OX,43210,active,electrical
06163572,SHENFIELD ELECTRICAL SERVICES LIMITED,IG4 5NX,IG,43210,active,electrical
12449998,C.I.ELECTRICAL SERVICES LIMITED,CV9 2BG,CV,43210,active,electrical
02863943,MSL PROJECTS LIMITED,DL2 1QY,DL,"43210,70229,71122,82990",active,electrical
16097026,VOLT VISION ELECTRIC LTD,N9 0XQ,N9,43210,active,electrical
11273937,FLO-ELECTRICAL LIMITED,YO8 5XN,YO,43210,active,electrical
06831239,OSPREY ELECTRICAL LIMITED,SY13 2JX,SY,43210,active,electrical
09497092,I.L ELECTRICAL & ALARM SERVICES LIMITED,M9 0SL,M9,43210,active,electrical
08933500,A T SHEARN ELECTRICAL LIMITED,BS31 1AQ,BS,43210,active,electrical
09286979,ELECTRICAL MECHANICAL INSTALLERS LTD,LS27 0BZ,LS,43210,active,electrical
13972348,DS ELECTRICAL INSTALLATIONS (SW) LTD,BA4 5BU,BA,43210,active,electrical
14835125,CORRECT ELECTRICAL SOLUTIONS LTD,ME16 9GD,ME,43210,active,electrical
14449114,PES ELECTRICAL SERVICES LIMITED,PR2 3LF,PR,43210,active,electrical
08387557,DMS INDUSTRIAL ELECTRONICS LTD,SS14 3DZ,SS,43210,active,electrical
15222761,VALE ELECTRICAL (NORTHAMPTON) LIMITED,NN6 7RR,NN,43210,active,electrical
02563687,BOX SECURITY LTD,DA1 1UP,DA,43210,active,electrical
SC760581,PERRY ELECTRICAL LIMITED,EH32 0NY,EH,43210,active,electrical
10467117,ASHCROFT ELECTRICAL SERVICES LTD,L39 2YT,L3,43210,active,electrical
09853520,CERTA ELECTRICAL LIMITED,RH10 6BH,RH,43210,active,electrical
10775052,OAKDENE INTERIORS LTD,LS25 1LL,LS,"43210,43220,43320,43390",active,electrical
10596038,ELECTRIX SERVICES NE LIMITED,NE36 0TA,NE,43210,active,electrical
09981327,ADS ELECTRICAL LIMITED,CF39 8PR,CF,43210,active,electrical
13647273,BMS SERV LTD,SK3 8HR,SK,"41202,43210,81210,81299",active,electrical
SC500142,AJRP LTD,KY11 9JR,KY,43210,active,electrical
NI724004,DMG CONTRACTS IRELAND LTD,BT78 3EU,BT,43210,active,electrical
01398032,HAYWARD AND SPANSWICK (ELECTRICAL CONTRACTORS) 1996 LIMITED,SO50 9PD,SO,43210,active,electrical
NI704754,O'HARE ELECTRICAL LTD,BT31 9QY,BT,43210,active,electrical
15268614,NEW WORLD ENERGY (OXFORDSHIRE) LTD,OX5 1AQ,OX,43210,active,electrical
06837949,CHERRINGTON'S ELECTRICAL SERVICES LIMITED,TF2 6AL,TF,43210,active,electrical
05656021,AABS LIMITED,N13 5UE,N1,"43210,43220",active,electrical
08629206,A&B ELECTRICAL CONTRACTORS LIMITED,IG1 2NL,IG,"41100,43210",active,electrical
12322779,DEXTER NOVAC SERVICES LTD,HP15 6DS,HP,43210,active,electrical
14475029,CURRENT DIRECTION RENEWABLE ENERGY LTD,DA15 7NW,DA,43210,active,electrical
14694266,FORRESTER ELECTRICAL CONTRACTORS LIMITED,PR2 9WT,PR,43210,active,electrical
13126494,RENEWABLE AND SUSTAINABLE ENERGY SOLUTIONS LTD,EC1V 2NX,EC,"35110,43210,71122,74901",active,electrical
13941835,BEMS ELECTRO-TECHNICAL LIMITED,DA13 9JP,DA,43210,active,electrical
04593080,D BARCLAY LIMITED,EN8 9BH,EN,43210,active,electrical
08291648,AMF BUILDING CO LIMITED,BS20 8PU,BS,43210,active,electrical
14511872,ELCIO ELECTRICAL LIMITED,EC2A 4NE,EC,"42220,43210,80200,84250",active,electrical
SC759955,24/7 PLUMBING & HEATING AND PROPERTY SERVICES LTD,G84 0EB,G8,"41202,43210,43220,43310",active,electrical
04173669,CONNECTION CONTRACTS LIMITED,SE9 3TL,SE,43210,active,electrical
16097474,TR ELECTRICAL SERVICES LTD,HU8 9DT,HU,43210,active,electrical
13933486,CS MCINTOSH LTD,LU2 9EB,LU,43210,active,electrical
16098170,FAST TRACK NVQ LTD,N1 7GU,N1,"43210,85600",active,electrical
06016055,EMPOWER SERVICES LIMITED,NR4 6PZ,NR,43210,active,electrical
07449749,PINNACLE REGENERATION LIMITED,WC1V 6PL,WC,43210,active,electrical
11210335,MARPLE ELECTRICAL CONTRACTORS LTD,SK6 6AH,SK,43210,active,electrical
09434747,JONES ELECTRICAL CONTRACTORS LTD,SG14 3LD,SG,43210,active,electrical
12993768,SOLA RENEWABLE COMPANY LTD,AL3 4PQ,AL,"43210,43220",active,electrical
14711994,BATTARBEE & JONES LTD,HU15 2SH,HU,"43210,47190",active,electrical
11445558,EMERALD ISLE CONSTRUCTION LIMITED,HA4 6DS,HA,43210,active,electrical
10674306,HS ELECTRICAL SERVICES (WAKEFIELD) LTD,WF2 8PG,WF,43210,active,electrical
11647754,AUTOMATION ENGINEERING LTD,E15 4EN,E1,"33140,43210,71121,71129",active,electrical
NI724240,HAMILTON ELECTRIC LTD,BT78 4EA,BT,"27120,33140,43210",active,electrical
12284103,LUKAS ELECTRIC LTD,DN8 4RD,DN,43210,active,electrical
15312013,SHEEN ELECTRICAL LTD,NR31 9NZ,NR,43210,active,electrical
NI677310,TWISTED SERVICES LTD,BT48 7EW,BT,"43210,62020,80200,95210",active,electrical
NI637010,MOONSHADOW LIMITED,BT7 1SH,BT,43210,active,electrical
08024256,SOLINVICTUS SES LTD,AL2 1HA,AL,"43210,43220",active,electrical
SC527546,CONNECT JOINTING LTD,G78 4BP,G7,43210,active,electrical
15319993,NORTHLEC LIMITED,HD8 8AE,HD,43210,active,electrical
09314743,M D STOCKS ELECTRICAL LIMITED,BH5 2HT,BH,43210,active,electrical
15172288,R & B SWITCHGEAR (SUNDERLAND) LTD,OL10 2EX,OL,43210,active,electrical
SC830756,ENERGISED ELECTRICAL GROUP LIMITED,EH55 8PW,EH,43210,active,electrical
08405983,PROINSTALL AV LIMITED,W1S 4JL,W1,43210,active,electrical
05368691,H M READING LIMITED,RG30 3TU,RG,43210,active,electrical
13893923,MDMK 2506 LTD,CR0 6JG,CR,43210,active,electrical
10017153,IM ROWSON ELECTRICAL LIMITED,DN40 1RE,DN,43210,active,electrical
05367684,ELTRADE ELECTRICAL LTD,E16 2ZE,E1,43210,active,electrical
03822090,EATON ELECTRICAL LIMITED,LE11 2DW,LE,43210,active,electrical
15878998,MALLU VENTURES (UK) LTD,S45 9SG,S4,"43210,47910,62012",active,electrical
16111956,VICTOR LED LIMITED,SG8 5NT,SG,"27400,43210,46520,74100",active,electrical
14661762,LNB ELECTRICAL SOLUTIONS LIMITED,ME10 3FL,ME,"43210,43290",active,electrical
09472982,RICHARD MICHAEL ELECTRICAL LIMITED,LE17 5QX,LE,43210,active,electrical
NI606838,DEREK MILLAR ELECTRICAL LIMITED,BT7 1SH,BT,43210,active,electrical
16112786,STERLING CROWN PROPERTIES LTD,NW10 7TR,NW,"43210,68320",active,electrical
13049954,OJN ELECTRICAL LTD,SS7 5HA,SS,43210,active,electrical
15213563,DCC PROPERTY MAINTENANCE LTD,RM17 5SP,RM,"43210,43220,43999",active,electrical
04662444,MARINOV ELECTRICAL LIMITED,BR8 7SL,BR,43210,active,electrical
08983612,STEFANOO LIMITED,CR0 4LA,CR,43210,active,electrical
11428040,L E ENGINEERING LTD,L24 8RL,L2,43210,active,electrical
10677693,FLEX ECO SERVICES LTD,EX12 4AA,EX,43210,active,electrical
13300974,PRO FIRE SYSTEMS MANCHESTER LTD,M28 2GT,M2,43210,active,electrical
05082303,KG SECURITY LIMITED,IG9 5RD,IG,43210,active,electrical
12876447,CFA ELECTRICAL CONSULTING LTD,CF81 8NH,CF,"33140,43210",active,electrical
02787781,GOODSONS LIMITED,NN4 7BH,NN,"43210,99999",active,electrical
11069928,ENERGY DECISIONS LIMITED,RG27 0JB,RG,"43210,71122,71129,74901",active,electrical
11848239,LUCY ELECTRICS BUILDERS LTD,CV3 1QR,CV,"16230,41201,41202,43210",active,electrical
07507072,J & R ELECTRICAL LTD,CR2 8JR,CR,43210,active,electrical
01956726,SURESERVE ENERGY SERVICES NORTH LIMITED,WC1A 2AJ,WC,"43210,43220,43290",active,electrical
16111898,PEARL CINE LTD.,EN5 2HN,EN,"43210,59112,62090,63110",active,electrical
16112199,ASWAR QASIR ALREHAB LTD,NW9 0BA,NW,"43210,46520",active,electrical
04600297,AB BUILDING & ELECTRICAL LTD,WA8 0AE,WA,43210,active,electrical
08262112,PATLEC SERVICES LTD,RG19 3RZ,RG,43210,active,electrical
08991208,MIRFIELD ELECTRICAL INSTALLATIONS LTD,WF14 9JY,WF,43210,active,electrical
16077867,R & B SWITCHGEAR SERVICES (NORTH) LTD,OL10 2EX,OL,43210,active,electrical
09241882,ESSEX ELECTRICAL SOLUTIONS LTD,SS14 3JJ,SS,43210,active,electrical
13912408,RES ELECTRICS LTD,HD5 9DU,HD,43210,active,electrical
SC690830,R GILLIES ELECTRICAL CONTRACTORS LTD,IV51 9JZ,IV,43210,active,electrical
15307234,FARQUHAR ELECTRICAL LTD,IG9 5RD,IG,43210,active,electrical
11853973,DOWNLIGHT ELECTRICAL LTD,GU52 6ED,GU,43210,active,electrical
12358729,COLLARD ELECTRICAL LTD,BS40 8UW,BS,43210,active,electrical
14705271,AMOZ ELECTRICAL LIMITED,NW2 6HH,NW,43210,active,electrical
13178561,COMMON ELECTRICS LIMITED,SN3 5HY,SN,43210,active,electrical
11215516,PHASE ELECTRICAL SUPPLIES (LEICESTER) LTD,LE5 4QD,LE,43210,active,electrical
14107433,C A & E SERVICES LIMITED,SE9 6AP,SE,43210,active,electrical
13957814,OLIVER TAYLOR ELECTRICAL LTD,LA5 9NU,LA,43210,active,electrical
03104111,HIPPERSON LIMITED,CT16 1JH,CT,"43210,43220,43999",active,electrical
10645444,DTB ELECTRICAL LIMITED,B97 5PQ,B9,43210,active,electrical
07879128,DATALEC (UK) LTD,GU15 1NX,GU,43210,active,electrical
08970270,G PARRY ELECTRICAL SERVICES LTD,LL55 4LQ,LL,43210,active,electrical
13939018,YORKSHIRE LIGHTING & ELECTRICAL SERVICES LIMITED,YO30 4WG,YO,43210,active,electrical
13286679,PURE RENOVATION LONDON LTD,TW13 6BE,TW,"41202,43210,43330,43341",active,electrical
13139981,MURDOCH ELECTRICAL LIMITED,RG31 5DY,RG,43210,active,electrical
11141276,RUDMAN ELECTRICAL LIMITED,OX3 8JR,OX,43210,active,electrical
13913525,MYKI INSTALLATIONS LTD,CF32 0TN,CF,43210,active,electrical
13894327,ZENGO ELECTRICS LIMITED,N21 2NE,N2,43210,active,electrical
16111761,FLO ELECTRICAL SOLUTION LTD,WD24 6DA,WD,43210,active,electrical
09387853,BMA ELECTRICAL LIMITED,SS14 3JJ,SS,43210,active,electrical
14079460,TIME ELECTRICAL SERVICES LTD,TS24 7DN,TS,43210,active,electrical
02996838,S P W ELECTRICAL LIMITED,ME4 6AE,ME,43210,active,electrical
13281597,DENIZ ELECTRICAL SERVICES LTD,NW1 8PY,NW,"33140,43210",active,electrical
SC251499,SL ELECTRICAL (SCOTLAND) LIMITED,ML2 0ER,ML,43210,active,electrical
03652845,NES ELECTRICAL LIMITED,RH2 8QB,RH,43210,active,electrical
16113920,COTSWOLD HERITAGE ELECTRICAL LTD,OX28 1FX,OX,43210,active,electrical
15304221,ALLWORKS ELECTRICAL LTD,NN18 9ER,NN,43210,active,electrical
14065669,BEAUPORT BUILDING SERVICES LTD,BN26 6QH,BN,"43210,43220,43290",active,electrical
12543899,B CANE ELECTRICAL LIMITED,GU31 4AU,GU,43210,active,electrical
SC730843,123EVPV LTD,DG4 6ET,DG,43210,active,electrical
01206464,TOMLINSON LONGSTAFF LIMITED,DL14 9HP,DL,43210,active,electrical
NI696001,NELSON ELECTRICAL CONTRACTS LIMITED,BT17 9RY,BT,43210,active,electrical
10093846,JEZELEC LIMITED,BH2 6NE,BH,43210,active,electrical
12515268,SEYMOUR & SONS ELECTRICAL LIMITED,CM2 9AE,CM,43210,active,electrical
13909349,IMPEDANCE LTD,UB7 8AU,UB,"41100,43210,71111,98000",active,electrical
SC375032,ENVIROTEK (SCOTLAND) LTD,G72 0EW,G7,43210,active,electrical
16111841,EDISONSPARKS LTD,N7 7BL,N7,43210,active,electrical
08002832,MRK ELECTRIC SERVICES LTD,DN21 2NA,DN,43210,active,electrical
05681743,SOUTH LAKES ELECTRICAL LIMITED,LA7 7NG,LA,43210,active,electrical
06024930,VAUGHAN ELECTRICAL LIMITED,PE2 6LR,PE,43210,active,electrical
13052052,S.A.F.E ELECTRICAL CONTRACTING LTD,GL20 7RP,GL,43210,active,electrical
15321520,B WILTSHIRE ELECTRICAL LTD,BA3 3FJ,BA,43210,active,electrical
15994174,HOXHA UNITY ELECTRICS LTD,RM3 7EX,RM,"43210,43290",active,electrical
11079710,SYMEON ELECTRICAL LTD,SS7 2FR,SS,43210,active,electrical
05340486,REED ELECTRICAL SERVICES LIMITED,RM14 2EG,RM,43210,active,electrical
11055691,FUSEFIX LIMITED,EN7 6SE,EN,43210,active,electrical
07519798,ALL ASPECTS ELECTRICAL SERVICES LTD,BH24 3SE,BH,43210,active,electrical
07864447,CSKE LIMITED,RH11 9GQ,RH,"43210,47910",active,electrical
04308303,BRIGHTLITE ELECTRICAL SERVICES LIMITED,CM77 8HH,CM,43210,active,electrical
14828671,PPM RENEWABLES LIMITED,CF15 7QR,CF,43210,active,electrical
05771492,PKL ELECTRICAL SERVICES LIMITED,HP4 1DU,HP,43210,active,electrical
14701576,BRF ELECTRICAL SERVICES LTD,LE1 3RW,LE,43210,active,electrical
10031098,ALPA ELECTRICAL SERVICES LIMITED,WR3 7DF,WR,43210,active,electrical
10605014,HOME BRIGHT SOLUTIONS LIMITED,KT10 0EL,KT,43210,active,electrical
09578361,TPS ELECTRICS LTD,S43 4PZ,S4,43210,active,electrical
08778521,PHLX LIMITED,TN3 8AD,TN,43210,active,electrical
11190648,LIGHT POWER ENGINEERING LTD,NP20 4HA,NP,"43210,59113,60200",active,electrical
07962035,APR ELECTRICAL SOLUTIONS LTD,S65 1PD,S6,"33140,43210",active,electrical
14031387,WALKERS LIGHTING LTD,CM14 4RR,CM,43210,active,electrical
07518157,ACCENDO FIRE & SECURITY LTD,SM5 3NP,SM,"43210,80200",active,electrical
06506458,TOTAL END2END INTEGRATION LIMITED,ST5 1LP,ST,"33140,43210,47430,80200",active,electrical
13702050,RYAN SMITH ELECTRICAL LIMITED,SN15 3HR,SN,43210,active,electrical
16099064,SPECTRE TECHNICAL SERVICES LTD,S25 3QX,S2,"43210,43220",active,electrical
14729491,AZTEC INSTALLATION LTD,SK8 1DR,SK,43210,active,electrical
SC500642,LARRY'S SERVICES LIMITED,PA16 8TU,PA,43210,active,electrical
04709644,F T ELECTRICAL LIMITED,BH21 2SE,BH,"43120,43210",active,electrical
11281627,M SHELLEY ELECTRICAL LTD,SO30 0JA,SO,43210,active,electrical
15300173,AV CUSTOM ELECTRICAL LTD,HP5 3HB,HP,43210,active,electrical
11922359,SMILEY ELECTRICAL LIMITED,HP2 5AT,HP,43210,active,electrical
06432762,BP ELECTRICAL SERVICES LTD,OL2 6HT,OL,43210,active,electrical
11186058,ZND TECHNICAL SERVICES LTD,S62 7AD,S6,43210,active,electrical
NI602016,DUGAN ELECTRICAL SERVICES LIMITED,BT4 3EU,BT,43210,active,electrical
06007862,ALPHA BETA ELECTRICAL SERVICES LIMITED,ME17 2HP,ME,43210,active,electrical
07209582,JSP ELECTRICAL LIMITED,CV3 4FJ,CV,43210,active,electrical
13272304,JPD ELECTRICAL SERVICES (SOUTH) LTD,DA3 8LY,DA,43210,active,electrical
06823341,MRWCF ELECTRICAL LIMITED,IP19 8AP,IP,43210,active,electrical
12548203,MAYLEC LTD,YO25 3PQ,YO,43210,active,electrical
08925302,AKKUSERVICEUK LTD.,LE18 1DZ,LE,"27200,33140,33200,43210",active,electrical
10086404,KINGS ELECTRICAL SOLUTIONS LIMITED,TW15 3QN,TW,43210,active,electrical
11673198,TEC COOLING SOLUTIONS LIMITED,NN11 8RB,NN,"35300,43210",active,electrical
13934800,GWA ELECTRICAL CONTRACTORS LTD,WS6 7LB,WS,43210,active,electrical
12288497,POLYTRADE ELECTRICAL LIMITED,M9 7EH,M9,43210,active,electrical
13019839,IMPACT ELECTRICAL AND PLUMBING LTD,DY10 2UY,DY,"43210,43220",active,electrical
16099620,THOMPSON ELECTRICAL SERVICES (SW) LTD,PL26 8DT,PL,43210,active,electrical
NI624194,PMC ELECT LTD,BT36 4PZ,BT,43210,active,electrical
SC497193,COLIN MOFFATT ELECTRICAL LTD,G53 7JQ,G5,43210,active,electrical
16100824,MTH SECURITY AND ELECTRICAL LTD,OL6 6QU,OL,"43210,80200",active,electrical
12484576,SPENCER MORBEY SERVICES LIMITED,RH5 5BE,RH,43210,active,electrical
14562588,NOW ELECTRICS LTD,SW16 5NL,SW,43210,active,electrical
05362970,W & M ELECTRICAL SERVICES LIMITED,NG18 5AQ,NG,43210,active,electrical
04589007,K.A. STOCKHAM (ELECTRICAL) LIMITED,TR18 3EF,TR,43210,active,electrical
08807654,ARCBRIGHT ELECTRICAL LIMITED,CM17 9HQ,CM,43210,active,electrical
13891295,REVOLUTIONAL ELECTRICAL LIMITED,GU24 8EB,GU,43210,active,electrical
03322475,TREESTONE LIMITED,W3 7LT,W3,"43210,43220,43290,43390",active,electrical
14722129,EMTECH GROUP LTD,L3 5NW,L3,"41201,41202,43210,43390",active,electrical
11899469,TREVELYAN BUILDING SERVICES LIMITED,RH19 2EN,RH,43210,active,electrical
12331541,ELEC-UK LTD,RG24 8TH,RG,43210,active,electrical
11181359,SDB PROPERTY SERVICES LIMITED,SO53 3AW,SO,43210,active,electrical
16100646,REVOLT ELECTRICAL SERVICES LTD,SA14 9UW,SA,43210,active,electrical
09350378,PAUL KNOWLES ELECTRICAL LIMITED,YO51 9RJ,YO,43210,active,electrical
10601553,ALS ELECTRICAL SERVICES LIMITED,E17 4SA,E1,43210,active,electrical
11221247,HARRIS ELECTRICAL & SECURITY LTD,S42 5FF,S4,43210,active,electrical
09456400,VELSTRA LIMITED,DN11 9JT,DN,43210,active,electrical
04586282,S.P.J. SYSTEMS LIMITED,SY16 2BN,SY,43210,active,electrical
11851603,N E YATES ELECTRICAL LIMITED,M45 7HZ,M4,43210,active,electrical
16102662,FUZE ELECTRICAL SERVICES LIMITED,CM5 9JJ,CM,43210,active,electrical
15308328,MEYERS ELECTRICAL SOLUTIONS LTD,DE21 4BJ,DE,43210,active,electrical
05280149,ECAS SYSTEMS LIMITED,CF47 0YS,CF,43210,active,electrical
10000997,ROBERT MCMILLAN ELECTRICAL LTD,CW8 3JU,CW,43210,active,electrical
04985564,MGB SIGNALLING LIMITED,DL2 1QY,DL,"43210,82990",active,electrical
NI659003,MMN ELECTRICAL LTD,BT47 4RX,BT,43210,active,electrical
11312864,TARANS GROUP LTD,IG4 5NX,IG,"41201,41202,43210",active,electrical
12469967,LEICESTERSHIRE ELECTRICAL LTD,LE17 4JR,LE,43210,active,electrical
14976223,DDIG ELECTRICAL AND TESTING SERVICES LIMITED,CR8 2AT,CR,"43210,43290,71200",active,electrical
04168299,RUGELEY ELECTRICAL LIMITED,WS15 2FG,WS,43210,active,electrical
10014148,FES CONTRACTS UK NO 5 LIMITED,W1U 8EZ,W1,"43210,46180",active,electrical
SC588721,SAFEST ELECTRICAL LIMITED,AB24 4LR,AB,43210,active,electrical
11911033,A-SPEC ELECTRICAL LTD,CF48 2EJ,CF,43210,active,electrical
10001278,LTR SERVICES LIMITED,TW17 0AX,TW,"43210,61900,78200",active,electrical
11522094,FLAGSTONE PROJECTS LIMITED,CB10 2QP,CB,"41100,43210",active,electrical
08895468,LOCAL RENEWABLE SERVICES LTD,LS23 6QY,LS,43210,active,electrical
08303825,SBSOS LIMITED,SN10 1DU,SN,43210,active,electrical
07359033,INTEGRATED ENERGY SOLUTIONS LTD,DN3 3RG,DN,"43210,43220",active,electrical
12079390,SALIENTRIC LTD,RM3 9SL,RM,"41201,43210",active,electrical
05375390,GIBBS ELECTRICAL SERVICES LTD,DT2 8LW,DT,"33140,43210",active,electrical
15144373,O'BRIEN'S ELECTRICAL SERVICES SW LIMITED,SA3 2BR,SA,43210,active,electrical
07587774,STORM CONTRACTING LIMITED,BH14 9LS,BH,43210,active,electrical
NI641511,ORCHARD MECHANICAL LTD,BT61 8PQ,BT,"43210,43220,43290",active,electrical
08778388,GLYNN GARNER ELECTRICAL LTD,CW9 7QJ,CW,43210,active,electrical
14696175,ORIS PLUMBING AND HEATING LIMITED,NN15 5JH,NN,"43210,43220",active,electrical
04761219,AC FACILITIES LTD,LE67 4PB,LE,43210,active,electrical
14362423,POWER BROS LTD,B20 2QR,B2,43210,active,electrical
SC147712,PRIME ELECTRICAL GROUP LIMITED,G68 0EF,G6,"43210,47910",active,electrical
SC756960,ELITE ELECTRICAL ENGINEERING SOLUTIONS LTD,KW10 6RA,KW,"33140,43210",active,electrical
05376977,D AND G AYRE ELECTRICAL LTD,MK43 0BS,MK,43210,active,electrical
11813536,SEHMBI CO LTD,WV13 2QJ,WV,43210,active,electrical
09550335,CEL ELECTRICAL SERVICES LTD,SY3 8GF,SY,43210,active,electrical
09312886,MPE ELECTRICAL CONTRACTORS LTD,DA1 5BU,DA,43210,active,electrical
15266465,CLAY ELECTRICAL LTD,LE10 0PX,LE,43210,active,electrical
15746833,TWIVELECTRICS LTD,DE14 2EF,DE,43210,active,electrical
13387366,SILEK ELECTRICAL SERVICES LTD,SG1 1SA,SG,"42220,43210,47540,47910",active,electrical
14541930,COMPLETE ENERGY SOLUTIONS LTD,WN6 9JU,WN,"43210,43910",active,electrical
06812570,ELEKTRIC-ON LTD.,E3 5AR,E3,"41202,43210",active,electrical
16103895,H.E.S (SOUTH WEST) LTD,BS35 2BS,BS,43210,active,electrical
11811202,SFK ELECTRICAL LTD,BH22 8UY,BH,43210,active,electrical
14765156,ANDY BUSHBY ELECTRICAL LTD,RH16 1UY,RH,43210,active,electrical
13886554,ATEX COMPLIANCE LTD,TS19 0RA,TS,43210,active,electrical
SC766219,GLH ELECTRICAL SERVICES LIMITED,G71 7ND,G7,43210,active,electrical
14716314,CALDWELL ELECTRICAL LTD,CM3 2NF,CM,43210,active,electrical
13128351,MY ELECTRICAL SOLUTIONS LTD,WS3 4JR,WS,43210,active,electrical
15291941,HPS RAPIDFIXERS LTD,WV1 2HE,WV,43210,active,electrical
07906300,PV (R&C 1) LTD,BN16 1RR,BN,"35110,43210",active,electrical
11934909,VRC PROJECTS LTD,HA1 1XN,HA,"41201,41202,43210",active,electrical
12027259,WHITCO ELECTRICAL & FIRE LTD,CF14 8LH,CF,"43210,84250",active,electrical
09937725,NTH.ENG LIMITED,SW16 5NZ,SW,43210,active,electrical
02223912,DISPLAYWORLD LIMITED,CB7 5BE,CB,"16230,43210,43320,46900",active,electrical
16042153,D ANDREWS ELECTRICAL LTD,SY3 7RT,SY,"41100,43210",active,electrical
16115491,ELECTRICIANS SPARK LTD,S13 8EH,S1,43210,active,electrical
14703355,GSTFIXZIE LTD,B8 3DD,B8,"43210,43220,43330,43341",active,electrical
04643041,S HARVEY PROPERTY SERVICES LIMITED,TN15 6NL,TN,"43210,43220",active,electrical
04595750,CONTROL & ELECTRICAL SOLUTIONS LTD,HX3 8LS,HX,43210,active,electrical
14579958,DALE  POLWARTH LTD,EC1V 2NX,EC,43210,active,electrical
13824323,DANUBE PLUMBING & ELECTRICAL SOLUTIONS LIMITED,SL1 2YN,SL,"41100,42220,43210,43220",active,electrical
16115559,MWF ELECTRICAL LTD,DA12 5UE,DA,43210,active,electrical
13029078,E-CAP CHARGING POINTS LIMITED,FY4 2RW,FY,43210,active,electrical
08251910,ARYASH POWER ENGINEERS LIMITED,HA8 7EB,HA,43210,active,electrical
16116287,DEAN TOMS CONSULTANCY LIMITED,LU5 4SW,LU,"42120,43210",active,electrical
07979105,LUKE SOUTHWELL LIMITED,CO2 0LS,CO,43210,active,electrical
08460382,LIBRA 001 LIMITED,NN3 6AE,NN,43210,active,electrical
08537108,EMH ELECTRICAL & BUILDING SERVICES LTD,RH7 6BL,RH,43210,active,electrical
16116787,ARCH SERVICES LTD,PE6 0AG,PE,43210,active,electrical
09904982,LEADING EDGE ELECTRICAL LIMITED,TW2 7AU,TW,43210,active,electrical
14581939,COSRAL LIMITED,LE18 1PS,LE,"43210,64209",active,electrical
15202144,M.A.N ELECTRICAL LTD,LU5 4ER,LU,43210,active,electrical
12486628,NWT SOLAR LTD,RH10 1HT,RH,43210,active,electrical
09522454,SHANEL ELECTRIC LIMITED,KT4 7BA,KT,"43210,43220",active,electrical
10248599,IAIN CASEY ENGINEERING LTD,SM2 7JP,SM,43210,active,electrical
11734831,NUTTYSLACK SOLUTIONS LIMITED,NE11 0RU,NE,43210,active,electrical
14018313,4G1B ELECTRICAL SERVICES LIMITED,BS24 7GT,BS,43210,active,electrical
14114391,N A NELSON ATEX LIMITED,TS4 2NL,TS,43210,active,electrical
16105850,ELTON ENERGY LIMITED,TS10 3AG,TS,43210,active,electrical
07155384,CELEC INSTALLATIONS LIMITED,DN35 7DG,DN,43210,active,electrical
NI678135,GLOBE ELECTRICAL LIMITED,BT82 8RW,BT,43210,active,electrical
08973134,MAGNA ELECTRICAL SERVICES LTD,SS9 1PE,SS,43210,active,electrical
11187316,BELLS ELECTRICAL LTD,SL6 1AG,SL,"43210,81210",active,electrical
05719834,MORPHIC STUDIO LIMITED,HP12 4SW,HP,"25990,43210,43341,74100",active,electrical
09444961,SWEENEY SERVICES LTD,NW9 5EY,NW,43210,active,electrical
11884268,N G ELECTRICAL LTD,SS12 9HA,SS,43210,active,electrical
13329446,ADVANCED ELECTRICAL SOLUTIONS ( SO ) LTD,PR2 2YP,PR,43210,active,electrical
10668708,L. J. INTEGRATED SERVICES LIMITED,WA5 2JD,WA,43210,active,electrical
07394674,HAYBEC ELECTRICAL LIMITED,RM12 5AS,RM,43210,active,electrical
06560266,SWITCHWIRE ELECTRICAL LTD,L3 6AL,L3,"41202,43210",active,electrical
15318596,ECOVILLE LIMITED,NG31 6QZ,NG,"43210,43220,43999",active,electrical
13738858,SWINNSAFE LTD,PR9 8HB,PR,43210,active,electrical
11181536,SAMUEL ELECTRICS LIMITED,LD1 5DH,LD,43210,active,electrical
11218635,NEST TECHNOLOGY LTD,E6 2EU,E6,43210,active,electrical
11197386,HOLDEN BUILD LTD,CO5 9SE,CO,"41100,41202,43210",active,electrical
13335125,MATT'S RENOVATIONS LIMITED,BR3 6NS,BR,43210,active,electrical
09982822,NCS ELECTRICAL LIMITED,E4 9HH,E4,43210,active,electrical
NI677286,ACUR ELECTRICAL LTD,BT60 2LU,BT,43210,active,electrical
NI651553,JOH CONTRACTS LTD,BT60 3RQ,BT,43210,active,electrical
13886482,E.T ELECTRICAL SOLUTIONS LTD,HU5 4JA,HU,43210,active,electrical
06145025,NEEDHAM ELECTRICAL SERVICES LTD,BL1 8TU,BL,43210,active,electrical
11834720,B AND C ELECTRICAL AND SECURITY LIMITED,S41 0QR,S4,43210,active,electrical
NI639590,COLTOM ELECTRICAL LTD,BT35 9XU,BT,43210,active,electrical
00789819,KEN BURROWS LIMITED,NG15 7AW,NG,43210,active,electrical
12388712,IAN SELWOOD ELECTRICAL LTD,M34 3DE,M3,43210,active,electrical
07148996,DH ELECTRICAL (CHESHIRE) LIMITED,WA15 6EU,WA,43210,active,electrical
15851412,QS QUIET SOLUTIONS LTD,S63 5DB,S6,"43210,43290,43999,47910",active,electrical
13950410,MEZE HERO LTD,N4 1EY,N4,43210,active,electrical
10772586,BOYSENBERRY LTD,NE39 1EH,NE,"43210,47190,70229",active,electrical
10013270,GROUP REHAB LIMITED,LU6 1TA,LU,43210,active,electrical
07535404,HIGHCROSS BUILDING SERVICES LIMITED,LE8 4GR,LE,43210,active,electrical
11318474,ELECPAT LTD,HA5 1HW,HA,43210,active,electrical
08356544,ELITE AV LIMITED,SM2 7BD,SM,43210,active,electrical
06503080,CITY & DISTRICT SAFETY LIMITED,ME15 8NS,ME,43210,active,electrical
13590104,MH ELECTRICAL (MIDLANDS) LTD,DY6 7XY,DY,43210,active,electrical
SC354053,JOHN A MATHESON LTD,IV51 9UZ,IV,43210,active,electrical
10088880,ALL COUNTIES ELECTRICAL SERVICES LIMITED,CM23 4GF,CM,43210,active,electrical
13210750,SYMONS UTILITY SOLUTIONS LTD,RM10 8LH,RM,43210,active,electrical
14691763,S&D SOLAR SYSTEMS LTD,N8 0RE,N8,43210,active,electrical
16106286,AX ELECTRICAL SOLUTIONS LTD,E15 2PP,E1,43210,active,electrical
05733529,LEKTROMEK LIMITED,CF35 6AS,CF,43210,active,electrical
13961431,SWITCHED ON ELECTRICAL SERVICES LTD,TS17 0AN,TS,43210,active,electrical
10639367,D W ELECTRICAL CONTRACTORS LIMITED,PO20 0TB,PO,43210,active,electrical
15308901,GREAT OAK ELECTRICAL LIMITED,NG4 3JT,NG,43210,active,electrical
14530493,VECTIS LIGHTNING PROTECTION LTD,EC1V 2NX,EC,"43210,43290,43390",active,electrical
SC539862,SRW INSPECTION SERVICES LTD,ML3 6DY,ML,43210,active,electrical
11276528,J.BETTON ELECTRICAL SERVICES LTD,SY1 4PE,SY,43210,active,electrical
15307233,AB ELECTRICAL INSTALL LTD,S11 8AE,S1,43210,active,electrical
14019166,JAXI CONSULTING LTD,MK45 2NW,MK,43210,active,electrical
13235826,CHIEF MAINTENANCE & ELECTRICAL LTD,B63 2UZ,B6,"41100,43210,43220,81300",active,electrical
14709442,DEVINE NUMBERS LTD,SL6 0DH,SL,"43210,69201,69202",active,electrical
15321329,WW ELECTRICAL SOLUTIONS LIMITED,CV1 1QX,CV,"33140,43210",active,electrical
06131297,BARTON ELECTRICAL (IPSWICH) LIMITED,IP9 2SR,IP,43210,active,electrical
09029999,TM ELECTRICAL SERVICES LIMITED,NG13 8AQ,NG,43210,active,electrical
14718004,ELECTRICAL & RENEWABLE INSTALLATIONS LIMITED,SA7 9LA,SA,43210,active,electrical
09984147,EGM TECHNICAL SERVICES LIMITED,PE6 8LP,PE,43210,active,electrical
14511958,STANLEC SERVICES LTD,MK43 0DS,MK,43210,active,electrical
15313604,ISCA ELECTRICAL SERVICES LIMITED,NP18 3DX,NP,43210,active,electrical
05729199,A PATTERSON INSTALLATION LIMITED,DL14 6NT,DL,43210,active,electrical
09747607,LAWSONS GROUP LIMITED,CM12 9AB,CM,43210,active,electrical
14520703,T A ELECTRONICS LTD,SK1 1YJ,SK,43210,active,electrical
02697185,SERVOL LIMITED,SL1 6DX,SL,43210,active,electrical
15946020,RENEWABLE SALES AND SERVICE SOLUTIONS LTD,DN5 9HG,DN,"43210,43220",active,electrical
14755450,AM ELECTRICAL & TRAINING SERVICES LIMITED,CF23 9DG,CF,"43210,85320",active,electrical
06436510,FIBRE OPTIC TERMINATION SERVICES LIMITED,RG14 6LA,RG,43210,active,electrical
01171705,NORMAN WILDBLOOD AND CO. LIMITED,TN21 8LB,TN,"43210,47540",active,electrical
13994703,P&E LTD,CA24 3AB,CA,43210,active,electrical
07201666,JENNINGS ELECTRICAL LTD,IP5 2EE,IP,43210,active,electrical
14721055,PARRY POWER UTILITIES LIMITED,LL65 2AS,LL,43210,active,electrical
05721226,ANTEC ELECTRICAL LIMITED,BS34 7EF,BS,43210,active,electrical
13289241,EVENTS POWER SOLUTIONS LTD,DN22 9DS,DN,43210,active,electrical
03132264,R. THOMSON (ELECTRICAL CONTRACTORS) LIMITED,WA2 8TL,WA,43210,active,electrical
12704692,SAFER HOME ELECTRICAL LTD,GU22 8TW,GU,43210,active,electrical
13306762,SMARTLIFE ELECTRICAL LTD,HX3 6LF,HX,43210,active,electrical
13997319,SPARCO ELECTRICAL SERVICES LIMITED,CW1 6EA,CW,43210,active,electrical
11893786,C HILL ELECTRICAL LTD,PO7 7DT,PO,43210,active,electrical
09926684,FUTTURE LTD,HA3 8DQ,HA,"41202,43210",active,electrical
01027457,T.S.S. FACILITIES LIMITED,BN41 1XQ,BN,43210,active,electrical
10877957,G & A SPOTLIGHT ELECTRICAL LTD,CF3 1QB,CF,43210,active,electrical
16121558,YELLOWHAMMER ELECTRICAL LTD,OX14 2DQ,OX,43210,active,electrical
10666903,TRANSGRID SERVICES LIMITED,ST16 1AW,ST,43210,active,electrical
15252046,ELYTE ELECTRICAL SERVICE LTD,B73 5EL,B7,43210,active,electrical
10657561,MAXDEN LIMITED,BN21 2TR,BN,43210,active,electrical
14706844,PV SOLAR INSTALLERS LIMITED,TN15 0QU,TN,43210,active,electrical
06886208,RMD CONTRACTORS LTD,SK13 8AR,SK,43210,active,electrical
07233138,J & M SERVICES (2010) LIMITED,DN9 2DW,DN,43210,active,electrical
13970660,WHATE ELECTRICAL SERVICES LIMITED,NG23 6JP,NG,43210,active,electrical
05740869,INTELECT ELECTRICAL CONTRACTORS LIMITED,DY13 9RB,DY,43210,active,electrical
11313448,MERRILL ELECTRICAL LIMITED,DA14 4DT,DA,43210,active,electrical
06056954,DURLEY ELECTRICAL LIMITED,HA5 1JJ,HA,43210,active,electrical
07223668,DANARK ELECTRICAL LIMITED,TN6 1HW,TN,43210,active,electrical
14715086,MILLS ELECTRICAL CONTRACTORS LTD,HD8 8AE,HD,43210,active,electrical
10443793,SOCHIN ELECTRONIC SYSTEMS LIMITED,DA14 4DT,DA,43210,active,electrical
03712864,ELECTRON SYSTEMS LIMITED,DH2 1SS,DH,"27120,33200,43210",active,electrical
10054898,ELECTRIC-ALL LTD,M22 4NN,M2,43210,active,electrical
04605131,YOUNG CONSTRUCTION LIMITED,SS9 2RZ,SS,"43210,43341",active,electrical
05282034,R D ELECTRICAL CONTRACTORS LIMITED,CH5 3BZ,CH,43210,active,electrical
12369113,WINDSOR & ETON ELECTRICAL SERVICES LTD,SL4 6NH,SL,43210,active,electrical
14019892,MNC ECO ELECTRICAL SERVICES LTD,HA3 0HD,HA,43210,active,electrical
07787030,SCHV LIMITED,YO8 8GP,YO,43210,active,electrical
14684700,INFUSION  ELECTRICAL SERVICES LTD,PE10 0PZ,PE,43210,active,electrical
SC716577,ENERGIZE ELECTRICAL (SCOT) LTD,EH3 9DQ,EH,43210,active,electrical
13355618,AJL ELECTRICAL INSTALLATIONS LTD,CW11 1JS,CW,43210,active,electrical
15980876,E.S.B LIGHTING LTD,HA4 8LJ,HA,43210,active,electrical
SC735840,ARITECH LIMITED,G75 0YF,G7,"43210,43220",active,electrical
05001630,GRAHAM ELECTRICALS LIMITED,BN11 1XE,BN,43210,active,electrical
04982819,STEVE COCKERHAM LIMITED,LS29 9BP,LS,43210,active,electrical
12379631,B SAFE ELECTRICAL LTD,HX3 9RU,HX,43210,active,electrical
14557687,MK ELECTRICAL AND TESTING LTD,NN1 1RA,NN,43210,active,electrical
SC256518,GJ BLACKWOOD ELECTRICAL SERVICES LIMITED,G81 6NZ,G8,43210,active,electrical
14418549,SWEETLAND ELECTRICAL SERVICES LTD,BS22 8JH,BS,43210,active,electrical
15982746,BATHCITYELECTRICAL LTD,BA1 6NE,BA,"43210,71200",active,electrical
07026383,PAAL CEDERGREN MONTASJE LTD,CF35 6PP,CF,43210,active,electrical
14934957,LANCASHIRE SOLAR LTD,LA6 2GT,LA,43210,active,electrical
08661495,S LAND ELECTRICAL SERVICES LIMITED,EX16 6RY,EX,43210,active,electrical
11989480,COPPER TREE (BRISTOL) LIMITED,BS30 8FJ,BS,43210,active,electrical
11956030,G J BRYAN ELECTRICAL LTD,BN1 5NP,BN,43210,active,electrical
14638233,HARTZ ELECTRIX LTD,SA4 6UJ,SA,"33140,43210",active,electrical
10428202,G BROWN ELECTRICAL LTD,NR34 8LR,NR,43210,active,electrical
13575785,PROVIDENTIAL ELECTRICAL SERVICES LTD,L18 1DG,L1,43210,active,electrical
12128555,TMH ELECTRICAL LIMITED,LA17 7AB,LA,43210,active,electrical
11534118,OUTPUT AUDIO VISUAL SOLUTIONS LTD,SE23 2TR,SE,"43210,74100",active,electrical
01257518,LINTON ELECTRICAL CONTRACTORS (KENT) LIMITED,ME16 8TX,ME,43210,active,electrical
12358617,KIDMAN ELECTRICAL LTD,TN38 0TH,TN,43210,active,electrical
09898227,YEALM ELECTRICAL SERVICES LIMITED,PL8 1DY,PL,43210,active,electrical
10526428,POWERLED ELECTRICS LTD,N16 6BZ,N1,43210,active,electrical
11124342,STRUCTURE WORKS INTERNATIONAL LIMITED,HP2 7DN,HP,"43210,45310",active,electrical
SC824008,STEPHEN SHAW ELECTRICAL LTD,G31 4EX,G3,43210,active,electrical
12370371,LVC ELECTRICAL LIMITED,DA12 5HA,DA,43210,active,electrical
09925071,JPM ELECTRICS LTD,WV16 5JR,WV,43210,active,electrical
01870488,BURNS CONTRACTING (BARROW) LIMITED,BB7 1PG,BB,43210,active,electrical
11191406,Q-TECH ELECTRICAL LTD,DA18 4AL,DA,43210,active,electrical
06185018,CAA BUILDING SERVICES LTD,SA61 2BP,SA,43210,active,electrical
12213303,POSITIVE CONNECTIONS ELECTRICAL LTD,NG5 1AP,NG,43210,active,electrical
04128669,DIAMOND FIRE LIMITED,LE17 4LR,LE,43210,active,electrical
08232397,PETER LANGLEY ELECTRICAL LIMITED,DE11 9HB,DE,43210,active,electrical
04877515,MERRIVALE ELECTRICAL LTD,BH6 3JP,BH,43210,active,electrical
13645557,JOULE BRADY INFRASTRUCTURE SERVICES LIMITED,SK23 0PE,SK,43210,active,electrical
05258342,NDP ELECTRICAL SERVICES LIMITED,DY10 2AR,DY,43210,active,electrical
11122514,E-VOLVE CONSTRUCTION GROUP LTD,PO7 7DU,PO,"41100,43210,43220",active,electrical
13091431,J P HALE ELECTRICAL SERVICES LTD,GU15 1DB,GU,43210,active,electrical
08802006,PRESTIGE ELECTRICAL (NE) LIMITED,NE29 8BG,NE,43210,active,electrical
06052732,SOL ELECTRICAL LIMITED,EX16 7BJ,EX,43210,active,electrical
09480618,RENAISSANCE ENGINEERING SERVICES (UK) LIMITED,L1 9AA,L1,43210,active,electrical
SC261336,S & C SECURITY AND ELECTRICAL LIMITED,AB25 2PS,AB,"35140,43210",active,electrical
12908274,M&G HOLDINGS (MIDLANDS) LTD,B27 7NX,B2,43210,active,electrical
SC212573,AM CAMPBELL (UK) LTD.,AB42 1WN,AB,43210,active,electrical
03350786,ALTITUDE SERVICES LIMITED,BB12 7NG,BB,"43210,43290",active,electrical
13059640,WALKIN ELECTRICAL LTD,LS8 1PQ,LS,"43210,59113",active,electrical
14619559,GS FACILITIES LIMITED,OL6 8PQ,OL,43210,active,electrical
13085686,SUNRISE ELECTRICAL LTD,UB6 7AT,UB,43210,active,electrical
10122302,RUDD ELECTRICAL LIMITED,PE20 1JP,PE,43210,active,electrical
14660577,VOLTEX ELECTRICAL ENGINEERING SERVICES DS LTD,B94 5LW,B9,43210,active,electrical
10547187,INTELLIGENT SECURITY AND ELECTRICAL SYSTEMS LTD,RG42 4JG,RG,"43210,80200",active,electrical
05677232,EAP SOLUTIONS LIMITED,CF24 5FA,CF,43210,active,electrical
12247570,J C HART LTD,CV6 1GY,CV,"33140,43210,71129",active,electrical
13129950,L DAKU ELECTRICALS LIMITED,SL2 2DR,SL,43210,active,electrical
09793945,JLW ELECTRICAL SERVICES LTD,IP23 8BU,IP,43210,active,electrical
09254686,AI TECHNOLOGY LIMITED,GU2 7NX,GU,43210,active,electrical
03363000,T. ROGERS SERVICES LIMITED,TN16 1EG,TN,"43210,43999,46190",active,electrical
SC754743,ENLIGHTEN ELECTRICS LTD,PA31 8RR,PA,43210,active,electrical
15186549,NICHOLLS PROJECTS LTD,CM14 4YN,CM,"35110,43210,43220",active,electrical
04912599,M. SMITH ELECTRICAL LIMITED,KT16 0EF,KT,43210,active,electrical
07737419,GREENFUTURE ENERGY LTD,IP17 2NL,IP,43210,active,electrical
06187783,S & A ELECTRICAL SERVICES LIMITED,HU6 7PG,HU,43210,active,electrical
05100163,PME PROJECTS  LIMITED,WA5 8DA,WA,"43210,43220,43290,43999",active,electrical
14977311,BAHRIA CONSULTING LTD,B25 8DX,B2,"41100,43210,43220,81300",active,electrical
08018806,DT ELECTRICAL (UK) LTD,PR8 5AN,PR,43210,active,electrical
16002220,ELYASS ELECTRICAL LTD,E17 8JQ,E1,"43210,43220",active,electrical
10064718,ASH ELECTRICAL ( SUFFOLK ) LIMITED,IP9 2HE,IP,43210,active,electrical
16003409,T.E.D ELECTRICAL LTD,NW2 7SL,NW,43210,active,electrical
10433597,SSJ ELECTRICAL U.K. LIMITED,CM11 2NH,CM,43210,active,electrical
12201698,M D LOVE ELECTRICAL LTD,TA3 7HT,TA,43210,active,electrical
11302096,OASIS CONSULTING SERVICES LTD,TN25 7HS,TN,"43210,68209,86220,86900",active,electrical
SC637826,BUMBLEBEE EV LIMITED,G52 4FH,G5,43210,active,electrical
09227578,M G ELECTRICAL CONTRACTORS (SW) LIMITED,TQ12 6RQ,TQ,43210,active,electrical
SC825186,CONSTRUCTION SOLUTION GROUP LTD,G13 1LF,G1,"43210,43290,43390,43999",active,electrical
14593453,MJE ELECTRICAL (LEICESTER) LTD,LE2 7SR,LE,43210,active,electrical
NI722194,CONEX ELECTRICAL SERVICES LTD,BT47 4EF,BT,43210,active,electrical
15945187,LONDON CONCEPT SERVICES LTD,SW10 0XF,SW,"33200,43210,43220,43290",active,electrical
09459305,FAIRHILLS PROPERTY ENGINEERING AND MANAGEMENT LIMITED,TN4 0PL,TN,"43210,43390",active,electrical
13643097,ELITE ELECTRICAL WIRRAL LTD,L1 0BG,L1,43210,active,electrical
NI722193,RMC ELECTRICAL SERVICES IRELAND LIMITED,BT47 5WN,BT,43210,active,electrical
11028421,DELECTRIX LTD,CW2 8TL,CW,"41202,43210,49410",active,electrical
04568838,A F INSTALLATIONS LIMITED,SK2 7NZ,SK,43210,active,electrical
12240612,RKL ELECTRICAL SOUTH LIMITED,BN3 2DJ,BN,43210,active,electrical
06060910,HEF SERVICES LTD,CM21 9JS,CM,43210,active,electrical
16002873,RELIANT CONTRACT SERVICES LTD,TF7 5AT,TF,"25210,33140,43210,46740",active,electrical
13666672,R&J ELECTRIC LTD,CF35 5DL,CF,43210,active,electrical
15188065,RR ELECTRICAL AND SOLAR LTD,LL11 4AQ,LL,43210,active,electrical
13533940,CAMBERLEY ELECTRICS LTD,GU15 2SP,GU,43210,active,electrical
09628151,GREEN PLANET ENGINEERING SERVICES LIMITED,LL13 9RD,LL,43210,active,electrical
11587406,D & C SECURITY SYSTEMS LIMITED,NG20 0JR,NG,43210,active,electrical
13239575,SALOP ELECTRICAL LTD,SY2 5SZ,SY,43210,active,electrical
06717024,SRG SURVEYING LTD,TN24 8LF,TN,43210,active,electrical
04543518,K.H. ELECTRICAL LIMITED,BH2 6NE,BH,43210,active,electrical
11621208,HAWKES ELECTRICAL CONTRACTORS LIMITED,GU14 0QS,GU,43210,active,electrical
10406795,CHAPPELL PROPERTY SERVICES LIMITED,RG41 2YQ,RG,43210,active,electrical
10419254,GRINX LTD,ST1 4JX,ST,"43210,43290,47910",active,electrical
15120106,SAP PROJECT SOLUTIONS LTD,L15 5AN,L1,43210,active,electrical
15199084,PAUL STEPHENSON ELECTRICAL LTD,DH5 0EE,DH,43210,active,electrical
10092953,ELECTRAPLUS CONTRACTING LTD,CF44 8BD,CF,43210,active,electrical
12447238,GB UTILITIES LTD,CM12 0EQ,CM,43210,active,electrical
14004137,RENOWN ROOFING AND SOLAR ENERGY LTD,L21 3TX,L2,43210,active,electrical
07798947,AVO SOLAR LIMITED,TN9 1SP,TN,43210,active,electrical
08863465,KABY ELECTRICAL LIMITED,CT6 5HA,CT,43210,active,electrical
09502472,PINNACLE ELECTRICAL CONTRACTORS LIMITED,BN1 1UF,BN,43210,active,electrical
01658531,ELDRIDGE ELECTRICAL LIMITED,HP15 6LJ,HP,43210,active,electrical
11604280,WILLETT ELECTRICAL SERVICES LIMITED,LE12 5SG,LE,43210,active,electrical
14532586,RTR ELECTRICS LIMITED,SS4 1ND,SS,43210,active,electrical
10991575,C.CDG. LTD,IG8 7QQ,IG,43210,active,electrical
SC745594,G SMYTH ELECTRICAL LTD,G69 7FH,G6,43210,active,electrical
06718196,PDM BUILDING SERVICES LTD,EN6 4RY,EN,43210,active,electrical
06685977,N ANDREEV LIMITED,IG9 6ER,IG,43210,active,electrical
10374607,T.A. ACTON LIMITED,SK2 7LJ,SK,"43210,43220",active,electrical
16005737,YORKSHIRE TRUSTED ELECTRICS LIMITED,HD7 4QY,HD,43210,active,electrical
15726889,QUANTUM MEP SOLUTIONS LIMITED,TN23 6LN,TN,"43210,43220,71122",active,electrical
13120691,SPH PLUMBING AND ELECTRICAL LIMITED,SY16 2NY,SY,43210,active,electrical
05314683,R D AND R E CURNOW LIMITED,TR13 0QG,TR,43210,active,electrical
13779942,TOM CHRISTOPHER ELECTRICAL LTD,DT11 7DX,DT,43210,active,electrical
06403632,DAVIES PORTER SOLUTIONS LIMITED,BS14 0JP,BS,43210,active,electrical
15177871,NORTHWEST NETWORKING LIMITED,FY5 4DT,FY,43210,active,electrical
11707515,LDN MAINTENANCE LTD,NW10 7XP,NW,"43210,43220,43290,43341",active,electrical
10397513,APLUS ELECTRICS LTD,SA13 2UX,SA,43210,active,electrical
11730714,JAMES RAYNER ELECTRICAL LTD,EX11 1UT,EX,43210,active,electrical
09909401,RG ELECTRICAL SOLUTIONS LIMITED,NN11 4BL,NN,"33140,43210",active,electrical
10541503,MBB ELECTRICAL LIMITED,LA4 5HR,LA,43210,active,electrical
07860265,TECHNICAL EX SERVICES LIMITED,TS25 5TG,TS,43210,active,electrical
NI674828,POWERLINE TS LTD,BT92 0QL,BT,43210,active,electrical
SC680771,FOSTEC ENGINEERING LIMITED,IV4 7HT,IV,43210,active,electrical
11122164,SJAD ELECTRICAL LTD,CF11 9QB,CF,43210,active,electrical
06650179,N & M ELECTRICAL LIMITED,OX12 8AT,OX,43210,active,electrical
08260808,PEARSE ELECTRICAL CONTRACTING LTD,SL1 6JY,SL,43210,active,electrical
13806575,CAMCARD CONSTRUCTION LTD,RH1 3ER,RH,"43210,43330,43341,43390",active,electrical
NI635313,GQ ELECTRICAL SERVICES (N.I.) LIMITED,BT35 9BX,BT,43210,active,electrical
11770603,CITY SPARK ELECTRICAL LTD,E11 1HT,E1,43210,active,electrical
04912288,C G H ELECTRICAL LIMITED,TF3 1PT,TF,43210,active,electrical
15985512,MCUK M&E SERVICES LTD,WA8 0QL,WA,43210,active,electrical
14579691,JELLYFISH SOLAR LTD,WC2H 9JQ,WC,"43210,43999",active,electrical
15985773,PTECHELECTRICS LTD,WD24 5SJ,WD,"41201,41202,43210",active,electrical
14773209,PARKER ELECTRICAL (NORWICH) LTD,NR10 5LJ,NR,43210,active,electrical
06586394,ALTEVI MANAGEMENT LTD,WC1N 3AX,WC,43210,active,electrical
10288416,INFINITY TECHNICAL AND PRODUCTION SERVICES LIMITED,L33 7SQ,L3,"43210,77291,81100,90020",active,electrical
SC616422,ONSG ELECTRICAL LIMITED,ML2 9DS,ML,43210,active,electrical
12347649,EVOLUTION ELECTRICAL SVS LTD,WS14 0BD,WS,43210,active,electrical
06679746,LSH ELECTRICAL LIMITED,E6 3RX,E6,43210,active,electrical
13063782,J H ELECTRICAL PROJECTS LTD,L20 7AP,L2,43210,active,electrical
13739577,SHARLEEZ POWER ELECTRICS LTD,RM6 6AX,RM,"43210,43220,62012,62090",active,electrical
02246525,HANSETT ELECTRONICS LIMITED,SE18 6SS,SE,"43210,46439",active,electrical
12363864,VARS ELECTRICAL CONTRACTORS LTD,S11 7PX,S1,43210,active,electrical
07885148,MAINTEAM FIRE & SECURITY LIMITED,NE24 1BE,NE,43210,active,electrical
14625237,NATIONAL ELECTRICAL TESTING ENGINEERS LTD,WS11 7WJ,WS,"33140,43210",active,electrical
04730055,BRIAN CHICK LIMITED,N3 1LF,N3,"43210,43220",active,electrical
14850997,LRH ELECTRICS LTD,LU4 9EY,LU,43210,active,electrical
05337283,I.C.D. ELECTRICAL CONTRACTORS LIMITED,DH8 6AA,DH,43210,active,electrical
03286140,WEI GROUP (SERVICES) LTD,BS15 3NJ,BS,43210,active,electrical
11762369,RICHGALLY LTD,RH19 3AN,RH,43210,active,electrical
05323246,AKM SOLUTIONS LIMITED,BH11 8RS,BH,"27900,43210",active,electrical
02907123,BANCROFT LIMITED,E14 9GE,E1,"43210,43220",active,electrical
00479236,GILBERT & STAMPER LIMITED,TN9 2BE,TN,43210,active,electrical
15986092,MECTRIC SERVICES LTD,EN11 0EX,EN,43210,active,electrical
13070731,MODE AV CREATIONS LIMITED,M44 6RY,M4,"43210,74100",active,electrical
06775862,J R H ELECTRICAL SERVICES LIMITED,WV4 4TR,WV,43210,active,electrical
13632928,DUAL CONNECTIONS LTD,GL4 0UP,GL,43210,active,electrical
04689648,IAN SUMMERBEE LIMITED,SG4 8AR,SG,"43210,43220",active,electrical
07098049,SR HILLS ELECTRICAL SERVICES LTD,DA13 9QE,DA,43210,active,electrical
NI649609,VOLTRON ELECTRICAL SOLUTIONS LTD,BT10 0NU,BT,43210,active,electrical
11739136,CSP ELECTRICAL SOLUTIONS LTD,NG5 2FB,NG,43210,active,electrical
SC386013,EJ PARKER TECHNICAL SERVICES (SCOTLAND NORTH) LTD,IV3 8DU,IV,"43210,43220,43999",active,electrical
13789759,NOAH ELECTRICS LTD,WV4 4SH,WV,43210,active,electrical
05233702,STAFFORD & COOMBER LIMITED,TA1 2AD,TA,43210,active,electrical
15985686,PICOLOGY LIMITED,WS3 1NS,WS,"18203,43210",active,electrical
02871039,DRUMLIN CONSTRUCTION LTD,HA2 0JE,HA,"43210,43220,43320,43390",active,electrical
06991950,EASYLEC LIMITED,SK1 3TH,SK,43210,active,electrical
09369123,CKS ELECTRICAL LIMITED,DN11 0NE,DN,43210,active,electrical
04916448,ADLEC LIMITED,LA1 4XQ,LA,43210,active,electrical
13098104,REDSS (UK) LTD,B91 2JF,B9,43210,active,electrical
SC551595,MINTO ELECTRICAL LTD,EH10 6PZ,EH,43210,active,electrical
13002148,WHITE SNOW GENERAL TRADING LTD,CF14 8LH,CF,"43210,43220,46190,46900",active,electrical
11346738,TWISTED TECH SOLUTIONS LIMITED,DA14 6NE,DA,43210,active,electrical
16006578,A & J POWER SERVICES LIMITED,NE32 5DU,NE,43210,active,electrical
14814445,HOSEA PROPERTY SERVICES LTD,ME10 2HR,ME,"43210,43220,43320,43390",active,electrical
SC279152,OLIVER INTEGRATED LTD.,ML3 7XA,ML,43210,active,electrical
12091879,ME PROJECTS LTD,NG19 9NT,NG,"43210,43220",active,electrical
16007880,MATTHEW J WEALLANS ELECTRICAL SERVICES LTD,BA22 8NB,BA,43210,active,electrical
07194471,P&P ELECTRICAL INSTALLATION SERVICES LIMITED,CT12 6SJ,CT,43210,active,electrical
11255626,MOJO ELECTRICAL LIMITED,KT9 1DE,KT,43210,active,electrical
SC328334,DPS GROUP LTD,KY6 2PJ,KY,"33200,43210,71121,71200",active,electrical
12191032,RICHY ELECTRICAL SERVICES LIMITED,RH1 2NH,RH,"43210,46900,61900",active,electrical
06823809,FINIC ELECTRICAL SERVICES LTD,EX23 9SQ,EX,"33140,33200,43210",active,electrical
15110042,L LECTRICAL LIMITED,TS24 9AE,TS,43210,active,electrical
08968146,WOLF ELECTRICAL LTD,HR1 3BX,HR,43210,active,electrical
08628925,LGI ELECTRICAL LTD,CV12 8TJ,CV,43210,active,electrical
14673293,J STONE ELECTRICAL RENEWABLES LTD,TA2 6BJ,TA,43210,active,electrical
15113811,A T ELECTRICAL (SLEAFORD) LTD,NG34 7PN,NG,43210,active,electrical
SC720057,ADAM.SCOT LIMITED,DD11 2LZ,DD,"43210,43220,43290,43999",active,electrical
12242646,BUILDING SERVICES ENGINEERING LTD,TQ12 1UA,TQ,"43210,74100",active,electrical
13607519,DEAD-ON ELECTRICAL LTD,CV37 7AH,CV,43210,active,electrical
15082325,SRJ ELECTRICAL LTD,CA2 7QP,CA,"33140,43210",active,electrical
01561231,BTU (INSTALLATION & MAINTENANCE) LIMITED,GU1 1JB,GU,"43210,43220,81100",active,electrical
14773727,BJC ELECTRICAL SERVICES LTD,PE11 4JR,PE,43210,active,electrical
13929801,KM & SONS ELECTRICAL LTD,NE31 2PB,NE,43210,active,electrical
03386865,INTERPLAN ELECTRICS LIMITED,OX25 2DA,OX,43210,active,electrical
13254789,SY ELECTRICAL CONTRACTORS LTD,NG9 3QT,NG,43210,active,electrical
12150333,PENINSULA CONSTRUCTION (SW) LTD,TR19 7BL,TR,"41100,43210,43290,43320",active,electrical
09172920,ZEB ELECTRICAL SERVICES LTD,SW16 6PW,SW,43210,active,electrical
13817953,SAS FIRE SAFETY LTD,RG7 4AB,RG,43210,active,electrical
11561409,MPM ELECTRICS LIMITED,HP22 5ZJ,HP,43210,active,electrical
06030574,WEBLOCK CONTRACTS LTD,NG6 8GN,NG,43210,active,electrical
05714852,T & T ELECTRICAL LIMITED,BS20 8JU,BS,43210,active,electrical
11099499,NATIONWIDE MAINTENANCE SERVICES LTD,HA4 6EX,HA,43210,active,electrical
10548212,STEVE PRICE ELECTRICAL SERVICES LIMITED,LA8 9BT,LA,43210,active,electrical
15141992,BM ELECTRICS AND HOME IMPROVEMENTS LTD,WF12 7LL,WF,43210,active,electrical
15171588,ADRIAN'S ELECTRICAL SERVICES AES LTD,TW3 1BQ,TW,"43210,43390",active,electrical
12369933,LEGGOTT ELECTRICAL INSTALLATIONS LIMITED,MK45 4HR,MK,43210,active,electrical
10541534,CCELECTRICS BANBURY LTD,OX17 2QE,OX,43210,active,electrical
11724892,GECKO ELECTRICAL SERVICES LTD,CO5 7EL,CO,43210,active,electrical
09809943,FRINTON ALARM SYSTEMS LIMITED,IP10 0BF,IP,43210,active,electrical
11127273,ELECTROPLUMB(U.K.) LIMITED,RH17 7NJ,RH,"43210,43220",active,electrical
02588033,LCA GROUP LIMITED,CH5 3QY,CH,"26512,27120,43210,71121",active,electrical
11097728,TRIP ELECTRICAL LIMITED,MK45 2DJ,MK,43210,active,electrical
11093013,HW ELECTRICAL & BUILDING SERVICES LTD,BN21 3YA,BN,43210,active,electrical
NI649703,"ELECTRICAL, PLUMBING & HEATING SERVICES NI LIMITED",BT23 4YH,BT,"43210,43220",active,electrical
07026740,BEN MORRIS ELECTRICAL LIMITED,SY3 5PH,SY,"43210,95210",active,electrical
13060731,E-TECH ELECTRICAL SERVICES LIMITED,DN31 1NX,DN,43210,active,electrical
09346866,R X ELECTRICS LTD,WD3 9SN,WD,43210,active,electrical
06046897,MACE ELECTRICAL CONTRACTORS LIMITED,BB12 7HT,BB,43210,active,electrical
10150338,OTEC SERVICES LTD,PR9 0UE,PR,43210,active,electrical
13068639,MUNROS ELECTRICAL CONTRACTORS LTD,CV6 3DU,CV,"33140,43210,43290",active,electrical
07870385,2 D ELECTRICAL CONTRACTORS LIMITED,HR6 8BD,HR,43210,active,electrical
14557924,ROBERTS ALLISON LTD,N1 7GU,N1,"41202,43210,43220,43341",active,electrical
13990479,MIG WORKS LTD,KT6 7LQ,KT,"41202,43210",active,electrical
13799247,SIDEY ELECTRICAL LIMITED,S18 2EB,S1,43210,active,electrical
10615048,BANCROFT BLUE LIMITED,E14 9GE,E1,"43210,43220",active,electrical
05918385,1ST 4 ELECTRICAL SERVICES LTD,BS9 3BY,BS,43210,active,electrical
SC173168,MALCOLM MCARTHUR & SON LIMITED,G65 0AB,G6,"43210,43220",active,electrical
NI675370,CSC ELECTRICS LTD,BT35 9PL,BT,43210,active,electrical
SC781840,SG QUALITY & ELECTRICAL CONSULTANTS LTD,FK2 0NF,FK,43210,active,electrical
11180669,BHP SERVICES LTD,CH43 9HE,CH,"33140,43210,80200,81100",active,electrical
SC273448,CROSS COUNTRY ELECTRICIANS LIMITED,EH41 4LG,EH,43210,active,electrical
10537841,ASTIN & NAISMITH LTD,FY7 6EB,FY,43210,active,electrical
15983708,SOLAR FLARE PV LTD,DE5 3SW,DE,"35110,42220,43210,43290",active,electrical
11101038,SEAMLESS INTEGRATION LTD,RG14 2GL,RG,"43210,43290",active,electrical
06386572,THE ELEVATION LIFT GROUP LTD.,BD14 6TG,BD,43210,active,electrical
07870747,LAVENDER ELECTRICAL INSTALLATIONS LTD,TQ3 2JZ,TQ,43210,active,electrical
10508018,LIGHTWORKS ELECTRICAL LIMITED,PE19 5YZ,PE,43210,active,electrical
13087017,GMAA LTD,DA18 4HG,DA,43210,active,electrical
03472150,E & P ELECTRICAL LTD,DY6 0AH,DY,43210,active,electrical
04961853,MORLEY ELECTRICAL SERVICES LIMITED,BN26 6QH,BN,43210,active,electrical
09983754,PRIDE BUILDING AND ELECTRICAL LTD,WV4 4TA,WV,"43210,43220,43290,43999",active,electrical
01770104,BARRIE BEARD LIMITED,B61 7ET,B6,43210,active,electrical
04863784,PADIN ELECTRICAL SERVICES LIMITED,GL6 8FB,GL,43210,active,electrical
07472008,POWER SYSTEMS CONSULTANCY LTD,WF2 7AL,WF,43210,active,electrical
15984672,SPARK IGNITE LIMITED,N14 5QR,N1,43210,active,electrical
13802082,LV INSTALLATIONS LTD,SA18 2NR,SA,"18129,43210",active,electrical
11596183,GREATBATCH ELECTRICAL LTD,FY5 3UQ,FY,43210,active,electrical
10522468,JME ELECTRICAL (NORTH WEST) LIMITED,DE55 4HA,DE,43210,active,electrical
14758952,SOLARPLUS (EAST ANGLIA) LIMITED,IP28 8UD,IP,43210,active,electrical
11579529,AGL HV SERVICES LTD,SA73 3QX,SA,43210,active,electrical
14446689,CRS CONTRACTING SERVICES LTD,BS30 9TD,BS,"43210,43290",active,electrical
10622473,BLUEBELL BOILERS LIMITED,CA23 3AQ,CA,"43210,43220,68209,70229",active,electrical
08012067,SOVEREIGN PROPERTY & ELECTRICAL LTD,GL5 4QP,GL,43210,active,electrical
02031656,CRIMEWATCH ALARMS LIMITED,NP20 5PA,NP,43210,active,electrical
13107578,SOUTH EAST ELECTRICS LTD,ME17 3JG,ME,43210,active,electrical
07505012,ENGINEERING CONTROL SOLUTIONS LIMITED,SS5 5PA,SS,43210,active,electrical
11096492,MD INSTALLATIONS LTD,IP28 6JY,IP,43210,active,electrical
11102773,REMS SOLUTIONS LIMITED,LE12 6LQ,LE,43210,active,electrical
08289884,TECH-LEC (OXFORD) SERVICES LIMITED,OX5 1LQ,OX,43210,active,electrical
11119670,KIRKMAN AND JOURDAIN CONSTRUCTION LIMITED,EN9 1JH,EN,"41201,43210,43220",active,electrical
SC585505,REEDIE ELECTRICAL LTD,AB21 7DN,AB,43210,active,electrical
09363083,ESL ELECTRICAL SOLUTIONS LTD,HP10 9JQ,HP,43210,active,electrical
11494249,CJES ELECTRICAL SOLUTIONS LIMITED,SA46 0JE,SA,43210,active,electrical
11776031,RDE ELECTRICAL SERVICES LTD,SK11 8QL,SK,43210,active,electrical
15986518,LIVE LINE ELECTRICAL SAFETY LTD,BS37 7YN,BS,"43210,43290,71200,82990",active,electrical
05984170,STEVE PARKER ELECTRICAL SERVICES LIMITED,BS14 9HS,BS,43210,active,electrical
10533348,GRAYS BUILDING SOLUTIONS LTD,RH6 8EY,RH,"43210,43220,43310,43320",active,electrical
11113852,AMP BUILDING SOLUTIONS LTD,CO15 4HA,CO,"41202,43210",active,electrical
13807965,PINK SPARKS LIMITED,HA0 1BN,HA,"43210,47990",active,electrical
09404958,DCOTA SERVICES LIMITED,SL6 8EU,SL,"33200,43210",active,electrical
07070260,MJW ELECTRICAL (UK) LTD,SA3 4DT,SA,43210,active,electrical
09790204,DUOLEC LTD,BS4 4QS,BS,43210,active,electrical
05984010,GTS ELECTRICAL SERVICES LIMITED,M29 7QE,M2,43210,active,electrical
02423706,MEADOW ELECTRICAL LIMITED,CM5 0RB,CM,43210,active,electrical
13653222,BESTER ELECTRICAL LIMITED,N3 2SZ,N3,43210,active,electrical
11006689,J LOWRY ENGINEERING SERVICES LIMITED,M32 0JL,M3,43210,active,electrical
SC783512,STUART MCARTHUR ELECTRICAL SERVICES LTD,PH2 6GJ,PH,43210,active,electrical
15095890,WRIGHT RHODES ELECTRICAL LTD,LS28 7JS,LS,43210,active,electrical
09911141,OM ELECTRICAL SERVICES LTD,SG1 4QG,SG,43210,active,electrical
13780711,EVANS ELEC LTD,NR31 9XP,NR,43210,active,electrical
13066970,ENERGEVO RENEWABLES LIMITED,SL5 7HP,SL,"43210,74901",active,electrical
13125888,GEES ELECTRICAL TECHNICAL SERVICES LTD,FY6 7NL,FY,43210,active,electrical
13791426,FOSTERS BUILDING SERVICES LIMITED,N21 3NA,N2,"43210,43220,43390,81100",active,electrical
04989563,PHOENIX FIRE DETECTION LIMITED,NN13 7AB,NN,43210,active,electrical
08854207,STEFAN ELECTRICAL CONTRACTORS LTD,RM5 3AX,RM,43210,active,electrical
11110660,R.O.P ELECTRICAL SERVICES LIMITED,NP13 1BJ,NP,43210,active,electrical
13073007,HEALY ELECTRICAL CONTRACTORS LTD,L18 1DG,L1,43210,active,electrical
06744587,EAST BRIDGE ELECTRICALS LIMITED,LN6 3PW,LN,43210,active,electrical
12217845,C D QUINN BUILDING SERVICES LIMITED,DA14 4DT,DA,43210,active,electrical
12844916,AAN ELECTRICAL SERVICES LTD,EN4 8NN,EN,"41202,43210",active,electrical
04595529,WROATH LIMITED,PO34 5DW,PO,"33140,43210,47789",active,electrical
12887111,R&T ELECTRICAL SOLUTIONS LTD,CF10 4LN,CF,43210,active,electrical
11130244,BETTER BMS LTD,RG6 6BU,RG,"43210,62012,62020,71122",active,electrical
03340507,J HARRISON & SON LIMITED,TN39 5ES,TN,43210,active,electrical
11127083,CK ELECTRICAL LTD,NP44 5BJ,NP,43210,active,electrical
15140095,ANVIL ELECTRICAL AND SECURITY LTD,CF46 5RL,CF,43210,active,electrical
11638171,M TEWES TRADING AS MT ELECTRICAL LIMITED,ME8 9AN,ME,43210,active,electrical
14751255,COTSWOLD HILL DEVELOPMENTS LTD,GL50 3SH,GL,43210,active,electrical
03346475,PB ELECTRICAL SERVICES LTD,BH23 2BT,BH,"27120,43210",active,electrical
11615838,L E SERVICES LIMITED,DY3 2HA,DY,"43210,81300",active,electrical
14593560,ELECDECKS LIMITED,EN7 6QR,EN,43210,active,electrical
16009418,MECHTRIC LTD,CR0 6BW,CR,43210,active,electrical
14074965,GREEN OHMS ELECTRICAL SERVICES LTD,EN6 3PR,EN,43210,active,electrical
NI693778,DARREN KERR ELECTRICAL & PROPERTY SERVICES LIMITED,BT16 1XW,BT,43210,active,electrical
07801977,A.B.C. ELECTRICS LIMITED,L23 4TZ,L2,43210,active,electrical
09772166,M.L.J ELECTRICAL SERVICES (LANCASTER) LTD.,LA3 3AA,LA,43210,active,electrical
NI683259,A LOGAN SOLUTIONS LIMITED,BT67 0RH,BT,43210,active,electrical
11572905,DAS ELECTRICAL INSTALLATIONS LIMITED,PE34 3LN,PE,43210,active,electrical
14415579,ZOV LTD,TW15 2PN,TW,43210,active,electrical
14670777,DRAGON VALE SERVICES LTD,CF61 2AW,CF,43210,active,electrical
13666732,PENNINE PROJECTS LTD,OL11 5HJ,OL,43210,active,electrical
14666954,DVLV LIMITED,KT18 5SQ,KT,43210,active,electrical
16009203,HORTON ELECTRICAL & BUILDING SERVICES LTD,ME3 9SL,ME,"43210,43290",active,electrical
16009693,RAC ELECTRICAL HORNSEA LTD,HU18 1LB,HU,43210,active,electrical
04359637,FILLINGHAM ELECTRICAL LIMITED,TA1 2UH,TA,43210,active,electrical
08790463,M.A.B. ELECTRICAL SERVICES LIMITED,SL7 3HA,SL,43210,active,electrical
07804038,COMBINED ELECTRICAL SOLUTIONS LIMITED,CF14 8LH,CF,43210,active,electrical
07140724,MCQUEEN MEDIA LTD,GL10 3RF,GL,43210,active,electrical
15122116,ACCESS MF LIMITED,PR7 6LH,PR,43210,active,electrical
04933239,EUROPEAN INSTALLATION SERVICES LIMITED,DY11 5PH,DY,43210,active,electrical
14377359,OXFORD ELECTRICAL SPECIALISTS LTD,OX28 4BE,OX,43210,active,electrical
NI611274,SES ELECTRICAL (N.I.) LTD,BT22 2RX,BT,43210,active,electrical
10566609,CRUX SERVICES LTD,NW4 3NH,NW,43210,active,electrical
11176134,JWS ELECTRICAL NORTH WEST LTD,OL4 4PB,OL,43210,active,electrical
04926805,RIGGALL AND HAWKSFORD LIMITED,PE19 6YH,PE,43210,active,electrical
11825437,BARDSLEY ELECTRICAL LTD,BL6 5WJ,BL,43210,active,electrical
11807995,EUREKA (NORTH WALES) LTD,LL28 5BS,LL,43210,active,electrical
14611576,M.LING ELECTRICAL LTD,CM15 0HE,CM,43210,active,electrical
11937164,LIFTECH ELECTRICAL LIMITED,SO53 2GA,SO,43210,active,electrical
11752673,COMPASS ELECTRICAL SOLUTIONS (SW) LTD,TQ12 5ND,TQ,43210,active,electrical
NI684804,AURORA ELECTRICAL & CONSTRUCTION SERVICES LTD,BT35 8HY,BT,43210,active,electrical
SC437595,PAUL BIRNIE ELECTRICAL LIMITED,AB43 9JJ,AB,"43210,47540",active,electrical
14603243,MWJ TECHNICAL LTD,NE34 0SE,NE,"33140,43210",active,electrical
14737877,JBS AGE OF EMPIRES LTD,SP11 9EG,SP,43210,active,electrical
13682697,BIRCH ELECTRICAL (SW) LTD,NP22 3JT,NP,43210,active,electrical
06709653,PAUL RANDALL ELECTRICAL LIMITED,CM5 9JJ,CM,43210,active,electrical
03000572,SYSTEMATIC SHOP FITTING LIMITED,NE34 6RH,NE,"43210,43320",active,electrical
11298584,JFC ELECTRICAL INSTALLATIONS LTD,HR1 4PN,HR,43210,active,electrical
15987993,KEMETICAL ELECTRICAL SERVICES LTD,SW16 4AH,SW,43210,active,electrical
08805525,RIDE THE LIGHTNING LTD,UB5 4SF,UB,43210,active,electrical
11724952,T PYNN ELECTRICAL LTD,BN21 3TZ,BN,43210,active,electrical
05991894,M J GILL ELECTRICAL SERVICES LIMITED,TN15 7LX,TN,43210,active,electrical
10940016,VITECH SERVICES LIMITED,DA1 2EW,DA,"43210,43220",active,electrical
NI601446,KMDL ENGINEERING (NI) LTD,BT4 1DH,BT,43210,active,electrical
03898101,D & S ELECTRICAL LIMITED,RM2 5XL,RM,43210,active,electrical
08132710,WEST LANCASHIRE GROUP LTD,FY6 8JX,FY,43210,active,electrical
13088435,SPARKVOLT ELECTRICAL SERVICES LTD,TW7 6ER,TW,43210,active,electrical
09340773,M.T.A CONSTRUCTION LTD,KT5 9NN,KT,43210,active,electrical
07791346,ENERGYMYWAY (UK) LIMITED,SN6 6JP,SN,"35110,43210,81100",active,electrical
09915500,R1R2 LTD,NW10 7TR,NW,43210,active,electrical
09205054,RW ELECTRICAL & SECURITY SERVICES LTD,DE21 5EL,DE,43210,active,electrical
09902318,BARCLAY LED SOLUTIONS LIMITED,HG3 1DP,HG,43210,active,electrical
13296528,CHANNING PEARSON ELECTRICAL CONTRACTORS LTD,SG8 5NG,SG,43210,active,electrical
07109590,DYNAMIC ELECTRICAL SOLUTIONS LTD,SO14 5AE,SO,43210,active,electrical
05642838,T & I FACILITIES LIMITED,N7 7QR,N7,43210,active,electrical
07870627,ISOM ELECTRICAL LTD,RM12 6AA,RM,43210,active,electrical
03898965,VIMARTECH LIMITED,LN1 2XG,LN,43210,active,electrical
08378446,S J BEDDOE LTD,WS13 8AD,WS,43210,active,electrical
11741371,GREEN ELECTRICIANS LIMITED,BN21 1UP,BN,43210,active,electrical
13093350,ZITRON UK LTD,W14 0EE,W1,"43210,43220,43290",active,electrical
14402929,VLW GROUP LIMITED,SS14 3JJ,SS,43210,active,electrical
05346597,J.J.B. ELECTRICAL & SERVICES LIMITED,RM11 3XT,RM,"43210,43390",active,electrical
13502868,GSA ELECTRICAL SERVICES LTD,W11 2QE,W1,"43210,43220",active,electrical
10615537,BOOTH ENERGY MANAGEMENT SYSTEMS (BEMS) LIMITED,WF4 4AX,WF,43210,active,electrical
14581773,MAXFRI SYSTEMS LIMITED,N3 2JU,N3,43210,active,electrical
14366025,MYRAH CONSTRUCT LTD,BS32 4JY,BS,"41100,41201,41202,43210",active,electrical
16011656,LUMENPOINT LTD,E18 1PS,E1,43210,active,electrical
16011867,LITEWORK ELECTRICAL LTD,CF83 8HA,CF,43210,active,electrical
16012233,WORTHY ELECTRICAL & PROPERTY SERVICES LTD,EX14 1RJ,EX,43210,active,electrical
15943800,SCOTT CASTLE ELECTRICAL LTD,TN15 6NL,TN,43210,active,electrical
05936308,MIDLANDS ELECTRICAL SYSTEMS LIMITED,B98 9HD,B9,43210,active,electrical
16012464,WATTS ON ELECTRICS LTD,SM1 4LA,SM,43210,active,electrical
09804107,DLB ELECTRICAL INSTALLATIONS LIMITED,BR8 7PA,BR,43210,active,electrical
10974952,STAMATOV SERVICES LIMITED,CV11 5PU,CV,43210,active,electrical
10413534,B SHEARWOOD LTD,WS3 4LJ,WS,43210,active,electrical
06725673,COPPER CONNEXIONS LTD,RG40 2JA,RG,43210,active,electrical
16010746,COPPERFIELD ELECTRICAL LIMITED,CM15 9RP,CM,43210,active,electrical
15240951,CLIFF ELECTRICAL LIMITED,BN24 6NY,BN,43210,active,electrical
13028542,AAF ELECTRICAL LTD,LU1 1EW,LU,43210,active,electrical
11612029,JOHN WAKLEY LTD,BA16 0ER,BA,43210,active,electrical
13856297,JAC ELECTRICAL (CARDIFF) LTD,CF83 8GF,CF,43210,active,electrical
05664014,AUTO WIRING LIMITED,GL51 9QX,GL,43210,active,electrical
06387292,M&N ELECTRICAL CONTRACTORS & SITE SERVICES LIMITED,L31 8DY,L3,43210,active,electrical
11612226,THOMAS ROSS ELECTRICAL CONTRACTOR LTD,CA3 0JG,CA,43210,active,electrical
14497825,POWERTEC EAST LTD,ME2 2XZ,ME,"43210,43390",active,electrical
10597746,MIKE DOYLE ELECTRICAL SOLUTIONS LIMITED,PR9 7BY,PR,43210,active,electrical
14586638,MAXIM ELECTRICAL CONTRACTORS LTD,L35 0NX,L3,43210,active,electrical
14590935,S&J BUILDING & ELECTRICAL LTD,CV12 0AU,CV,"41202,43210,43290,43390",active,electrical
SC529367,MARK PATRICK ELECTRICAL LTD,G75 8EQ,G7,43210,active,electrical
07430599,UNILEVSTRONG LTD,NW6 2DR,NW,43210,active,electrical
13506166,LINTHORPEELECTRICAL LTD,TS5 6EE,TS,43210,active,electrical
13968824,EISS GROUP LTD,DN31 2LP,DN,43210,active,electrical
06381402,K2 MECHANICAL AND ELECTRICAL SERVICES LTD,WF13 2AT,WF,43210,active,electrical
12374751,EPCIDO LTD,EC1N 8SU,EC,43210,active,electrical
SC501629,STEELWORKS ELECTRICAL SERVICES LTD,G61 2AZ,G6,43210,active,electrical
14626899,RCOC ELECTRICAL LIMITED,RH1 3ER,RH,"43210,43390",active,electrical
13894179,ARC ELECTRICAL & PROPERTY MAINTENANCE LTD,S64 8DW,S6,43210,active,electrical
14583596,JAMES BROWN ELECTRICAL LTD,DT6 4JP,DT,"43210,43220",active,electrical
11319377,STELLIFY ELECTRICAL SERVICES LTD,OL6 8PQ,OL,43210,active,electrical
14636166,THE KLYNE COMPANY LTD,NR32 5PA,NR,43210,active,electrical
10988844,VERITAS ELECTRICAL LIMITED,BB1 3NY,BB,43210,active,electrical
10979402,SECTOR 7 ELECTRICAL SERVICES LIMITED,WA8 8XY,WA,43210,active,electrical
12200665,UBIQUITOUS GLOBAL SERVICES LTD,EN2 0PW,EN,"43210,46140,71129",active,electrical
08073279,A.E. ELECTRICAL INSTALLATIONS LTD,WS10 8TE,WS,43210,active,electrical
13605711,WB MARINE LTD,CO5 8NH,CO,"33150,43210",active,electrical
07091905,HORAKTY LTD,EC2A 4NE,EC,"41100,43210,46190,62020",active,electrical
11734244,BUCKLEY ELECTRICAL SERVICES LTD,FY7 6EB,FY,43210,active,electrical
01318066,SILVER FOX LIMITED,AL7 1SA,AL,"27900,43210,61100",active,electrical
05922959,PETER GEORGE ELECTRICAL LIMITED,DT1 1PW,DT,43210,active,electrical
15179238,AOE ENERGY LTD,GU11 3LR,GU,43210,active,electrical
07012667,CORNERSTONE SECURITY SYSTEMS LTD,SG1 2FP,SG,43210,active,electrical
15165457,TRI ELECTRICAL LTD,IG1 4TG,IG,"43210,71129",active,electrical
12431427,RJB ELECTRICAL (SOUTHWOLD) LTD,IP18 6NH,IP,43210,active,electrical
08830879,ELMFIELD ELECTRICAL SERVICES LIMITED,DH5 9BX,DH,43210,active,electrical
07385822,HORSEHILL CONTRACTING LIMITED,BA5 1FD,BA,43210,active,electrical
09353160,JB ELECTRICAL (WALES) LTD,CF83 8EP,CF,43210,active,electrical
07483055,PJK CONNECTIONS LTD,LU6 2BT,LU,43210,active,electrical
14074776,CT JOINTING LTD,RM10 8LH,RM,43210,active,electrical
15990211,SUKAJ ELECTRICAL LTD,CV2 4PR,CV,"43210,43390,96090",active,electrical
15990246,WECL LIMITED,DN6 0EB,DN,43210,active,electrical
12232147,CUBIX SERVICES LIMITED,LU4 0JF,LU,43210,active,electrical
15990458,M. LEWIS ELECTRICAL LIMITED,L3 4BJ,L3,43210,active,electrical
06428315,MKR ELECTRICAL SERVICES LIMITED,SL7 1NT,SL,43210,active,electrical
13266160,NEO ELECTRICAL SOLUTIONS LTD,BN1 5NP,BN,43210,active,electrical
14710159,EDDIE-SONS LTD,N15 3QX,N1,"43210,43290",active,electrical
06679505,SRS ELECTRICAL CONTRACTORS LIMITED,SY1 3FE,SY,43210,active,electrical
11898204,BEECHWOOD ELECTRICAL CONTRACTORS LTD,GL52 6AR,GL,43210,active,electrical
15213163,PREMIER SOLAR LTD,RM12 6RJ,RM,43210,active,electrical
15163086,DWS ELECTRICAL LTD,BB8 9JE,BB,43210,active,electrical
09436203,1ST ELECTRICAL BRISTOL LIMITED,BS8 3QY,BS,43210,active,electrical
13868195,GWE INSTALLATIONS LIMITED,SK14 4EH,SK,43210,active,electrical
08279685,RYAN ELECTRICAL CDKM LIMITED,NR18 9JL,NR,43210,active,electrical
NI057729,OCD ELECTRICAL LIMITED,BT35 7HN,BT,43210,active,electrical
06477986,DAVENPORT INSTALLATIONS LIMITED,CO6 3JP,CO,43210,active,electrical
09975117,R.B ELECTRICAL (HALIFAX) LIMITED,HX6 2EL,HX,43210,active,electrical
SC719277,MCM ELECTRICAL (SCOTLAND) LTD,G72 7FZ,G7,43210,active,electrical
07043604,MASTRONIK INSTALLATIONS LIMITED,SG17 5DZ,SG,43210,active,electrical
11176186,KNIGHTSTOCK SERVICES LTD,NG19 9FD,NG,43210,active,electrical
16053809,PEGASUS RENEWABLES LTD,S66 1DR,S6,43210,active,electrical
10275510,WTG ELECTRICAL LTD.,LN11 0FS,LN,43210,active,electrical
05680880,RS ELECTRICAL SERVICES (SW) LIMITED,BA2 2PP,BA,43210,active,electrical
04631629,S LUCAS ELECTRICAL CONTRACTORS LIMITED,NE10 0TQ,NE,43210,active,electrical
11752245,COLLICUTT LIMITED,SO19 7BE,SO,"33140,43210,47781,90030",active,electrical
10551730,VK ELECTRICAL LIMITED,EN8 0PB,EN,43210,active,electrical
15570018,HILTON ELECTRICAL LTD,CH47 3BW,CH,43210,active,electrical
13853979,GLO ELECTRICS LTD,NP23 7RU,NP,43210,active,electrical
15470668,H N B ENGINEERING SERVICES LTD,OX2 8AX,OX,"41100,42990,43210",active,electrical
09147870,SLEAFORD BUILDING HOLDINGS LIMITED,NG34 9JH,NG,"43210,43220,43290",active,electrical
08971694,CENTURY SECURE GROUP (UK) LTD,LE67 3FT,LE,43210,active,electrical
14693906,C4 ELECTRICAL SOLUTIONS LTD,DE55 3AT,DE,43210,active,electrical
12434198,SM ELECTRICAL SERVICES (NW) LTD,WA7 3EP,WA,43210,active,electrical
10383027,ECO POWER ELECTRICAL CONTRACTORS LIMITED,CF14 8LH,CF,43210,active,electrical
07502850,ECOHEAT TECHNOLOGIES LTD,UB7 8HN,UB,"43210,43220,43999",active,electrical
SC719638,PATON HEATING AND ELECTRICAL SERVICES LIMITED,ML2 7FA,ML,"35220,43210",active,electrical
10748303,WLD PROPERTIES LIMITED,AL9 5ET,AL,"27900,33140,43210,43220",active,electrical
10436853,P&D ELECTRICAL SOLUTIONS LTD,CM1 1GU,CM,43210,active,electrical
07176157,XL BUILDING SERVICES LIMITED,BD11 1JH,BD,"43210,43390",active,electrical
08374061,WIRED-RIGHT ELECTRICAL LTD,RG10 0RQ,RG,43210,active,electrical
15267845,EES SUFFOLK LTD,IP1 5JL,IP,43210,active,electrical
06487911,KARL DAY MARINE LIMITED,PE28 9BR,PE,43210,active,electrical
15162246,JDM ELECTRICAL SERVICES LTD,RM12 6RJ,RM,43210,active,electrical
06477395,ECOTEC UK LIMITED,DN36 5NG,DN,43210,active,electrical
08858784,MNS ELECTRICAL BUILDING SERVICES LIMITED,MK19 6NR,MK,43210,active,electrical
08850338,LUMOS ELECTRICAL CONTRACTORS LIMITED,IP28 8DL,IP,43210,active,electrical
12409635,AGB ELECTRICAL MCR LIMITED,M26 1DE,M2,43210,active,electrical
11747838,ECOWIRE LIMITED,B76 1GW,B7,43210,active,electrical
SC608318,CAN ELECTRICAL LTD,DD4 8XD,DD,43210,active,electrical
12416514,CJW ELECTRICS LIMITED,TS15 0DW,TS,43210,active,electrical
11859895,ICON DOMESTIC ELECTRICAL INSTALLATIONS LTD,CM23 4BA,CM,43210,active,electrical
NI664644,REIHILL ELECTRICAL LTD,BT94 4RY,BT,43210,active,electrical
13122288,GT ENERGY SOLUTIONS LTD,NE11 9NG,NE,"43210,43220,43310,43320",active,electrical
08832765,KOHO KIVA LTD,DA15 7NP,DA,43210,active,electrical
14644607,MIDLAND FIRST ELECTRICAL LTD,PO2 8BS,PO,43210,active,electrical
08359177,PLY SERVICES LIMITED,WR15 8FB,WR,43210,active,electrical
13869145,ECOMONKEYNE LTD,SR6 9EQ,SR,43210,active,electrical
11147079,MIDLAND ELECTRICAL CONTRACTORS LIMITED,ST19 5RZ,ST,43210,active,electrical
11175957,MULTIBUILD SOLUTIONS LTD,M44 5EA,M4,"43210,43220,43390",active,electrical
09564596,LONGWORTH ELECTRICAL LTD,PE30 1LT,PE,43210,active,electrical
NI675991,GLOW ELECTRIC LTD,BT23 6JA,BT,43210,active,electrical
SC685577,BRACO ELECTRICIANS LTD,FK15 9PX,FK,43210,active,electrical
13737698,IVY PROJECTS LTD,CM16 7LB,CM,43210,active,electrical
01055005,JAMES & ANDREW STODDART LIMITED,HP2 4RA,HP,43210,active,electrical
13175074,SHAW 4 ELECTRICAL AND CONSTRUCTION LTD,HD9 2RQ,HD,43210,active,electrical
05291035,CW ELECTRICAL (BRISTOL) LIMITED,BS32 4DF,BS,43210,active,electrical
09030300,SIM ELECTRICAL LTD,SS9 3JY,SS,43210,active,electrical
14671352,MALACHITE INSTALLATIONS LTD,PR7 3AA,PR,"43210,43220,43320",active,electrical
11818869,TEPER MEP LTD,LE3 8BT,LE,"43210,43220",active,electrical
07942162,GOODRIDGE ELECTRICAL LIMITED,TN13 3TE,TN,43210,active,electrical
11234384,SHOSPAIN TECHNOLOGY LIMITED,SE18 2SG,SE,43210,active,electrical
11712710,ELECTRIC VEHICLE POINTS LTD,CM7 5AS,CM,43210,active,electrical
14659025,THETA ELECTRICAL LIMITED,LE2 1PS,LE,43210,active,electrical
12993874,EMA ELECTRICAL LIMITED,B67 5NF,B6,43210,active,electrical
13128947,HAMPSTEAD SERVICES GROUP LTD,KT8 0PB,KT,"16230,43210,43220",active,electrical
14477377,AIM ENGINEERING LIMITED,RH13 6RP,RH,"43210,71129,74300,81210",active,electrical
15220868,EMF ELECTRICAL ENGINEERING LTD,BB10 2HS,BB,43210,active,electrical
16083747,LKR ELECTRICAL LIMITED,LE19 2BS,LE,43210,active,electrical
08762086,POWER SOURCE LTD,E1 5LP,E1,"43210,62012",active,electrical
14723940,GK INSTALLATIONS LTD,AL10 0HH,AL,43210,active,electrical
15246505,POTENTIA POWER ENGINEERING LTD,WR3 7RJ,WR,43210,active,electrical
13899119,DC ELECTRICAL ROCHDALE LTD,OL12 0TL,OL,43210,active,electrical
11149900,PEMBROKESHIRE ELECTRICIAN LTD,SA72 6UR,SA,43210,active,electrical
08874318,BISHOPSGATE ELECTRICAL LTD,NW2 7HJ,NW,43210,active,electrical
09286815,MAXIMAS (SERVICES) LIMITED,LS25 1PQ,LS,"43210,43999",active,electrical
10052094,GALPIN KENDRICK ELECTRICAL LIMITED,BA13 4HS,BA,43210,active,electrical
14737348,JAE CONTRACT SERVICES LTD,NE9 7AN,NE,"33140,43210",active,electrical
14298095,S & L ELECTRICAL CONTRACTORS LIMITED,DL16 6XL,DL,43210,active,electrical
08395239,PREMIER ELECTRICAL (UK) LTD,CV35 9JT,CV,43210,active,electrical
13795962,ELECTRI CAL SOLUTIONS (NW) LIMITED,LA1 5HQ,LA,43210,active,electrical
06498902,TT BUILDING CONTRACTORS LIMITED,E17 6HE,E1,"43210,43220,43310,43390",active,electrical
14020858,BLACKWOOD ELECTRICAL SOLUTIONS LIMITED,B74 3QL,B7,43210,active,electrical
05366630,SOUNDSMITH LIMITED,LA9 6BW,LA,43210,active,electrical
14497234,MH OFFSHORE ELECTRICAL ROPE ACCESS LTD,DY6 9HS,DY,43210,active,electrical
13917867,GAV ELECTRIQUE LTD,FY1 5QL,FY,43210,active,electrical
05722491,DOWRICK ELECTRICAL LIMITED,PL26 8RA,PL,43210,active,electrical
SC687588,DAVID BARR ELECTRICAL SERVICES LIMITED,G84 8BP,G8,43210,active,electrical
13341870,MERSEYLEC ELECTRICAL SERVICES LTD,L23 3AT,L2,43210,active,electrical
10616204,SC ELECTRICAL (NE) LTD,SR2 0DY,SR,43210,active,electrical
14084305,DTE ELECTRICAL & PROPERTY SOLUTIONS LTD,RG27 9GA,RG,43210,active,electrical
09503275,KTM ELECTRICAL LTD,B72 1UJ,B7,43210,active,electrical
09048924,CURRENT PHASE ELECTRICAL LTD,SW17 9RR,SW,43210,active,electrical
NI635432,LMC ELECTRICS LTD,BT45 7JH,BT,43210,active,electrical
09539325,P DOHERTY TECHNICAL SERVICES LIMITED,LU2 7ES,LU,43210,active,electrical
09511658,OLRAIL LTD,UB5 4QH,UB,"41201,41202,43210,43290",active,electrical
04353651,PB BUILDERS & MAINTENANCE LIMITED,FY4 5GP,FY,43210,active,electrical
16109359,ORCA EV LTD,HX7 6PJ,HX,43210,active,electrical
11850945,ELECTROSEC SOLUTIONS LTD,NE11 0NJ,NE,43210,active,electrical
06473536,EXPERIENCED INSTALLATIONS LTD,BD2 4JN,BD,43210,active,electrical
13770387,ETHICAL SECURITY LTD,PE1 4AU,PE,"43210,80100",active,electrical
03884013,NEWTON CONTRACTING SERVICES LIMITED,HU10 7BY,HU,43210,active,electrical
15303608,INVICTUS SOLAR LTD,IP1 1RJ,IP,43210,active,electrical
13917599,ECO SYSTEMS ELECTRICAL LIMITED,RG21 8UQ,RG,"33140,43210",active,electrical
03731830,MOORLEC ELECTRICAL SERVICES LIMITED,ST9 9QH,ST,43210,active,electrical
12478386,KEV PHELAN ELEC LTD,WN4 0SU,WN,43210,active,electrical
04694706,CLEVERASS LIMITED,HG5 8PJ,HG,43210,active,electrical
09452324,ANDY THOMAS ELECTRICAL SERVICES LTD,SY11 1EE,SY,43210,active,electrical
10502538,DAN. K ELECTRICAL SOLUTIONS LTD,CF3 4JS,CF,43210,active,electrical
04636363,R JAMES ELECTRICAL LIMITED,DY4 9DD,DY,43210,active,electrical
10627929,A&C ELECTRICAL CONTRACTORS LTD,WA9 4NN,WA,43210,active,electrical
09459122,THN ELECTRICALS LIMITED,B68 9SG,B6,43210,active,electrical
15273981,MAXVAS LTD,TW16 7BD,TW,"43210,43220",active,electrical
14670045,NORTH VOLT LTD,EN5 2DX,EN,43210,active,electrical
12452412,AWB ELECTRICAL SERVICES LTD,SG7 5DD,SG,43210,active,electrical
15201862,HAPPIE HOMES SERVICES LTD,OL9 8JR,OL,"43210,43220,43310,43390",active,electrical
SC817882,SEP ELECTRICAL SERVICES LTD,G1 3BJ,G1,43210,active,electrical
07531988,PARK ELECTRICAL INSTALLATIONS LTD,TR4 9FF,TR,43210,active,electrical
09532446,I - WIRE ELECTRICAL SERVICES LIMITED,FY4 4FJ,FY,43210,active,electrical
SC582733,DGR ACCESS LTD,KY12 9QP,KY,43210,active,electrical
08430964,BISHOPS ELECTRICAL & BUILDING SERVICES LIMITED,RM12 6LX,RM,43210,active,electrical
14730583,PRESTON PROJECTS LIMITED,DA3 7AN,DA,"43210,43290",active,electrical
SC622409,GLASS ELECTRICAL SOLUTIONS LIMITED,EH32 9DJ,EH,43210,active,electrical
13768119,BEE SMART SOLUTIONS LTD,M19 1NR,M1,43210,active,electrical
10501927,STOUR VIEW ELECTRICAL LIMITED,BH21 3ED,BH,43210,active,electrical
13200901,MD ELECTRICS NORTHWEST LTD,SK3 9NT,SK,43210,active,electrical
15562868,CHARGZ LTD,NR27 0AD,NR,43210,active,electrical
12521312,CJ TECHNICAL SERVICES LTD,HP23 5AL,HP,"43210,61100",active,electrical
SC469457,BRYCE ELECTRICAL SERVICES LTD,ML8 5BL,ML,43210,active,electrical
13764044,ELTECK LIMITED,E11 1NX,E1,43210,active,electrical
10031463,AJWELSH ELECTRICAL LIMITED,CF14 5LU,CF,43210,active,electrical
07156205,C2 ELECTRICAL SOLUTIONS LIMITED,TS15 9NG,TS,43210,active,electrical
12996829,ORA ELECTRONICS LIMITED,BN26 6EA,BN,43210,active,electrical
14765424,KPD ELECTRICAL LTD,TW18 1DW,TW,43210,active,electrical
05698630,DPJ ELECTRICAL SERVICES LIMITED,SS11 7QX,SS,"43210,80200",active,electrical
10506740,JK ELECTRICAL (LEICESTER) LTD,LE8 4GR,LE,43210,active,electrical
09427694,SISTO COMPLIANCE LTD,SK8 1DR,SK,43210,active,electrical
15171323,JSV ELECTRICAL LTD,PR2 2DX,PR,43210,active,electrical
07541732,LIGHTWIRE ELECTRICAL LIMITED,WV15 5HP,WV,43210,active,electrical
07166659,STEP ELECTRICAL LIMITED,KT15 1TN,KT,43210,active,electrical
04597236,DERRY LIMITED,NG24 3JR,NG,"43210,43220",active,electrical
11190249,ELECTRAGATE LTD,L40 7TH,L4,43210,active,electrical
06008349,DOUGLAS ELECTRICAL SERVICES LIMITED,WN8 8AZ,WN,43210,active,electrical
SC830367,EUAN MACKINNON ELECTRICAL LTD,HS2 0QA,HS,43210,active,electrical
03568668,ACCESS INDUSTRIAL DOORS (MIDLANDS) LIMITED,DY1 1NS,DY,43210,active,electrical
03710472,J.G. ELECTRICAL LIMITED,RG12 0UH,RG,"43210,47599",active,electrical
16108053,BEH ELECTRICS LIMITED,W10 5DP,W1,43210,active,electrical
03949435,IPB (ELECTRICAL) LIMITED,M46 0EF,M4,43210,active,electrical
10783240,EGENSYS LTD,S81 7BE,S8,"43210,43220,68100,68209",active,electrical
08402422,P BRIGNULL SERVICES LIMITED,EN6 2RH,EN,43210,active,electrical
16108239,BRIGHTSIDE ENERGY LTD,BB4 8EB,BB,43210,active,electrical
07179153,THE ELECTRICIAN (GREENFIELD) LIMITED,MK45 2NW,MK,43210,active,electrical
08302195,SIGMA M&E LIMITED,WF10 4TL,WF,43210,active,electrical
11840353,JDL ELECTRICAL LTD,WF14 0QE,WF,43210,active,electrical
15804126,PRIME WIRE NW LTD,OL6 9BQ,OL,43210,active,electrical
03955321,D AND G ELECTRICAL CONTRACTORS LIMITED,SS9 1PE,SS,43210,active,electrical
08289030,STANDISH ENERGY LIMITED,WN6 0JT,WN,43210,active,electrical
13182790,M & L ELECTRICAL SERVICES (NW) LIMITED,L16 1JW,L1,43210,active,electrical
13178107,R & C S ELECTRICAL LTD,SK10 1EQ,SK,43210,active,electrical
08729986,LEE SMITH ELECTRICAL LIMITED,DE75 7FU,DE,43210,active,electrical
11214326,DELTA CONNECTIONS LTD,EC1V 2NX,EC,"43210,43999,70229",active,electrical
13193536,APF ELECTRICS LTD,HG5 0NQ,HG,43210,active,electrical
05067114,ELECTRICAL INSTALLATION & TESTING SERVICE LIMITED,SA10 6HA,SA,43210,active,electrical
08768341,LED-LIGHTING (EUROPE) LIMITED,PO13 0FG,PO,43210,active,electrical
11234490,VOLTMETRIC LIMITED,NN6 0BG,NN,43210,active,electrical
04383461,NEW WORLD TIMBER SUPPLIES LIMITED,E14 9FJ,E1,"43210,43320",active,electrical
13908448,SAMELECTRIC LTD,M24 2LZ,M2,43210,active,electrical
07372072,TYRRELL ELECTRICAL (NW) LTD,CW12 2NZ,CW,43210,active,electrical
11813764,XACT SERVICES LTD,HA0 1AH,HA,"33140,43210,43290,96020",active,electrical
SC759106,RRL ELECTRICAL LIMITED,ML1 1DF,ML,43210,active,electrical
13916954,R D NELMES ELECTRICAL LTD,BS34 7DB,BS,43210,active,electrical
12314986,P&J ELECTRICAL SERVICES LTD,E16 1TT,E1,43210,active,electrical
07125364,A C J ELECTRICAL SERVICES LTD,DA14 5EW,DA,43210,active,electrical
15269544,RICKMAN ELECTRICAL SERVICES LTD,RH4 1NJ,RH,43210,active,electrical
SC810180,MILNE & BORWICK ELECTRICAL LTD,DD2 3SN,DD,43210,active,electrical
16080431,HOLMES ELECTRICAL & RENEWABLES LIMITED,S81 7AD,S8,43210,active,electrical
14668586,FOXX ELECTRICAL LTD,SK15 2QA,SK,43210,active,electrical
06868521,AUTOGUARD ALARMS LIMITED,DY8 3NX,DY,43210,active,electrical
09422158,DC ELECTRICAL LONDON LTD,SW19 8LE,SW,43210,active,electrical
13890253,H & M ELECTRICIAN LTD,E17 4GJ,E1,43210,active,electrical
13718600,GL ELECTRICAL SERVICES SOUTHERN LTD,PO8 9EG,PO,43210,active,electrical
06193260,J. BROWN FLOORING LIMITED,IG8 8HD,IG,43210,active,electrical
04388680,NORTH COAST ELECTRICAL LIMITED,PL28 8QP,PL,"43210,82990",active,electrical
12489135,DATALEC BUSBAR INSTALLATIONS LIMITED,W1W 6XH,W1,43210,active,electrical
12034567,COMPLETE ELECTRICAL CONTRACTORS (SW) LIMITED,PL4 0SJ,PL,43210,active,electrical
13248408,LEE NULTY ELECTRICAL LTD,MK16 0PB,MK,43210,active,electrical
06621011,RHINO ELECTRICAL LTD,RG31 6RB,RG,43210,active,electrical
09075492,ELECTRONIC & SATELLITE SOLUTIONS LTD,TW3 3JJ,TW,43210,active,electrical
16081199,UNISOLAR ECO LIMITED,M6 6NA,M6,"42220,43210,43290,43910",active,electrical
16081331,ASHWAY ELECTRICAL LTD,NN6 9HZ,NN,43210,active,electrical
09843448,CERTA INSTALLATIONS LIMITED,SK6 8EF,SK,43210,active,electrical
11651330,(UK) IDES LIMITED,BB4 8HH,BB,43210,active,electrical
04497200,NIGEL MOORE ELECTRICAL CONTRACTORS LTD,LN5 9AP,LN,43210,active,electrical
01332782,FAIRFIELD ELECTRICAL 1971 LTD,BA11 2EE,BA,"43210,43390",active,electrical
SC575329,ENLIGHTENED TRADES LTD,EH6 7JB,EH,"43210,43320,43330",active,electrical
08904778,ORANJE LTD,DE21 7JG,DE,"41100,43210,43290,43390",active,electrical
14827680,TONYANDURAI LTD,TS7 8RP,TS,43210,active,electrical
03953872,BYFLEET (MAINTENANCE & ELECTRICAL CONTRACTORS) LTD,CM0 8AA,CM,43210,active,electrical
12980873,C&D ELECTRICAL SERVICES LTD,DE65 5LH,DE,"43210,43341",active,electrical
15178081,PRESTIGE ELECTRICAL CONTRACTORS (SW) LTD,EX17 2AJ,EX,43210,active,electrical
10430466,BRADLEY & CROLL BUILDING & ELECTRICAL SERVICES LIMITED,NG1 4JA,NG,"43210,43390",active,electrical
08727553,ASTRALIS SOLAR LTD,CW10 9AX,CW,"43210,43220",active,electrical
14415764,DYAD SAFETY SOLUTIONS LTD,PR9 8ET,PR,"43210,70229",active,electrical
15086062,BRIGGS BRAY ELECTRICAL SERVICES LTD,BS4 4LA,BS,43210,active,electrical
06511139,QALAM SERVICES LIMITED,TN2 3AB,TN,"43210,62020,64999,74202",active,electrical
15204467,DMF TECHNICAL SOLUTIONS LTD,BD13 5AS,BD,43210,active,electrical
12878519,BD ELECTRICAL SERVICES LTD,RH7 6RG,RH,43210,active,electrical
11795500,A C ELECTRIC SERVICES LTD,M33 4FR,M3,43210,active,electrical
02554373,MUNRO BUILDING SERVICES LIMITED,DE56 2BW,DE,"43210,43220,43290",active,electrical
15181075,ESS RENEWABLES LIMITED,SW19 4EU,SW,43210,active,electrical
07996647,VICEROY HOLDINGS (HULL) LIMITED,HU8 7BF,HU,43210,active,electrical
SC742195,EDINMECH ELECTRICAL LIMITED,KY11 8QE,KY,43210,active,electrical
13701145,SP1 CCTV AND ELECTRICAL SOLUTIONS LTD,YO43 3RE,YO,43210,active,electrical
16056380,TANGO ELECTRICAL SERVICES LTD,NP18 2DP,NP,43210,active,electrical
05965402,B SMART ELECTRICAL LIMITED,SS9 2HL,SS,43210,active,electrical
07872060,TRUST-WORTHY HOME MAINTENANCE LTD,SN3 4AB,SN,"43210,43220,43320,43390",active,electrical
16056461,ZS ELECTRICAL BERKSHIRE LIMITED,SL4 4EB,SL,43210,active,electrical
SC827722,LUKE GRAHAM ELECTRICAL LTD,KY7 6WE,KY,43210,active,electrical
16029265,PR ELECTRIC SOLUTIONS LTD,HA8 6SY,HA,43210,active,electrical
00443522,DALKIA ENGINEERING LIMITED,NG2 1AG,NG,"43210,43220",active,electrical
01677991,IMTECH ENGINEERING SERVICES NORTH LTD,NG2 1AG,NG,43210,active,electrical
16054644,LPR ELECTRICAL LTD,CM23 5QU,CM,43210,active,electrical
02925156,IMTECH ENGINEERING SERVICES LONDON AND SOUTH LTD,NG2 1AG,NG,"43210,43220",active,electrical
NI058398,STRABANE ELECTRICS LTD,BT82 9EE,BT,43210,active,electrical
07425579,A&Y ELECTRICAL LIMITED,RH13 8QE,RH,"41201,43210",active,electrical
04480509,SAPHIRE ELECTRICAL SERVICES LIMITED,L31 9AN,L3,43210,active,electrical
NI695565,AME ELECTRICAL SMART HOMES LIMITED,BT46 5GJ,BT,43210,active,electrical
14000498,EQUAL ELECTRICAL LTD,GL4 3GG,GL,43210,active,electrical
SC246909,DENNIS GORDON ELECTRICAL LIMITED,AB43 9HP,AB,43210,active,electrical
08895597,M.G.WILSON ELECTRICAL LTD,NE46 4JH,NE,43210,active,electrical
08236187,TOP SATELLITE LIMITED,CM2 9LU,CM,"43210,43999,80200",active,electrical
14567102,D DURNAN ELECTRICAL LTD,TA8 2UA,TA,43210,active,electrical
15181198,LRF ELECTRICAL SERVICES LTD,N1 7GU,N1,43210,active,electrical
08952709,DLV ELECTRICAL SERVICES LTD,NW10 1NU,NW,43210,active,electrical
09829874,AC ELECTRICAL GY LIMITED,DN37 9PE,DN,"33120,43210",active,electrical
SC622292,DELLCO GROUP LTD,G61 4NS,G6,43210,active,electrical
12465783,FIRST CALL GATE AUTOMATION LTD,S21 4BL,S2,"25990,43210,80200",active,electrical
13961547,NORTH WEST WALES ELECTRICAL LTD,LL49 9AP,LL,43210,active,electrical
SC498130,NGA ELECTRICAL SERVICES LTD,G5 0YE,G5,43210,active,electrical
05712296,POWER ON ELECTRICAL LIMITED,BD4 7BN,BD,43210,active,electrical
15287768,BELGRAY BUILDING LTD,B90 3RT,B9,"41201,41202,43210",active,electrical
14011758,REACTIVE M&E SERVICES LTD,CO4 5NE,CO,43210,active,electrical
13803187,BELFRY ELECTRICAL SERVICES LTD,B74 3EB,B7,43210,active,electrical
13939931,PROTECH ELECTRICS SERVICE LTD,NW2 2JP,NW,43210,active,electrical
12254277,DAVID KNIGHT ELECTRICAL LIMITED,YO32 9UZ,YO,43210,active,electrical
11189358,RF ELECTRICAL & MECHANICAL SERVICES LTD,SN12 7RD,SN,43210,active,electrical
11821718,BESPOKE LIGHTING AND ELECTRICAL LIMITED,NG4 3HF,NG,43210,active,electrical
13750356,COMPLETE ELETRICAL SOLUTIONS YORKS LIMITED,HG3 3QX,HG,43210,active,electrical
11811418,BCR ELECTRICAL LTD,NE6 4NW,NE,43210,active,electrical
13211036,ANY TIME ELECTRICIAN LIMITED,HA1 1BE,HA,43210,active,electrical
14459326,SRL ELECTRICAL SOLUTIONS LIMITED,S71 2DJ,S7,43210,active,electrical
09424317,CEAD ELECTRICAL LTD.,NG15 8EQ,NG,43210,active,electrical
04368056,ELECTRODYNE LIMITED,B96 6HS,B9,43210,active,electrical
09403525,HOLMWOOD ELECTRICAL SERVICES LIMITED,CO16 8YW,CO,43210,active,electrical
05375192,MAB ELECTRICS & MAINTENANCE LIMITED,TS17 5JL,TS,43210,active,electrical
14806636,ECO HUB (NW) LIMITED,PR1 8UJ,PR,"43210,43220",active,electrical
06902270,DAWSON ELECTRICAL (NORTH EAST) LIMITED,TS17 8GT,TS,43210,active,electrical
13214591,SWIFT ELECTRICS SW LTD,BS22 9BX,BS,43210,active,electrical
02878565,MANNINGS FACILITIES MANAGEMENT LIMITED,BS30 8XT,BS,"43210,43220",active,electrical
NI676633,ENCOM ENERGY LTD,BT3 9LE,BT,43210,active,electrical
10026214,GREY 17 LIMITED,SS7 2RD,SS,"43210,71122",active,electrical
11263419,HUGHES ELECTRIFICATION LIMITED,DN4 6RL,DN,"42120,43210",active,electrical
09706050,JP ELECTRIC LTD,HA8 5HL,HA,43210,active,electrical
04966765,RDB ELECTRICAL LIMITED,EX39 3BT,EX,43210,active,electrical
13183283,FENIX ELECTRICAL SERVICES LIMITED,ME15 6JZ,ME,43210,active,electrical
13267720,B-WIRED ELECTRICAL LTD,BS13 7HL,BS,43210,active,electrical
14718481,FORD ELECTRICAL SERVICES LTD,BS24 9AY,BS,43210,active,electrical
14562767,DAWSON AND SON ELECTRICAL LTD,BB5 2NY,BB,43210,active,electrical
14291673,ABF ELECTRICAL LTD,GU11 1TZ,GU,43210,active,electrical
05113665,ALL BRIGHT ELECTRICAL LIMITED,SO45 2LD,SO,43210,active,electrical
10032928,RENORA LIMITED,NW6 2DR,NW,43210,active,electrical
14688654,MKBSL LTD,RG5 4AN,RG,"43210,43220,45200,96090",active,electrical
12422501,WATERGAUGE MEP LIMITED,RM12 6LL,RM,"43210,43220",active,electrical
13741120,A H ELECTRICAL & EV SERVICES LTD,CM7 3JA,CM,"33140,43210",active,electrical
10590155,DARCH ELECTRICAL LIMITED,CF14 5JJ,CF,43210,active,electrical
14667317,MATTHEW PRIOR ELECTRICS LIMITED,WA10 2TF,WA,43210,active,electrical
14455715,A&B ENGINEERING MEP LIMITED,L13 6QA,L1,43210,active,electrical
08756859,MY ELECTRICAL CONTRACTORS LIMITED,YO7 2NL,YO,43210,active,electrical
13454546,NUVOLT LTD,CF5 2DP,CF,43210,active,electrical
04216932,LAIDLAW ELECTRICAL LIMITED,SM3 9HB,SM,43210,active,electrical
SC612586,API TECHNICAL (ELECTRICAL) LTD,ML3 7JB,ML,43210,active,electrical
SC624953,HILLTOWN ELECTRICAL LIMITED,DD3 8AP,DD,43210,active,electrical
05062555,TEDDI LTD,NG16 3PA,NG,43210,active,electrical
04321833,CLARITY IN SOUND LIGHT AND VISION LIMITED,CM17 0ET,CM,43210,active,electrical
07261837,YOUNG ELECTRICAL SERVICES LTD,CR0 6NU,CR,43210,active,electrical
14979485,CPM FIRE & ELECTRICAL SOLUTIONS LTD,DA2 7ER,DA,"43210,80200",active,electrical
03339551,TRIPLE POLE ELECTRICS LIMITED,RG8 0RB,RG,"27900,43210",active,electrical
08298012,J C ELECTRICAL & SECURITY SERVICES LTD,NE34 8AE,NE,43210,active,electrical
15301613,FORGED RENEWABLES LTD,RH5 4QE,RH,43210,active,electrical
13781977,BIG ELECTRICAL CONTRACTORS LIMITED,HP10 0DL,HP,43210,active,electrical
11234652,PRO-TEK SECURITAS LTD,WS10 8DE,WS,43210,active,electrical
11421913,TS ELECTRICAL CONTRACTORS LTD,LE4 1EB,LE,43210,active,electrical
10732485,LNG ELECTRICAL SERVICES LIMITED,LN6 9GX,LN,43210,active,electrical
06581836,DEVONOAK ELECTRICAL LIMITED,UB6 0RH,UB,43210,active,electrical
13221232,QUICK FIX ELECTRICS LTD,CV3 6NQ,CV,43210,active,electrical
05376540,C.A.P SECURITY LIMITED,BS15 8JF,BS,43210,active,electrical
09445690,K B ELECTRICAL (NORTH WEST) LIMITED,LA1 3RJ,LA,43210,active,electrical
09419584,ROMAN PROELECTROINSTAL LTD,ST17 9NW,ST,"43210,43999",active,electrical
16110555,TPLH LTD,N9 9HY,N9,43210,active,electrical
11819610,KD ELECTRICAL (LONDON) LTD,DA17 6FE,DA,43210,active,electrical
09461528,WILLIAMS ELECTRICAL CONTRACTORS (CYMRU) LTD,SA14 7NA,SA,43210,active,electrical
13926105,BAKONYI LTD,BN11 1XE,BN,43210,active,electrical
13229952,MA ELECTRICAL EXPERT LTD,CR4 1EF,CR,"43210,43220",active,electrical
08895766,GLADWIN ELECTRICAL SERVICES LIMITED,BS13 7TT,BS,43210,active,electrical
10639207,GATEWISE LTD,GL16 8JD,GL,43210,active,electrical
11212880,FULL BIT SYSTEMS LTD,NW9 6AA,NW,"43210,61900,62090,63120",active,electrical
16110655,BCR ELECTRICAL AND BUILDING SERVICES LIMITED,SM6 7AH,SM,43210,active,electrical
13901279,G&A SECURITY & ELECTRICAL SOLUTIONS LIMITED,NW6 1NB,NW,"43210,80200",active,electrical
13231794,WIRE LONDON ELECTRICAL LTD,HA4 7HQ,HA,43210,active,electrical
08874950,CV SUPPORT SERVICES LIMITED,LS25 2EH,LS,43210,active,electrical
08472263,PJ LANCASTER ELECTRICAL SERVICES LTD,LN1 2GJ,LN,43210,active,electrical
08402330,R M SERVICES (YORKSHIRE) LIMITED,HD9 6RJ,HD,43210,active,electrical
10598235,SPINTU LTD,TW8 0GB,TW,"43210,43220,43999,82990",active,electrical
09168814,MYSTIC ELECTRICAL LTD,HU5 4LN,HU,43210,active,electrical
13944856,HMT ELECTRICAL SERVICES LTD,CF39 8TT,CF,43210,active,electrical
13923497,MAYBURY ENERGY SERVICES LTD,CV6 5HE,CV,"43210,43220",active,electrical
13890682,ALLSERVE LONDON LTD,CM14 4BD,CM,"43210,43220,43999",active,electrical
13220139,NEXT GEN SMART HOMES LIMITED,MK1 1EW,MK,43210,active,electrical
08794917,HVE SOLUTIONS LIMITED,WA7 3EH,WA,43210,active,electrical
08483170,MORLEY ELECTRICAL CONTRACTORS LIMITED,SN4 0EU,SN,43210,active,electrical
08776629,GREG DYKES LTD,CO10 0NE,CO,43210,active,electrical
15909960,SMALLWOOD ENGINEERING SOLUTIONS LTD,B47 5RB,B4,"33200,43210,71129",active,electrical
14029398,CAMBRIDGE INTEGRATED SOLUTIONS LTD,BN16 4JL,BN,43210,active,electrical
15361073,DIGIPOPUP LTD,E12 5AD,E1,"43210,43220,43330,62020",active,electrical
15485987,SEE-EV LIMITED,IG6 3UT,IG,43210,active,electrical
16209754,POWERCORE ELECTRIC LIMITED,B11 3LU,B1,43210,active,electrical
08468786,INSPIRED ELECTRICAL CONTRACTORS LIMITED,GU11 3BA,GU,43210,active,electrical
SC729211,BOTHWELL ELECTRICAL SERVICES LTD,ML3 8QN,ML,43210,active,electrical
08997632,FK ELECTRICAL INSTALLATIONS LIMITED,LE1 3RW,LE,43210,active,electrical
SC835239,EGM MULTITRADE LTD,G81 5HW,G8,"43210,43320,49420",active,electrical
14800974,ECOHOLIC ENERGY LIMITED,B90 3QU,B9,43210,active,electrical
SC835274,LDP ELECTRICAL SOLUTIONS LTD,DD2 4ER,DD,"33140,43210",active,electrical
15439403,HAIGH SOLUTIONS LTD,WN2 1LF,WN,43210,active,electrical
12439110,ADVANCED INTEGRATED CONTROLS LTD,BD14 6EJ,BD,"27900,43210",active,electrical
09033170,HOUGHTON EX ELECTRICALS LIMITED,NE34 8PN,NE,43210,active,electrical
10135282,J3 ELECTRICAL SERVICES LIMITED,SA7 0AJ,SA,43210,active,electrical
SC730990,S.FIRTH ELECTRICAL LTD,EH48 2BW,EH,43210,active,electrical
04699014,BY-AIR CONDITIONING LIMITED,CO2 8HF,CO,43210,active,electrical
15412496,JOL GROUP LIMITED,RM14 3PJ,RM,43210,active,electrical
13834104,HYBRID RESPONSE LIMITED,BS16 5SE,BS,"33140,43210,43220",active,electrical
10098981,SOLARFARM SOLUTIONS LIMITED,CB1 2QG,CB,43210,active,electrical
14877714,I.K.D LIMITED,E6 3AA,E6,43210,active,electrical
15442627,WIRING BY WILLIAMS LTD,SA14 6LU,SA,43210,active,electrical
03167241,P.J.G. ELECTRICAL LIMITED,MK11 1AF,MK,43210,active,electrical
16208534,SRK SANJAY ENGINEERING LTD,TN40 1QF,TN,"41201,41202,43210,43220",active,electrical
10765594,SOMMERVILLE ELECTRICAL LTD,CH4 0XD,CH,43210,active,electrical
04199927,R. B. ELECTRICAL LIMITED,ME14 5DY,ME,43210,active,electrical
14122696,HENNESSEY ELECTRICAL LTD,BB4 5ED,BB,43210,active,electrical
09537119,MB ELECTRICAL (BEDFORD) LTD,MK40 2NR,MK,43210,active,electrical
SC594012,RIGHT CHOICE RENOVATIONS LTD,EH15 3BR,EH,"43210,43310,43320,43390",active,electrical
11752555,TOTAL ACCESS & SECURITY LIMITED,CB23 8AY,CB,"43210,80200",active,electrical
14614285,SYNERGY SOLAR LIMITED,TQ12 2HP,TQ,43210,active,electrical
12435148,WISEWULF SECURITY & ELECTRICAL LTD,WV5 9BP,WV,"43210,80200",active,electrical
06225397,JOWETT ELECTRICAL LIMITED,EN5 5SU,EN,43210,active,electrical
16158693,NTRT ELECTRICAL AND CONSTRUCTION LTD,DH1 1TW,DH,"43210,43390",active,electrical
05959382,KEIGHLEY LIFTS UK LTD,BD21 4PF,BD,43210,active,electrical
08509406,RYTON COMMUNICATIONS LTD,B15 1TH,B1,"42220,43210",active,electrical
12382839,M ELECTRICAL CONTRACTORS (LEEDS) LIMITED,CA6 4BU,CA,43210,active,electrical
12576447,ELECTRIC SPINACH LIMITED,CM4 0BE,CM,43210,active,electrical
13364437,ICON ELECTRICAL (UK) LTD,LL13 7HY,LL,43210,active,electrical
09565865,HEATHCOTE ELECTRICAL LTD,B79 7RB,B7,43210,active,electrical
16209100,VOLTEC SOLUTIONS LTD,DL6 2FU,DL,43210,active,electrical
04359059,D.A. BOWDLER (ELECTRICAL CONTRACTOR) LIMITED,OX17 2BW,OX,43210,active,electrical
12581008,FORBURY ELECTRICAL LIMITED,RG7 1WY,RG,43210,active,electrical
10081499,MLC SITE SERVICES LTD,B64 7BG,B6,43210,active,electrical
16210952,AJC ELECTRICAL INSTALLATION AND MAINTENANCE LTD,WA8 3YY,WA,"33140,43210,61900",active,electrical
11976619,STAFFORDSHIRE ELECTRICAL UK LIMITED,CW1 6EA,CW,43210,active,electrical
09980526,HANKS ELECTRICAL LTD,GL52 6HS,GL,43210,active,electrical
12715611,APOLLO PROPERTY MAINTENANCE LTD,N1 7JU,N1,"41100,43210,68100,68209",active,electrical
14033315,ELLIS & SON ELECTRICAL CONTRACTORS LTD,RM7 8QB,RM,43210,active,electrical
SC794826,RME ENGINEERING SERVICES LTD,G76 9AS,G7,"43210,43220,74100",active,electrical
12552944,DJ BROOME ELECTRICAL LTD,EX2 7BX,EX,43210,active,electrical
15373533,J&S ELECTRICAL AND GAS LTD,BB12 0AS,BB,43210,active,electrical
11943563,T3C4 LIMITED,GL19 4LE,GL,43210,active,electrical
06171084,SH ELECTRICAL SERVICES LTD,EX31 3JE,EX,43210,active,electrical
14084914,GPSS ELECTRICAL ENGINEERS LTD,DY6 7LQ,DY,43210,active,electrical
14627951,NOVOSPACE LTD,SW11 4SD,SW,"41100,43210,43220,74100",active,electrical
14827640,C. K. W CONTRACTORS LTD,SO30 2SR,SO,"43210,43220,43290",active,electrical
10704098,WEDO ELECTRICS LTD,W3 6AY,W3,43210,active,electrical
10725272,VOITEX ELECTRICAL LTD,W3 0PH,W3,43210,active,electrical
11995038,ALMIGHTY ELECTRICAL SERVICES LTD,GU14 8EL,GU,43210,active,electrical
16208372,SHIRES PROPERTY LTD,S80 1UT,S8,"43210,68100",active,electrical
04736173,AIRTEC (UK) LTD,RM12 4YL,RM,"43210,43999",active,electrical
09772090,MDS ELECTRICAL SERVICES LTD,TW5 9WA,TW,43210,active,electrical
14602453,RUSSELL ELECTRICAL CONTRACTORS LIMITED,PO7 7DT,PO,43210,active,electrical
SC712440,GUARDIAN FIRE & SECURITY SERVICES LTD,PH13 9BA,PH,43210,active,electrical
14831055,DJ ELECTROTECH LTD,PE1 3DW,PE,43210,active,electrical
08024060,JDS ELECTRICAL SOLUTIONS LIMITED,CB10 2ET,CB,43210,active,electrical
13320781,EAST SUSSEX ELECTRICAL CONTRACTORS LTD,BN27 1HH,BN,43210,active,electrical
11805521,CAMP ELECTRICAL CONTRACTORS LIMITED,PO19 8FX,PO,43210,active,electrical
11053671,KX ELECTRICAL CONTRACTORS LTD,B98 8LG,B9,43210,active,electrical
14611785,LONDON EMERGENCY ELECTRICS LTD,WC2H 9JQ,WC,"42220,43210",active,electrical
08036428,DISC ELECTRICAL (NANTWICH) LIMITED,CH62 3QG,CH,43210,active,electrical
05124764,HARRISON WEAVER ELECTRICALS LIMITED,PR4 2TZ,PR,43210,active,electrical
16208394,DELTA ELECTRICAL NW LTD,M18 8EF,M1,43210,active,electrical
01710838,MARTIN & GERARD ELECTRICAL CONTRACTORS LIMITED,HG2 8PB,HG,43210,active,electrical
11343680,R V ELECTRICAL LIMITED,YO8 6EL,YO,43210,active,electrical
06552353,BGF FIRE & ELECTRICAL SOLUTIONS LIMITED,LE18 2JA,LE,43210,active,electrical
12580360,PBMBUILDINGSERVICES LTD,BH16 6FA,BH,43210,active,electrical
SC595512,INDY SERVICES LTD,EH12 8JH,EH,43210,active,electrical
13407087,BALDEON SOLUTIONS LIMITED,TS1 1DE,TS,43210,active,electrical
09398311,GRANGE ELECTRICAL AND SECURITY LIMITED,M26 3GF,M2,43210,active,electrical
08026675,FRANCIS TOD ELECTRICAL LIMITED,LE16 9HE,LE,43210,active,electrical
15434491,DYNAMIC CONTROLS & MAINTENANCE LTD,EC1V 2NX,EC,43210,active,electrical
15443180,ELITE ELECTRICAL CONTRACTORS SOUTH EAST LIMITED,IG8 8EY,IG,43210,active,electrical
11310680,TRISTAR GLOBAL ELECTRICAL LIMITED,MK44 1LQ,MK,43210,active,electrical
11926039,LCI SOLUTIONS LIMITED,EN9 1JH,EN,43210,active,electrical
13345267,TOMSERV LTD,HU18 1EF,HU,43210,active,electrical
10119330,A I ELECTRICAL & RENEWABLES LIMITED,PR3 1PE,PR,43210,active,electrical
13641361,GEORGE BACH LTD,HP1 2BU,HP,43210,active,electrical
04719950,C.P.S. ELECTRICAL CONTRACTORS LIMITED,DH5 0RH,DH,43210,active,electrical
16211620,ZED ELECTRICAL LIMITED,BL5 3UX,BL,43210,active,electrical
10206837,EV HORIZONS LTD,RH13 9XY,RH,"43210,74909",active,electrical
08973234,GAB ELECTRICAL LTD,BL1 7BQ,BL,43210,active,electrical
15417175,SISMEP INSTALLATIONS LTD,UB6 7AL,UB,"43210,43220",active,electrical
08015321,RSW (KENT) LIMITED,ME8 9SG,ME,43210,active,electrical
SC835598,MACDONALD ELECTRICAL SERVICES LTD,G13 4BN,G1,43210,active,electrical
09973274,MCE SW LTD,PL1 3HQ,PL,43210,active,electrical
02725889,BURFIELD ELECTRICAL LIMITED,WC1N 3AX,WC,43210,active,electrical
15384125,C & G P LTD,RG17 0NL,RG,"43210,43220,43290,46690",active,electrical
14617845,BUTLERS ELECTRICAL LIMITED,LU7 4SS,LU,43210,active,electrical
05067895,EAVES DEVELOPMENTS LIMITED,E5 8AJ,E5,"43210,68100,68209,68320",active,electrical
11290743,WILLCOX LIMITED,CV37 8QL,CV,43210,active,electrical
06884187,SIMKINS & WOODWARD ELECTRICAL LIMITED,B72 1AF,B7,43210,active,electrical
13365175,ECO-VOLTZ LTD,CV4 9FJ,CV,43210,active,electrical
12572558,REPTICOMM ELECTRICAL LTD,BB1 3HQ,BB,43210,active,electrical
13350008,ASHGOOD'S ELECTRICAL AND MAINTENANCE LTD,RG19 6HW,RG,43210,active,electrical
08421114,KES (SW) LIMITED,PL4 0ST,PL,43210,active,electrical
SC797688,BEYANT INSTALLS LTD,G53 7UZ,G5,43210,active,electrical
15412888,EV LASTING SOLUTIONS LTD,N1 7GU,N1,"43210,62090,82990",active,electrical
13358075,PROACTIVE ELECTRICAL LTD,S80 2NP,S8,43210,active,electrical
SC603095,MAC TECHNICAL SERVICES LTD,IV5 7AB,IV,43210,active,electrical
06868878,SPARKS ELECTRICAL CONTRACTORS LIMITED,YO42 2QG,YO,43210,active,electrical
15434940,GREEN FOX ELECTRICAL LTD,PO15 5EG,PO,43210,active,electrical
11600441,BAZZ CONSTRUCTION LIMITED,W4 3LX,W4,"43210,43220,43290,43390",active,electrical
11578210,LANGLEY ELECTRICAL CONTRACTORS LIMITED,WD4 8LZ,WD,43210,active,electrical
14022379,DOUBLE M ELECTRICAL LIMITED,CT12 6SJ,CT,43210,active,electrical
10575690,SALUS FIRE LTD,MK45 4GS,MK,43210,active,electrical
15418577,SAMUEL DAVIES ELECTRICIAN LTD,SA71 4TP,SA,43210,active,electrical
09388946,HOLLINGUM ELECTRICAL LTD,BN21 4NN,BN,43210,active,electrical
11955291,MANI ELECTRICAL LTD,DE1 1TN,DE,43210,active,electrical
16214452,GOLDTHORNE PROPERTIES LTD,SL6 3LS,SL,"43210,74100",active,electrical
14064156,STONE ELECTRICAL SERVICES NW LIMITED,CH41 7EG,CH,43210,active,electrical
14148300,DR RICH ELECTRICS LTD,SW6 3AA,SW,"43210,71200",active,electrical
14033253,NTI ELECTRICAL LTD,NR32 4JQ,NR,43210,active,electrical
13258367,MEW ELECTRICAL CONTRACTOR LTD,NG10 5BT,NG,43210,active,electrical
15852881,WATSON CONSULTANCY LTD,LE12 5SP,LE,"42990,43120,43210",active,electrical
16217329,BACON ELECTRICAL SERVICES LIMITED,PE31 7NY,PE,43210,active,electrical
SC626298,CR ELECTRICAL (ABERDEEN) LTD,DD10 0PB,DD,43210,active,electrical
14042464,ENERGOSYS LTD,WC1N 3AX,WC,"43210,46900,47990",active,electrical
07108810,UNIVERSAL PROTECTION LIMITED,WD24 4FT,WD,43210,active,electrical
12403140,DM ELECTRICAL CONTRACTOR'S LTD,SR7 0EY,SR,43210,active,electrical
16217713,HITCHY LTD,EC2A 4NE,EC,43210,active,electrical
16217795,POWER.FENO LTD,HA1 3BA,HA,43210,active,electrical
11939927,C-LEWIS SOUTHEAST LTD,RH4 1NX,RH,"43210,43220",active,electrical
11305287,D M F ELECTRICAL LTD,SM4 5NA,SM,43210,active,electrical
SC680333,LJH ELECTRICAL CONTRACTOR LTD,PH1 3QH,PH,43210,active,electrical
SC296964,DYCE ELECTRICAL LIMITED,AB21 0ZR,AB,43210,active,electrical
11287951,BING BUILDING LTD,NP25 5RW,NP,"41100,41202,43120,43210",active,electrical
15449217,VOLTEX ELECTRICAL SYSTEMS LIMITED,BN27 1DW,BN,43210,active,electrical
08480254,HORSE SHOE SECURITY LIMITED,CR0 0XZ,CR,43210,active,electrical
11320459,PLATINUM ELEC LTD,M6 8QA,M6,43210,active,electrical
06876039,C N A INSTALLATIONS LTD,BL9 0DZ,BL,43210,active,electrical
12575937,ELEQUIK LTD,CF3 3EB,CF,43210,active,electrical
SC733163,CLYDE ELECTRICAL SERVICES LTD,PA18 6DX,PA,43210,active,electrical
SC835808,DELMAR ELECTRICAL LTD,AB15 8DG,AB,"33140,43210",active,electrical
04581809,ELKIM LIMITED,TS26 8AH,TS,43210,active,electrical
11335004,ABL SERVICES LTD,HR6 8JT,HR,"43210,43341",active,electrical
09667146,DOWNES INDEPENDENT CONSULTANT LIMITED,BS7 9QU,BS,"43210,71122",active,electrical
11315787,LLB SERVICES LTD,PE15 8AN,PE,"43210,43290,62020",active,electrical
13328720,ESCALADE SOLUTIONS LTD,HA3 8PF,HA,43210,active,electrical
13825981,EDC PROJECTS LTD,PE13 4JA,PE,"41100,41202,43210,43390",active,electrical
04755012,BRITAINS LIMITED,DA5 2BN,DA,"43210,43220",active,electrical
15089564,DLUX-PRO MAINTENANCE & CONSTRUCTION LTD,B14 4JD,B1,"41201,41202,43210,43220",active,electrical
NI612389,GK WHITE ELECTRICAL SERVICES LTD,BT29 4TF,BT,43210,active,electrical
14044611,PETER JAMES ELECTRICAL & MECHANICAL SERVICES LTD,PE28 0LT,PE,"43210,43220,43390",active,electrical
