vertical,city,businessName,phone,address,postcode,website,rating,reviewCount,source
nails,Manchester,"Townhouse Nail Salon, Manchester King Street",+44 20 7947 0100,"34 King St, Manchester M2 6AZ, United Kingdom",,https://townhouse.co.uk/locations/manchester/?utm_source=google&utm_medium=organic_gbp&utm_campaign=north,4.8,325,apify
nails,Manchester,Bella Naillash – Nail Salon Manchester,+44 7356 268849,"United Kingdom, Manchester, Princess St, China Town邮政编码: M1 4LB",,https://www.bellanaillash.com/book-online,5,217,apify
nails,Manchester,Shuku Nail Spa,,"Suite 117, Phenix Salon Suites, 1 Deansgate, Manchester M3 1AZ, United Kingdom",,https://shuku.co.uk/,5,71,apify
nails,Manchester,The Glow Nail & Beauty,+44 7496 806666,"Suite 104, within phenix salon suites, No. 1 Deansgate, Manchester M3 1AZ, United Kingdom",,https://linktr.ee/FaraNNail,5,59,apify
nails,Manchester,Yulia Hamilton Nails & Beauty,+44 7858 358562,"40 Laystall St, Manchester M1 2JQ, United Kingdom",,https://www.mcrnails.co.uk/?utm_source=google&utm_medium=wix_google_business_profile&utm_campaign=8432878723751390110,4.8,686,apify
nails,Manchester,Bella Spa,+44 7554 012698,"12 Faraday St, Manchester M1 1BE, United Kingdom",,https://www.instagram.com/bellaspa_manchester/,4.9,3486,apify
nails,Manchester,Love Nails Manchester,+44 161 222 3690,"28 Blackfriars St, Salford M3 5BQ, United Kingdom",,https://instagram.com/m_lovenails_?igshid=YmMyMTA2M2Y=,4.7,142,apify
nails,Manchester,LILLY NAIL AND BEAUTY MANCHESTER,+44 161 425 5858,"14-16 Whitworth St, Manchester M1 3BS, United Kingdom",,http://www.lillynailnbeauty.co.uk/,4.5,657,apify
nails,Manchester,Bisou Nail Studio,+44 7888 697303,"73-75 Lever St, Manchester M1 2AP, United Kingdom",,,4.7,40,apify
nails,Manchester,ACE NAILS,,"Suite 103, within phenix salon suites, 1 Deansgate, Manchester M3 1AZ, United Kingdom",,http://instagram.com/acenailsmcr/,4.9,170,apify
electrician,Manchester,R K Electrical Services ltd,+44 7971 189285,"9 Hawthorn Way, Ashgate, Chesterfield S42 7JS, United Kingdom",,http://www.rkelectricalltd.co.uk/,5,20,apify
electrician,Manchester,AF Electrical & Mechanical Contractors,+44 1332 648599,"19 St Christopher's Way, Derby DE24 8JY, United Kingdom",,http://www.afelectricalcontractors.co.uk/,4.9,135,apify
electrician,Manchester,WDS Electrical Services LTD,+44 7534 262216,"W End Rd, Benington, Boston PE22 0BU, United Kingdom",,http://www.wds-electrical.co.uk/,5,3,apify
electrician,Manchester,AK Electrical Services,+44 7888 731205,"Brooklyn Ave, Manchester M16 0BY, United Kingdom",,http://akelectricians.co.uk/,5,279,apify
electrician,Manchester,EV Charging Solutions,+44 115 966 4895,"Daleside House, Calverton, Nottingham NG14 6LL, United Kingdom",,https://evchargingsolutions.co.uk/,4.2,23,apify
electrician,Manchester,Phil's Auto Electrics ltd,+44 7868 550631,"14 The Triangle, Ilkeston DE7 4AP, United Kingdom",,https://www.facebook.com/profile.php?id=100091121261678,4.5,83,apify
electrician,Manchester,The Emergency Electricians,+44 7703 295654,"39 Slade Ln, Levenshulme, Manchester M13 0QJ, United Kingdom",,https://www.theemergencyelectricians.co.uk/,5,257,apify
electrician,Manchester,AH Electrical Services,,,,http://ahelectricalservices.co.uk/,5,407,apify
electrician,Manchester,24 Hour Electrician Manchester,+44 161 531 8870,"32 Dean St, Manchester M4 5BG, United Kingdom",,https://mcr24hrelectrician.lovable.app/,4.9,55,apify
dog_groomers,Manchester,"Arch & Bark Ltd, Manchester City Centre Dog Groomers",+44 7776 765473,"4 Mirabel St, Cheetham Hill, Manchester M3 1PJ, United Kingdom",,https://www.archandbark.co.uk/,5,10,apify
dog_groomers,Manchester,Puppy Power Mobile Dog Grooming,+44 7926 523732,"3 Imperial Wy, Manchester M9 8GQ, United Kingdom",,,4.3,44,apify
dog_groomers,Manchester,The Barkside Manchester City Centre,+44 7876 623579,"Richmond House, Travis St, Manchester M1 2NF, United Kingdom",,http://www.thebarksidemcr.co.uk/,4.9,131,apify
dog_groomers,Manchester,THEO'S,+44 7590 194347,"Lancaster House, 80 Princess St, Manchester M1 6NF, United Kingdom",,https://www.theosdogs.co.uk/,4.9,18,apify
dog_groomers,Manchester,Garden Tails,+44 7726 429209,"6 Rectory Ave, Prestwich, Manchester M25 1DE, United Kingdom",,https://www.gardentails.co.uk/?utm_source=google&utm_medium=wix_google_business_profile&utm_campaign=7680167830431826678,5,105,apify
dog_groomers,Manchester,Woof To Wag,+44 7963 592498,"59 Doncaster Ave, Withington, Manchester M20 1DH, United Kingdom",,,5,11,apify
dog_groomers,Manchester,J.C Pets pamper & Groom,+44 7769 721750,"95 Vine St, Abbey Hey, Manchester M18 8SR, United Kingdom",,,4.8,18,apify
dog_groomers,Manchester,Shearzam dog grooming,+44 7850 799266,"2, Manchester M18 7BF, United Kingdom",,,5,23,apify
dog_groomers,Manchester,Loubie Lou’s Dog Grooming,+44 7494 755736,"444 Hollinwood Ave, Manchester M40 0JH, United Kingdom",,,5,21,apify
dog_groomers,Manchester,"The Mutts Club, Manchester City Centre Dog Grooming",+44 161 413 3969,"Unit 5, The Mutts Club, 2 Lampwick Ln, Manchester M4 6BU, United Kingdom",,http://www.themuttsclub.co.uk/,4.9,76,apify
cleaners,Manchester,Cleaner in Manchester (0161) Ltd,+44 161 710 4789,"St James Tower, 7 Charlotte St, Manchester M1 4DZ, United Kingdom",,https://0161cleanerinmanchester.co.uk/,4.9,29,apify
cleaners,Manchester,Cleaners With Pride,+44 7840 017649,"23 Pattishall Cl, Manchester M4 7DU, United Kingdom",,https://www.cleanerswithpride.co.uk/,4.9,804,apify
cleaners,Manchester,"The 3D Laundry & Dry Cleaning Services - Laundry Services Manchester, free pick up and 24-hour delivery.book online",+44 7553 960088,"78 Stockport Rd, Ardwick, Manchester M12 6AL, United Kingdom",,https://3dlaundry.co.uk/,4.7,53,apify
cleaners,Manchester,Frontline Cleaners Manchester.,+44 7513 442399,"Bartle House, 9 Oxford Ct, Manchester M2 3WQ, United Kingdom",,http://frontlineexpress.co.uk/,4.8,51,apify
cleaners,Manchester,Manchester Dry Cleaners,+44 161 832 5863,"24 Red Bank, Cheetham Hill, Manchester M4 4HF, United Kingdom",,http://www.manchester-dry-cleaners.co.uk/,4.7,98,apify
cleaners,Manchester,Manchester Cleaner,+44 161 823 0200,"58 Oldham Rd, Ancoats, Manchester M4 5EE, United Kingdom",,https://www.manchestercleaner.co.uk/,5,2,apify
cleaners,Manchester,Village Dry Cleaners Limited,+44 161 860 4451,"38 Manchester Rd, Chorlton-cum-Hardy, Manchester M21 9PH, United Kingdom",,http://www.villagedrycleaners.com/,4.6,194,apify
cleaners,Manchester,Atlas Dry cleaning laundrette and tailoring services Manchester,+44 161 256 4545,"10B Wilmslow Rd, Manchester M14 5TP, United Kingdom",,,4.2,199,apify
cleaners,Manchester,Morio Cleaners Manchester Ltd,+44 7380 736728,"31 Thurlwood Ave, Manchester M20 1DZ, United Kingdom",,,4.8,6,apify
cleaners,Manchester,Manchester House Cleaning Services,+44 161 676 2888,"61 Mosley St, Manchester M2 3HZ, United Kingdom",,https://www.manchesterhousecleaningservices.co.uk/,4.9,201,apify
hair,Manchester,LoA Tokyo Manchester,+44 7778 432650,"38 Spear St, Manchester M1 1AS, United Kingdom",,,4.9,165,apify
hair,Manchester,Melissa Timperley Hair Salon,+44 161 834 5945,"City Centre, 67 Tib St, Manchester M4 1LS, United Kingdom",,http://www.melissa-salons.com/?utm_source=gmb&utm_medium=Organic&utm_campaign=gmb%20traffic,4.9,668,apify
hair,Manchester,Manchester Curly Hairdresser : Tori Styless,+44 7479 926079,"Unit 7, 8 King St, Manchester M2 4LQ, United Kingdom",,https://toristyless.as.me/,5,10,apify
hair,Manchester,Rush Hair Manchester,+44 161 241 7618,"69 Deansgate, Manchester M3 2BW, United Kingdom",,https://www.rush.co.uk/salons/manchester,4.3,604,apify
hair,Manchester,The Studio,+44 161 236 4182,"10 Stevenson Square, Manchester M1 1FB, United Kingdom",,http://www.thestudiomanchester.co.uk/,5,211,apify
hair,Manchester,HAIR,+44 7930 612668,"63a Faulkner St, Manchester M1 4FF, United Kingdom",,,4.6,110,apify
hair,Manchester,RCNQ,+44 161 222 0200,"16 Whittle St, Manchester M4 1LT, United Kingdom",,http://www.rcnq.co.uk/,4.8,761,apify
hair,Manchester,Shade Hair Mcr,+44 7417 547070,"86 Princess St, Manchester M1 6NG, United Kingdom",,http://www.shademcr.com/,4.9,135,apify
hair,Manchester,Vox Hairdressing,+44 161 637 4077,"City Centre, 50 Port St, Manchester M1 2EQ, United Kingdom",,http://www.voxhairdressing.com/,4.9,707,apify
hair,Manchester,Love Is In The Hair by Aggela - Ancoats,+44 161 526 1474,"22 Swan St, Manchester M4 5JQ, United Kingdom",,https://hairbyaggela.co.uk/,4.9,174,apify
beauty,Manchester,Beauty and Bubbles,+44 161 228 3375,"47 Dale St, Manchester M1 2HF, United Kingdom",,https://www.beautyandbubbles.co.uk/,4.7,1413,apify
beauty,Manchester,Deluxe Beauty Lounge Manchester | Beauty Salon,+44 7481 250920,"24 Blackfriars St, Salford M3 5BQ, United Kingdom",,https://deluxebeautylounge.co.uk/,4.8,44,apify
beauty,Manchester,Cut & Glow hair and beauty,+44 7348 131852,"Market, Manchester Arndale, 49 Market street,Indide, Manchester M4 3AH, United Kingdom",,,5,96,apify
beauty,Manchester,MS Beauty Salon,+44 7903 916231,"65 Peter St, Manchester M2 5PB, United Kingdom",,https://msbeautysalon.uk/,5,35,apify
beauty,Manchester,Manchester Beauty,+44 7554 456907,"21 Saddlewood Ave, Manchester M19 1QW, United Kingdom",,,4.8,43,apify
beauty,Manchester,GlamAura Hair & Beauty Salon,+44 7407 742227,"Ste 9 - 1st Floor, The Point Building, 173 175 Cheetham Hill Rd, Cheetham Hill, Manchester M8 8LG, United Kingdom",,http://www.glam-aura.co.uk/,5,613,apify
beauty,Manchester,Nataya Beauty,+44 161 390 0121,"First Floor, Pleer House, 1 Fennel St, Manchester M4 3DU, United Kingdom",,https://natayabeauty.co.uk/,4.8,113,apify
lashes,Manchester,Lash Loft Manchester,,"Beehive Mill, Ancoats, Manchester M4 6JG, United Kingdom",,https://linktr.ee/lashloftmcr?utm_source=linktree_profile_share&ltsid=bc91f089-a2c0-4584-b2ca-58050d32b4f1,5,13,apify
lashes,Manchester,London Lash - Biab Nails Manchester - Eyelashes & Eyebrow,+44 7874 909728,"4th floor, Gainsborough House, buzz 501 enter, 109 Portland St, Manchester M1 6DN, United Kingdom",,https://london-lash.com/,4.9,337,apify
lashes,Manchester,La Belle Lashes & Brows in Manchester,+44 7510 630654,"49 Piccadilly, Manchester M1 2AP, United Kingdom",,https://www.instagram.com/labellebeautyyy,5,30,apify
lashes,Manchester,Savage BeautyLuxe - Lash Extension & Brows - Piccadilly gardens,+44 7423 032987,"7 Charlotte St, Manchester M1 4DZ, United Kingdom",,https://savagebeautyluxe.co.uk/,5,24,apify
lashes,Manchester,All Eyes by Laura,,"66 Ellesmere St, Manchester M15 4QT, United Kingdom",,http://www.instagram.com/alleyesbylaura,5,111,apify
lashes,Manchester,Linh Beauty,+44 7894 556789,"19 Spring Gardens, Manchester M2 1FB, United Kingdom",,https://widget.treatwell.co.uk/place/linh-beauty/?utm_medium=partner-ecosystem&utm_campaign=partner-instagram&utm_content=book-now,4.5,75,apify
lashes,Manchester,Underaura - Lash Tech Manchester city centre,+44 7454 925669,"74 Princess St, Manchester M1 6JD, United Kingdom",,https://www.phorest.com/salon/theshallowslimited/book/services?staffId=v1llywF7nOXfLooS2xlECA,5,10,apify
lashes,Manchester,C•LOVE BEAUTY UK,+44 7775 830096,"Ste 516, 49 Piccadilly, Manchester M1 2AP, United Kingdom",,http://clovebeautyuk.gettimely.com/,4.8,16,apify
lashes,Manchester,Eyelash extension Manchester & permanent make up,+44 7593 604629,"151 Eccles Old Rd, Salford M6 8FH, United Kingdom",,https://www.facebook.com/eyelashextensions.manchester.1,5,11,apify
car_detailers,Manchester,Vulpix Car Detailing Manchester,07999 716916,"Unit 1 Lower Wharf Street, ASHTON-UNDER-LYNE OL6 7PE",,,5,266,apify
car_detailers,Manchester,Fresh Car Valeting Manchester,,"4 Whitworth St, Piccadilly, Manchester M1 3BR, United Kingdom",,https://www.freshcar.co.uk/england-locations/north-west/car-valeting-manchester/,4.9,411,apify
car_detailers,Manchester,Lukas Car Detailing Manchester,,"Unit 8A Reliance St, Manchester M40 3AG, United Kingdom",,https://www.lukascardetailing.co.uk/,5,57,apify
car_detailers,Manchester,M14 Valeters,+44 7440 151765,"Printworks Ln, Manchester M19 3HS, United Kingdom",,https://www.m14valeters.co.uk/,5,98,apify
car_detailers,Manchester,H6 Car Studio,,"137 Fairfield St, Manchester M12 6FJ, United Kingdom",,https://h6carstudio.com/,4.6,201,apify
car_detailers,Manchester,Central Auto Clean EST 1962,+44 161 273 1906,"351 Stockport Rd, Longsight, Manchester M13 0LF, United Kingdom",,https://centralautoclean.co.uk/,4.8,817,apify
car_detailers,Manchester,ARC ELITE DETAILING,+44 7984 499931,"universal square, Devonshire St N, Manchester M12 6JH, United Kingdom",,,5,8,apify
car_detailers,Manchester,Manchester Car Spa,+44 7547 332227,"Parrs Wood Rd, Manchester M20 5NH, United Kingdom",,https://www.facebook.com/manchestercarspa,5,2,apify
car_detailers,Manchester,2 GLOSSY VALETS AND DETAILING,+44 7958 384862,"6 Owen St., Manchester M15 4TQ, United Kingdom",,https://my2glossy.com/,4.8,19,apify
driving_instructors,Manchester,Astra Driving School Manchester,+44 7758 837589,"11 Bowling Green Ln., Longsight, Manchester M12 5FZ, United Kingdom",,https://astradrivingschool.com/,4.9,315,apify
driving_instructors,Manchester,Suja Driving School Manchester - Intensive Driving Lessons & Driving Crash Course Manchester,+44 333 322 2233,"Peter House, Oxford St, Manchester M1 5AE, United Kingdom",,https://sujadrivingschool.co.uk/,4.8,2234,apify
driving_instructors,Manchester,Make It Driving School Manchester | Manual and Automatic Driving Lessons in Manchester | Best Intensive Driving Courses,+44 7301 626872,"Smalldale Ave, Manchester M16 7JH, United Kingdom",,https://www.makeitdrivingschool.co.uk/,5,142,apify
driving_instructors,Manchester,Round the Bends (Manual & Automatic) Driving School Manchester,+44 7402 905394,"7 Whalley Ave, Levenshulme, Manchester M19 3FD, United Kingdom",,http://roundthebends.com/,4.9,593,apify
driving_instructors,Manchester,Impulse Driving School - Manchester,+44 161 492 0547,"Spaces, 2 Oxford St, Manchester M1 5AN, United Kingdom",,https://impulsedrive.co.uk/,5,594,apify
driving_instructors,Manchester,ZK Driving School (Manchester),+44 7539 046284,"115 Russell St, Manchester M16 7JL, United Kingdom",,https://zkdrivingschool.co.uk/,5,73,apify
driving_instructors,Manchester,Best Drive School of Motoring | Driving Lessons Manchester,+44 7930 921226,"131 Manley Rd, Manchester M16 8WE, United Kingdom",,https://bestdrive.co.uk/,5,778,apify
driving_instructors,Manchester,Uncle Joe's Driving School,+44 7951 982866,"Unit 113, Uncle Joe's Driving School, 2 Hellidon Cl, Ardwick, Manchester M12 4AH, United Kingdom",,http://www.passwithunclejoe.co.uk/,4.9,440,apify
driving_instructors,Manchester,Express Pass Driving School Ltd,,"167 Waterloo Rd, Cheetham Hill, Manchester M8 8BT, United Kingdom",,https://expresspass.co.uk/,5,763,apify
driving_instructors,Manchester,SMH (Automatic) Driving School Manchester,+44 7883 913604,"4 Edlin Cl, Manchester M12 4WG, United Kingdom",,http://www.smhdrivingschoolmanchester.co.uk/,5,252,apify
gardeners,Manchester,House of Dreams Manchester,+44 7310 241431,,,https://hofdreams.co.uk/?utm_source=google+organic&utm_medium=organic&utm_campaign=google+my+business,5,74,apify
gardeners,Manchester,Manchester Green Glow,+44 7947 329197,,,https://manchestergreenglow.co.uk/,5,21,apify
gardeners,Manchester,Seaforde Gardens & Tropical Butterfly House,+44 28 4481 1225,"Seaforde, Downpatrick BT30 8PG, United Kingdom",,http://www.seafordegardens.com/,4.5,934,apify
gardeners,Manchester,CleanCuts Lawn Kings • Property/Grounds Maintenance,+44 7455 726179,"Claremont Rd, Manchester M14 4TS, United Kingdom",,https://cleancutsmcr.co.uk/,4.9,500,apify
gardeners,Manchester,James Moran Gardening,+44 7771 895813,,,,5,14,apify
gardeners,Manchester,Manchester Gardening,+44 7843 187401,,,https://manchester-gardening.co.uk/,4.3,6,apify
gardeners,Manchester,Eco-Gardener,+44 7785 708185,"Leyland Ave, Manchester M20 6EW, United Kingdom",,http://www.eco-gardener.co.uk/,5,14,apify
gardeners,Manchester,KMR Gardens & Landscapes,+44 7926 900922,"194 Lloyd St S, Fallowfield, Manchester M14 7DY, United Kingdom",,http://kmr-gardens-and-landscapes.co.uk/,4.9,50,apify
gardeners,Manchester,Failsworth Landscapes and Gardens,+44 7377 373153,"39 Rolls Cres, Hulme, Manchester M15 5FT, United Kingdom",,http://trimnhedgegardenmaintenance.com/,5,27,apify
gardeners,Manchester,Firswood Gardens,+44 7536 981445,"Rye Bank Rd, Old Trafford, Stretford, Manchester M16 0HS, United Kingdom",,http://www.firswoodgardens.co.uk/,5,12,apify
weddings,Manchester,Ally M Photography - Manchester Wedding Photographer,+44 7824 862520,"2 Ltd, Cubo Manchester, 1 Spinningfields Quay St, Manchestere M3 3JE, United Kingdom",,https://allym.photography/,5,79,apify
weddings,Manchester,BeardedCamera | Manchester Wedding Photographer | Manchester Wedding Photography,+44 7541 089528,"Apt 1120, 12 Leftbank, Manchester M3 3AH, United Kingdom",,https://www.beardedcamera.com/,5,50,apify
weddings,Manchester,Danarus Photostudio,+44 7428 664274,"468 Burnage Ln, Manchester M19 1LH, United Kingdom",,https://www.danarusphotostudio.co.uk/contact,4.6,293,apify
weddings,Manchester,Joe Hague Photography,+44 7561 306410,"42 Merton Rd, Prestwich, Manchester M25 1PL, United Kingdom",,http://www.joehaguephotography.com/,5,41,apify
weddings,Manchester,Rebecca Conway Photography,+44 161 960 0225,"Rebecca Conway Photography, Turner Business Centre, Greengate, Middleton, Manchester M24 1RU, United Kingdom",,https://www.rebeccaconway.co.uk/,4.9,38,apify
weddings,Manchester,Olpa Photography,+44 7415 470956,"Grosvenor St, Manchester M13 9UY, United Kingdom",,https://olpa-photography.co.uk/,5,49,apify
weddings,Manchester,GNPHOTO,+44 7940 404024,"70 Mayford Rd, Levenshulme, Manchester M19 3DP, United Kingdom",,https://www.gnphoto.co.uk/,5,44,apify
weddings,Manchester,Rob Clayton Photography,+44 7814 526220,,,http://www.robclaytonphotography.co.uk/,5,96,apify
weddings,Manchester,James Melia Studio,,"James Melia Studio, Graphite House, Paddock St, Manchester M12 6HT, United Kingdom",,https://jamesmelia.co/,5,938,apify
weddings,Manchester,Eddie Studios Limited,+44 7412 705560,"Eddie Studios Limited, Miles Platting, Manchester M40 8BB, United Kingdom",,,5,67,apify
electrician,Liverpool,MERSEY ELECTRICAL LTD,,,L3 9LQ,,,,powuk
electrician,Liverpool,KMCMAHON ELECTRICAL LTD,,,L13 9BN,,,,powuk
electrician,Liverpool,ISLADORE LIMITED,,,L12 7JB,,,,powuk
electrician,Liverpool,JF ELECTRICS LTD,,,L18 1DG,,,,powuk
electrician,Liverpool,EES CONTRACTS LTD,,,L37 3NP,,,,powuk
electrician,Liverpool,AIGBURTH ELECTRICAL LTD,,,L17 9PS,,,,powuk
electrician,Liverpool,BEECHWOOD ELECTRICAL CONTRACTING LIMITED,,,L20 7DA,,,,powuk
electrician,Liverpool,J & J HOMES LTD,,,L18 1DG,,,,powuk
electrician,Liverpool,WIN A BUILDER UK LIMITED,,,L33 7UY,,,,powuk
electrician,Liverpool,MACLEC LIMITED,,,L2 2DY,,,,powuk
electrician,Liverpool,ENGINEERING SOLUTIONS & AUTOMATION LIMITED,,,L34 9AB,,,,powuk
electrician,Liverpool,M W S ELECTRICAL (NW) LTD,,,L15 5AF,,,,powuk
electrician,Liverpool,AMAZON GARAGE DOORS LIMITED,,,L2 2DY,,,,powuk
electrician,Liverpool,J1 ELECTRICAL LIMITED,,,L12 9LE,,,,powuk
electrician,Liverpool,BCH ELECTRICAL LTD,,,L18 1DG,,,,powuk
electrician,Liverpool,B KELLY ELECTRICAL LTD,,,L16 7QR,,,,powuk
electrician,Liverpool,BENZAR ELECTRONICS LTD,,,L24 9HZ,,,,powuk
electrician,Liverpool,DENEV ELECTRICAL LIMITED,,,L36 1XG,,,,powuk
electrician,Liverpool,VB ELECTRICAL NW LTD,,,L31 8AP,,,,powuk
electrician,Liverpool,RJS EC&I LTD,,,L12 7LJ,,,,powuk
electrician,Liverpool,ALFER ELECTRICS LTD,,,L9 3BR,,,,powuk
electrician,Liverpool,PC ELECTRICAL SOLUTIONS LTD,,,L35 7NW,,,,powuk
electrician,Liverpool,S M ELECTRICAL SERVICES (MERSEYSIDE) LIMITED,,,L12 4YQ,,,,powuk
electrician,Liverpool,GRC SOLAR LTD,,,L20 7BZ,,,,powuk
electrician,Liverpool,ATLANTIC ELECTRICAL NORTHWEST LIMITED,,,L33 7SQ,,,,powuk
electrician,Liverpool,PAUL WOOD ELECTRICAL LIMITED,,,L12 0RU,,,,powuk
electrician,Liverpool,P.J. ELECTRICAL INSTALLATIONS LTD,,,L3 5NW,,,,powuk
electrician,Liverpool,AGENCY UN LIMITED,,,L5 6RW,,,,powuk
electrician,Liverpool,THAMES & TAY ENERGY DIVISION LTD,,,L1 4AR,,,,powuk
electrician,Liverpool,DAN GROUP CONSTRUCTION LTD,,,L5 9PR,,,,powuk
electrician,Liverpool,ARKHAM M&E LTD,,,L9 4RE,,,,powuk
electrician,Liverpool,M.S.I ELECTRICAL LTD,,,L8 0RS,,,,powuk
electrician,Liverpool,BAXY ELECTRICS LIMITED,,,L40 7TU,,,,powuk
electrician,Liverpool,BORDER SHIELD LIMITED,,,L40 8JE,,,,powuk
electrician,Liverpool,ELDING ELECTRICAL SERVICES LIMITED,,,L4 5QQ,,,,powuk
electrician,Liverpool,JMH ELECTRICAL CONTRACTORS LTD,,,L37 4AA,,,,powuk
electrician,Liverpool,ELECTRABILITY LTD,,,L37 7HH,,,,powuk
electrician,Liverpool,SJW ELECTRICAL SERVICES LTD,,,L3 5NW,,,,powuk
electrician,Liverpool,LUGA ELECTRICAL LTD,,,L8 0YG,,,,powuk
electrician,Liverpool,WHITEDC ELEC LTD,,,L37 4DD,,,,powuk
electrician,Liverpool,AES (NW) LIMITED,,,L40 8JW,,,,powuk
electrician,Liverpool,CS NORTHERN ELECTRICAL LIMITED,,,L9 6GD,,,,powuk
electrician,Liverpool,J J HUTTON ELECTRICAL ENGINEERING CONTRACTORS LIMITED,,,L36 9TT,,,,powuk
electrician,Liverpool,"SALVUS ELECTRICAL, FIRE AND SECURITY LTD",,,L12 7JB,,,,powuk
electrician,Liverpool,SIREN FIRE & SECURITY LTD,,,L31 2PS,,,,powuk
electrician,Liverpool,ECO ELECTRICAL & BUILDING SERVICES LIMITED,,,L40 0PH,,,,powuk
electrician,Liverpool,ONESEC ELECTRICAL & SECURITY LTD,,,L33 1SH,,,,powuk
electrician,Liverpool,PAUL NUTTALL ELECTRICAL CONTRACTORS LTD,,,L13 3HT,,,,powuk
electrician,Liverpool,SLS COMMUNICATIONS LIMITED,,,L37 3LL,,,,powuk
electrician,Liverpool,SJP ELECTRICAL (NW) LTD,,,L3 5NW,,,,powuk
electrician,Liverpool,KTC ELECTRICAL SERVICES LTD,,,L10 4UZ,,,,powuk
electrician,Liverpool,TKW ELECTRICAL LTD,,,L11 1AP,,,,powuk
electrician,Liverpool,RJS ELECTRICAL COMPLIANCE LTD,,,L22 7RU,,,,powuk
electrician,Liverpool,LBD ELECTRICAL (NW) LTD,,,L32 6QT,,,,powuk
electrician,Liverpool,J STERLING ELECTRICAL LTD,,,L10 0AZ,,,,powuk
electrician,Liverpool,REW ELEC LIMITED,,,L3 9HF,,,,powuk
electrician,Liverpool,EUROTECHNOLOGIES LIMITED,,,L23 3AT,,,,powuk
electrician,Liverpool,BZ CONSTRUCTION LIVERPOOL LTD,,,L8 0QF,,,,powuk
electrician,Liverpool,MAC ELECTRICAL CONTRACTORS LIMITED,,,L30 3TA,,,,powuk
electrician,Liverpool,JD-ELEC SOLUTIONS LTD,,,L12 9LJ,,,,powuk
electrician,Liverpool,P&H MECHANICAL SERVICES LTD,,,L24 9HJ,,,,powuk
electrician,Liverpool,CAPITAL DESIGN SERVICES LTD.,,,L25 5NU,,,,powuk
electrician,Liverpool,S J UK ELECTRICAL LIMITED,,,L37 4AQ,,,,powuk
electrician,Liverpool,PRG ELECTRICAL LTD,,,L22 1RQ,,,,powuk
electrician,Liverpool,APACHE ELECTRICAL SERVICES LTD,,,L8 4RR,,,,powuk
electrician,Liverpool,J3-UK ENGINEERING LTD,,,L18 1DG,,,,powuk
electrician,Liverpool,DAVID WILLIAMS LIVERPOOL LIMITED,,,L15 5AN,,,,powuk
electrician,Liverpool,KER INTERNATIONAL LIMITED,,,L1 5AG,,,,powuk
electrician,Liverpool,ASHLAR ELECTRICAL LIMITED,,,L33 7TW,,,,powuk
electrician,Liverpool,PEARSON PROJECTS LIMITED,,,L23 3AT,,,,powuk
electrician,Liverpool,ADL ELECTRICAL (NW) LTD,,,L34 1QL,,,,powuk
electrician,Liverpool,APPROVED ELECTRICAL SOLUTIONS LIMITED,,,L13 3BS,,,,powuk
electrician,Liverpool,GBR ELECTRICAL LIMITED,,,L37 1NH,,,,powuk
electrician,Liverpool,ADVANCED INTEGRATED SERVICES LIMITED,,,L40 8JY,,,,powuk
electrician,Liverpool,MWJ ELECTRICAL LIMITED,,,L31 2HB,,,,powuk
electrician,Liverpool,CPARRY ELECTRICAL LIMITED,,,L13 1DA,,,,powuk
electrician,Liverpool,ADL ELECTRICAL CONTRACTING LTD,,,L34 1QL,,,,powuk
electrician,Liverpool,A.H.G ELECTRICAL SERVICES LIMITED,,,L15 5AN,,,,powuk
electrician,Liverpool,EXCEL ELECTRICAL & DATA SERVICES LTD,,,L31 6EB,,,,powuk
electrician,Liverpool,ACC RENEWABLE ENERGY LTD,,,L9 7AT,,,,powuk
electrician,Liverpool,JNW PROJECTS LTD,,,L23 5SE,,,,powuk
electrician,Liverpool,SINGLELEC LIMITED,,,L25 9SD,,,,powuk
electrician,Liverpool,CARTHY SKILLING ELECTRICAL LTD,,,L21 8JU,,,,powuk
electrician,Liverpool,PAS PROJECT SERVICES LTD,,,L15 5AN,,,,powuk
electrician,Liverpool,M&S ALARMS LTD,,,L15 5AN,,,,powuk
electrician,Liverpool,COPPERWOOD FSE LIMITED,,,L40 8JW,,,,powuk
electrician,Liverpool,J.J. MARR AND COMPANY LIMITED,,,L2 0PQ,,,,powuk
electrician,Liverpool,LSW COMMS LTD,,,L12 0SE,,,,powuk
electrician,Liverpool,SELECT RENEWABLES LTD,,,L31 8BT,,,,powuk
electrician,Liverpool,B F ELECTRICAL SERVICES LIMITED,,,L15 8AN,,,,powuk
electrician,Liverpool,JJB ELECTRICS LTD,,,L9 9AR,,,,powuk
electrician,Liverpool,WESTFIELD ELECTRICAL NORTH WEST LTD,,,L1 4AR,,,,powuk
electrician,Liverpool,I & T ELECTRICAL & ENGINEERING LTD,,,L9 4RE,,,,powuk
electrician,Liverpool,JUSTIN & BEDFORD SOLUTIONS LIMITED,,,L31 1ES,,,,powuk
electrician,Liverpool,MUSKER ELECTRICAL LTD,,,L12 1LW,,,,powuk
electrician,Liverpool,D & G POWER SOLUTIONS LTD,,,L1 2TQ,,,,powuk
electrician,Liverpool,SPARTAN ELECTRICAL & PLUMBING SERVICES LTD,,,L5 9RG,,,,powuk
electrician,Liverpool,VOLTECO LTD,,,L20 9NP,,,,powuk
electrician,Liverpool,LBA ELECTRICAL SERVICES LTD,,,L33 7SF,,,,powuk
electrician,Liverpool,NEXGEN CONTROLS LTD,,,L20 7AP,,,,powuk
electrician,Liverpool,AMS ELECTRICAL INSTALLATIONS LTD,,,L31 5PL,,,,powuk
electrician,Liverpool,GRAHAM WAINWRIGHT ELECTRICAL LTD,,,L18 1DG,,,,powuk
electrician,Liverpool,PLESSIES ELECTRICAL LTD,,,L20 7AP,,,,powuk
electrician,Liverpool,DORRIAN ELECTRICAL CONTRACTORS LIMITED,,,L40 8HW,,,,powuk
electrician,Liverpool,L&B ELECTRICAL CONTRACTING LTD,,,L22 4QQ,,,,powuk
electrician,Liverpool,PHIL CARR ELECTRICAL LTD,,,L35 7NW,,,,powuk
electrician,Liverpool,MICHAEL MCDONALD ELECTRICAL CONTRACTING LIMITED,,,L40 2QT,,,,powuk
electrician,Liverpool,OHMEGA ELECTRICAL & RENEWABLES LIMITED,,,L37 4AQ,,,,powuk
electrician,Liverpool,MASS INTERNATIONAL GROUP LTD,,,L19 8HU,,,,powuk
electrician,Liverpool,BELEC ELECTRICAL LTD,,,L3 5NW,,,,powuk
electrician,Liverpool,CHESHIRE REWIRE LIMITED,,,L18 1DG,,,,powuk
electrician,Liverpool,EQ ELECTRICAL LTD,,,L3 4BN,,,,powuk
electrician,Liverpool,MPG SERVICES NW LIMITED,,,L1 0AH,,,,powuk
electrician,Liverpool,WARBRECK ELECTRICAL LIMITED,,,L9 8EE,,,,powuk
electrician,Liverpool,TAYLOR SAPPHIRE ELECTRICAL LTD,,,L19 0NQ,,,,powuk
electrician,Liverpool,CHARNOCK ELECTRICAL SERVICES LIMITED,,,L40 2QU,,,,powuk
electrician,Liverpool,R TAYLOR ELECTRICAL CONTRACTORS LIMITED,,,L37 4AQ,,,,powuk
electrician,Liverpool,4G ELECTRICAL SERVICES LIMITED,,,L39 1NX,,,,powuk
electrician,Liverpool,PRAGMATIC CONTROLS INSTALLATION LIMITED,,,L20 7BZ,,,,powuk
electrician,Liverpool,TYRRELL ELECTRICAL CONTRACTORS LTD,,,L18 1DG,,,,powuk
electrician,Liverpool,PSM ELECTRICAL CONTRACTORS LTD,,,L25 0LQ,,,,powuk
electrician,Liverpool,MACON ELECTRICAL LIMITED,,,L8 9RZ,,,,powuk
electrician,Liverpool,MFOS LIMITED,,,L36 7XA,,,,powuk
electrician,Liverpool,S.LEECH ELEC LIMITED,,,L25 8SZ,,,,powuk
electrician,Liverpool,SMB ELECTRICAL NW LTD,,,L15 5AF,,,,powuk
electrician,Liverpool,IJD ELECTRICAL LTD,,,L9 6AP,,,,powuk
electrician,Liverpool,TOM FARRELL ELECTRICAL LTD,,,L18 1DG,,,,powuk
electrician,Liverpool,PLAN ELECTRICAL LTD,,,L36 5TZ,,,,powuk
electrician,Liverpool,DM ELECTRICAL SERVICES NW LIMITED,,,L20 9EG,,,,powuk
electrician,Liverpool,DDT ELECTRICAL LTD,,,L15 5AN,,,,powuk
electrician,Liverpool,ELECTECH PROJECTS LIMITED,,,L23 3AT,,,,powuk
electrician,Liverpool,BEE ENERGY LTD,,,L4 1AG,,,,powuk
electrician,Liverpool,GARY COURTNEY SERVICES LTD,,,L23 1TD,,,,powuk
electrician,Liverpool,EJC ELECTRICAL NORTH WEST LTD,,,L15 5AN,,,,powuk
electrician,Liverpool,ELLIOT'S ELECTRICAL CONTRACTORS LIMITED,,,L40 0RA,,,,powuk
electrician,Liverpool,SM SMART ENERGY LTD,,,L37 4AN,,,,powuk
electrician,Liverpool,GOLIATH PROPERTY MAINTENANCE LTD,,,L24 8RL,,,,powuk
electrician,Liverpool,MABLEY AUTOMATION LIMITED,,,L35 2XS,,,,powuk
electrician,Liverpool,ABC SECURITY SERVICES LTD,,,L9 0NW,,,,powuk
electrician,Liverpool,GFS ELECTRICAL CONTRACTORS LTD,,,L12 7JD,,,,powuk
electrician,Liverpool,ASTRAEA SYSTEMS LIMITED,,,L10 1LD,,,,powuk
electrician,Liverpool,ASHCROFT ELECTRICAL SERVICES LTD,,,L39 2YT,,,,powuk
electrician,Liverpool,L E ENGINEERING LTD,,,L24 8RL,,,,powuk
electrician,Liverpool,EMTECH GROUP LTD,,,L3 5NW,,,,powuk
electrician,Liverpool,SWITCHWIRE ELECTRICAL LTD,,,L3 6AL,,,,powuk
electrician,Liverpool,PROVIDENTIAL ELECTRICAL SERVICES LTD,,,L18 1DG,,,,powuk
electrician,Liverpool,RENAISSANCE ENGINEERING SERVICES (UK) LIMITED,,,L1 9AA,,,,powuk
electrician,Liverpool,ELITE ELECTRICAL WIRRAL LTD,,,L1 0BG,,,,powuk
electrician,Liverpool,SAP PROJECT SOLUTIONS LTD,,,L15 5AN,,,,powuk
electrician,Liverpool,RENOWN ROOFING AND SOLAR ENERGY LTD,,,L21 3TX,,,,powuk
electrician,Liverpool,INFINITY TECHNICAL AND PRODUCTION SERVICES LIMITED,,,L33 7SQ,,,,powuk
electrician,Liverpool,J H ELECTRICAL PROJECTS LTD,,,L20 7AP,,,,powuk
electrician,Liverpool,HEALY ELECTRICAL CONTRACTORS LTD,,,L18 1DG,,,,powuk
electrician,Liverpool,A.B.C. ELECTRICS LIMITED,,,L23 4TZ,,,,powuk
electrician,Liverpool,M&N ELECTRICAL CONTRACTORS & SITE SERVICES LIMITED,,,L31 8DY,,,,powuk
electrician,Liverpool,MAXIM ELECTRICAL CONTRACTORS LTD,,,L35 0NX,,,,powuk
electrician,Liverpool,M. LEWIS ELECTRICAL LIMITED,,,L3 4BJ,,,,powuk
electrician,Liverpool,MERSEYLEC ELECTRICAL SERVICES LTD,,,L23 3AT,,,,powuk
electrician,Liverpool,ELECTRAGATE LTD,,,L40 7TH,,,,powuk
electrician,Liverpool,M & L ELECTRICAL SERVICES (NW) LIMITED,,,L16 1JW,,,,powuk
electrician,Liverpool,SAPHIRE ELECTRICAL SERVICES LIMITED,,,L31 9AN,,,,powuk
electrician,Liverpool,A&B ENGINEERING MEP LIMITED,,,L13 6QA,,,,powuk
electrician,Manchester,S G ELECTRICAL (MANCHESTER) LTD,,,M7 4HP,,,,powuk
electrician,Manchester,KEARNEY ELECTRICAL LIMITED,,,M20 1JB,,,,powuk
electrician,Manchester,HARMONYZ LTD,,,M8 0PF,,,,powuk
electrician,Manchester,W. M. B. (INSTALLATIONS) LIMITED,,,M6 7NW,,,,powuk
electrician,Manchester,VITA GROUP (NW) LTD,,,M29 8AL,,,,powuk
electrician,Manchester,EXCELSIOR ELECTRICAL LTD,,,M18 8RN,,,,powuk
electrician,Manchester,CAW ELECTRICAL SERVICES LTD,,,M8 5AE,,,,powuk
electrician,Manchester,CUPRUM ELECTRICAL LIMITED,,,M18 7LP,,,,powuk
electrician,Manchester,DDK ELECTRICAL SERVICES LTD,,,M13 9UL,,,,powuk
electrician,Manchester,E WALKER LIMITED,,,M1 1HR,,,,powuk
electrician,Manchester,TSP ELECTRICAL LIMITED,,,M33 6WF,,,,powuk
electrician,Manchester,GFED ELECTRICAL LTD,,,M24 1FP,,,,powuk
electrician,Manchester,PMJ ELECTRICAL CONTRACTORS LTD,,,M19 2HG,,,,powuk
electrician,Manchester,JD ELECTRIC COMMERCIAL INSTALLATIONS LTD,,,M27 9PZ,,,,powuk
electrician,Manchester,N.E.T ELECTRICAL LTD,,,M30 0QZ,,,,powuk
electrician,Manchester,SDM CONTRACTING (NW) LTD,,,M43 7SY,,,,powuk
electrician,Manchester,J COUNSEL ELECTRICAL LTD,,,M32 8FA,,,,powuk
electrician,Manchester,ROADWAY LIGHTING LTD,,,M46 0FY,,,,powuk
electrician,Manchester,M.R.F ELECTRICAL SERVICES LIMITED,,,M40 5HL,,,,powuk
electrician,Manchester,NORTHERN CABLE INSTALLATIONS LIMITED,,,M28 3NJ,,,,powuk
electrician,Manchester,MARKO ELECTRICAL LTD,,,M40 0ES,,,,powuk
electrician,Manchester,CONTECH SOLUTIONS LTD,,,M29 7TN,,,,powuk
electrician,Manchester,RMJ ELECTRICAL AND BUILDING CONTRACTORS LTD,,,M23 1DN,,,,powuk
electrician,Manchester,ARTISAN FIRE & SECURITY LIMITED,,,M26 2AD,,,,powuk
electrician,Manchester,CDB SOLAR LTD,,,M34 3EX,,,,powuk
electrician,Manchester,C&O ELECTRICAL SERVICES LTD,,,M41 9QA,,,,powuk
electrician,Manchester,ALERT FIRE SOLUTIONS LTD,,,M46 9EF,,,,powuk
electrician,Manchester,NOOR ELECTRICAL SERVICES LTD,,,M19 2LL,,,,powuk
electrician,Manchester,MORWOOD ELECTRICAL SERVICES LTD,,,M41 7DN,,,,powuk
electrician,Manchester,MERLINE CERTS LIMITED,,,M6 6DE,,,,powuk
electrician,Manchester,HOME MARKET LIMITED,,,M5 3HR,,,,powuk
electrician,Manchester,TURNLEC ENERGY SOLUTIONS LIMITED,,,M26 3RZ,,,,powuk
electrician,Manchester,SWAT UTILITIES LIMITED,,,M25 0TL,,,,powuk
electrician,Manchester,JST ELECTRICAL  SERVICES LTD,,,M19 3BJ,,,,powuk
electrician,Manchester,CONNECT ELECTRIC (BURY) LIMITED,,,M45 7SY,,,,powuk
electrician,Manchester,ONE LINE PROPERTY SERVICES LTD,,,M11 2WJ,,,,powuk
electrician,Manchester,SPENCE SATELLITE INSTALLATIONS LTD,,,M16 0HD,,,,powuk
electrician,Manchester,CONNECT ELECTRICAL & DATA LIMITED,,,M46 0LG,,,,powuk
electrician,Manchester,C & S ELECTRICAL (NW) LTD,,,M34 7PP,,,,powuk
electrician,Manchester,NDR ENGINEERING SERVICES LTD,,,M29 8AL,,,,powuk
electrician,Manchester,SMART SOLUTION ELECTRONICS LTD,,,M34 7LN,,,,powuk
electrician,Manchester,ZENTIA14 LIMITED,,,M27 5WN,,,,powuk
electrician,Manchester,GLOBALTECH INDUSTRIAL LTD,,,M45 7GE,,,,powuk
electrician,Manchester,SURGE BUILDING SERVICES LTD,,,M22 4NN,,,,powuk
electrician,Manchester,CLEARSCHEME LIMITED,,,M33 4DX,,,,powuk
electrician,Manchester,START SOLAR G.B. LTD,,,M28 3QN,,,,powuk
electrician,Manchester,INTEGRATED BUILDING SOLUTIONS LTD.,,,M30 8LE,,,,powuk
electrician,Manchester,MESC CONTRACTING UK LTD,,,M12 4JD,,,,powuk
electrician,Manchester,FUSION III LIMITED,,,M50 2YR,,,,powuk
electrician,Manchester,JNB ELECTRICAL LTD,,,M46 9EF,,,,powuk
electrician,Manchester,THERMATIC HOMES LIMITED,,,M50 3UP,,,,powuk
electrician,Manchester,ELECTRIFY MANCHESTER LTD,,,M34 2ET,,,,powuk
electrician,Manchester,M & D ELECTRICAL NORTH WEST LIMITED,,,M27 6NJ,,,,powuk
electrician,Manchester,(NW) ELECTRICAL SOLUTIONS LTD,,,M43 6PT,,,,powuk
electrician,Manchester,PROVOLT ELECTRICAL LIMITED,,,M33 4JX,,,,powuk
electrician,Manchester,NNT ELECTRICAL SERVICES LTD,,,M28 3HR,,,,powuk
electrician,Manchester,M KELLY LIMITED,,,M3 5JZ,,,,powuk
electrician,Manchester,AI ELECTRICAL (NW) LIMITED,,,M33 2FA,,,,powuk
electrician,Manchester,EIC SOLUTIONS LIMITED,,,M46 0NZ,,,,powuk
electrician,Manchester,MARSHALLS M AND E LIMITED,,,M18 8DB,,,,powuk
electrician,Manchester,TRADEPRO CONSTRUCTION LTD,,,M26 1GN,,,,powuk
electrician,Manchester,EGAN ELECTRICAL LTD,,,M30 0AS,,,,powuk
electrician,Manchester,PEAK EVOLUTION LIMITED,,,M28 3NS,,,,powuk
electrician,Manchester,EIBEN LIMITED,,,M27 9SA,,,,powuk
electrician,Manchester,IN - KONTROL LIMITED,,,M27 9SA,,,,powuk
electrician,Manchester,NORTH & SOUTH GROUNDWORK SERVICES LTD,,,M27 9SA,,,,powuk
electrician,Manchester,IIRNA GROUP LTD,,,M16 0AD,,,,powuk
electrician,Manchester,A TO Z ELECTRICAL SERVICES LIMITED,,,M8 4HY,,,,powuk
electrician,Manchester,OSBORNE TECHNICAL SERVICES LTD,,,M34 6FX,,,,powuk
electrician,Manchester,LG MECHANICAL & ELECTRICAL LIMITED,,,M24 2LX,,,,powuk
electrician,Manchester,GREENERAMPS LTD,,,M20 2YY,,,,powuk
electrician,Manchester,CDS ELECTRICAL SOLUTIONS NW LTD,,,M27 4AA,,,,powuk
electrician,Manchester,SOUTH MANCHESTER INSTALLATIONS AND AUTO ELECTRICS LTD,,,M22 4JP,,,,powuk
electrician,Manchester,MIB ELECTRICAL SOLUTIONS LTD,,,M21 0XQ,,,,powuk
electrician,Manchester,AKPS SOLUTIONS LTD,,,M3 1HE,,,,powuk
electrician,Manchester,SAMI IMAM ELECTRICAL LIMITED,,,M2 7AQ,,,,powuk
electrician,Manchester,SPEL ENGINEERING SERVICES LTD,,,M33 6WW,,,,powuk
electrician,Manchester,ASTLEY ELECTRICAL LTD,,,M29 7QJ,,,,powuk
electrician,Manchester,GAS SAFETY MANCHESTER LIMITED,,,M14 7PB,,,,powuk
electrician,Manchester,NU FIRE & SECURITY LTD,,,M24 1AX,,,,powuk
electrician,Manchester,ALCOOPER LTD,,,M29 8DS,,,,powuk
electrician,Manchester,HARRIS ELECTRICAL SERVICES LTD,,,M29 8GN,,,,powuk
electrician,Manchester,RS VOLTAGE SERVICES LTD,,,M28 1AU,,,,powuk
electrician,Manchester,A ELECTRIC LTD,,,M25 0TL,,,,powuk
electrician,Manchester,UK TEST LIMITED,,,M46 0SY,,,,powuk
electrician,Manchester,ELITE CONTRACTORS NW LTD,,,M24 1JT,,,,powuk
electrician,Manchester,HAMNETT ELECTRICAL SERVICES LTD,,,M32 9TN,,,,powuk
electrician,Manchester,AFDC LIMITED,,,M30 9DD,,,,powuk
electrician,Manchester,FUSION ELECTRICAL ENGINEERING SERVICES LIMITED,,,M27 9LA,,,,powuk
electrician,Manchester,SMITH ELECTRICAL & RENOVATION SERVICES LTD,,,M46 0DN,,,,powuk
electrician,Manchester,B B ELECTRICAL (NORTH WEST) LIMITED,,,M25 1PY,,,,powuk
electrician,Manchester,SOMNIUM ELECTRICAL LTD,,,M25 0DB,,,,powuk
electrician,Manchester,CJG CONTRACTS LTD,,,M27 6PW,,,,powuk
electrician,Manchester,D.P.O ELECTRICAL LTD,,,M24 6UQ,,,,powuk
electrician,Manchester,BUILDING NETWORK OPERATOR CONSULTANTS LTD,,,M25 9WS,,,,powuk
electrician,Manchester,NORTHLANDS ELECTRICAL LIMITED,,,M26 4AD,,,,powuk
electrician,Manchester,NH ELECTRICALS LTD,,,M12 4NR,,,,powuk
electrician,Manchester,REDDIN ELECTRICAL CONTRACTING LTD,,,M41 5QJ,,,,powuk
electrician,Manchester,EWSS ELECTRICAL LTD,,,M22 1GN,,,,powuk
electrician,Manchester,DLP SERVICES (NORTHERN) LIMITED,,,M6 6WF,,,,powuk
electrician,Manchester,POWERTECH ENGINEERING SERVICES LIMITED,,,M8 4NG,,,,powuk
electrician,Manchester,STERLING BLANK LTD,,,M7 4JA,,,,powuk
electrician,Manchester,RBEE ELECTRICAL LTD,,,M45 8JY,,,,powuk
electrician,Manchester,ADA ELECTRICAL & SECURITY SOLUTIONS LTD,,,M25 0FY,,,,powuk
electrician,Manchester,ABZ ELECTRICAL CONTRACTORS LTD,,,M13 0PG,,,,powuk
electrician,Manchester,ZENLEC LTD,,,M25 2QJ,,,,powuk
electrician,Manchester,FAILSWORTH ELECTRICAL LIMITED,,,M40 0AQ,,,,powuk
electrician,Manchester,CIR ELECTRICAL LTD,,,M34 6PD,,,,powuk
electrician,Manchester,CURRAN CONSTRUCTION SERVICES LTD,,,M32 9BQ,,,,powuk
electrician,Manchester,KAYES LTD,,,M34 3EF,,,,powuk
electrician,Manchester,WH ELECTRICAL LTD,,,M40 1GF,,,,powuk
electrician,Manchester,IBBY BROTHERS ELECTRICAL LTD,,,M34 5GB,,,,powuk
electrician,Manchester,GWT (NW) LIMITED,,,M40 0FL,,,,powuk
electrician,Manchester,CHAND ELECTRICAL SERVICES LTD,,,M19 2DZ,,,,powuk
electrician,Manchester,B P W ELECTRICALS LTD,,,M14 5GW,,,,powuk
electrician,Manchester,FALLON CONSTRUCTION SERVICES LIMITED,,,M21 7SA,,,,powuk
electrician,Manchester,DATACORE TECHNOLOGIES LIMITED,,,M23 9JP,,,,powuk
electrician,Manchester,ABODE INTELLIGENT LIMITED,,,M30 7LF,,,,powuk
electrician,Manchester,YIWU HANZHA TRADING COMPANY LTD,,,M8 0WE,,,,powuk
electrician,Manchester,NW BUILDERS AND ELECTRICIANS LIMITED,,,M16 9AS,,,,powuk
electrician,Manchester,NUELEC CONTRACTING SERVICES LIMITED,,,M43 6PW,,,,powuk
electrician,Manchester,FRL ELECTRICAL LIMITED,,,M27 4AA,,,,powuk
electrician,Manchester,SAFE ELEC UK (WM) LTD,,,M46 0DN,,,,powuk
electrician,Manchester,I.L ELECTRICAL & ALARM SERVICES LIMITED,,,M9 0SL,,,,powuk
electrician,Manchester,PRO FIRE SYSTEMS MANCHESTER LTD,,,M28 2GT,,,,powuk
electrician,Manchester,POLYTRADE ELECTRICAL LIMITED,,,M9 7EH,,,,powuk
electrician,Manchester,N E YATES ELECTRICAL LIMITED,,,M45 7HZ,,,,powuk
electrician,Manchester,IAN SELWOOD ELECTRICAL LTD,,,M34 3DE,,,,powuk
electrician,Manchester,ELECTRIC-ALL LTD,,,M22 4NN,,,,powuk
electrician,Manchester,MODE AV CREATIONS LIMITED,,,M44 6RY,,,,powuk
electrician,Manchester,GTS ELECTRICAL SERVICES LIMITED,,,M29 7QE,,,,powuk
electrician,Manchester,J LOWRY ENGINEERING SERVICES LIMITED,,,M32 0JL,,,,powuk
electrician,Manchester,AGB ELECTRICAL MCR LIMITED,,,M26 1DE,,,,powuk
electrician,Manchester,MULTIBUILD SOLUTIONS LTD,,,M44 5EA,,,,powuk
electrician,Manchester,BEE SMART SOLUTIONS LTD,,,M19 1NR,,,,powuk
electrician,Manchester,IPB (ELECTRICAL) LIMITED,,,M46 0EF,,,,powuk
electrician,Manchester,SAMELECTRIC LTD,,,M24 2LZ,,,,powuk
electrician,Manchester,UNISOLAR ECO LIMITED,,,M6 6NA,,,,powuk
electrician,Manchester,A C ELECTRIC SERVICES LTD,,,M33 4FR,,,,powuk
electrician,Manchester,DELTA ELECTRICAL NW LTD,,,M18 8EF,,,,powuk
electrician,Manchester,GRANGE ELECTRICAL AND SECURITY LIMITED,,,M26 3GF,,,,powuk
electrician,Manchester,PLATINUM ELEC LTD,,,M6 8QA,,,,powuk
electrician,Manchester,WALTON RAIL SERVICES WRS LTD,,,M26 1LS,,,,powuk
electrician,London,W F ELECTRICAL SOLUTIONS LIMITED,,,SW1V 2DB,,,,powuk
electrician,London,LUCAS LARMOND ELECTRICAL SERVICES LTD,,,SW2 3BF,,,,powuk
electrician,London,INTER SPECTRUM LTD,,,EC1V 2NX,,,,powuk
electrician,London,DULOVO LTD,,,SW20 9NS,,,,powuk
electrician,London,EASTARC SERVICES LIMITED,,,WC2H 9JQ,,,,powuk
electrician,London,NATIONAL PLUMBERS DIRECT LTD,,,WC2H 9JQ,,,,powuk
electrician,London,JMGL ELECTRICAL LTD,,,SE27 9LZ,,,,powuk
electrician,London,ARLAS CONSTRUCTION LTD,,,E4 9LD,,,,powuk
electrician,London,M&E F.L. LTD,,,W10 6EN,,,,powuk
electrician,London,DENTON BUILDING SOLUTIONS LIMITED,,,WC2H 9JQ,,,,powuk
electrician,London,SENATHIPATHI EKA ELECTRICAL LTD,,,EC1V 2NX,,,,powuk
electrician,London,ECS PREMIUM ELECTRICIANS LIMITED,,,E4 9HL,,,,powuk
electrician,London,BEECHCROFT SERVICES LIMITED,,,N3 2LT,,,,powuk
electrician,London,ELECTRICS 24 -7 LIMITED,,,N3 1DP,,,,powuk
electrician,London,HAUTE VOLTAGE LTD,,,SE22 9BA,,,,powuk
electrician,London,RIZE9 LTD,,,E9 5DX,,,,powuk
electrician,London,OAKHOMESLONDON LTD,,,E14 9QT,,,,powuk
electrician,London,BOSSO66 DESIGN LTD,,,E18 2LW,,,,powuk
electrician,London,BALMER ELECTRICAL SERVICES LIMITED,,,E1 0SG,,,,powuk
electrician,London,BOND CONSTRUCTION AND JOINERY LTD,,,WC2A 2JR,,,,powuk
electrician,London,INSTAHEAT BUILDERS LIMITED,,,NW10 2LJ,,,,powuk
electrician,London,FIRST STRIKE ELECTRICAL LTD.,,,W1H 1PJ,,,,powuk
electrician,London,FUTURE SHAPES LONDON LTD,,,E10 7AH,,,,powuk
electrician,London,ZACK ELECTRICAL MAINTENANCE LTD,,,SE1 6PW,,,,powuk
electrician,London,FINEFIX ELECTRICAL LTD,,,WC2A 2JR,,,,powuk
electrician,London,SBC ELECTRICIANS LTD,,,N12 8PG,,,,powuk
electrician,London,BESPOKE SERVICE SOLUTIONS LIMITED,,,WC1N 3AX,,,,powuk
electrician,London,LM ELECTRICS LTD,,,N1 7GU,,,,powuk
electrician,London,DESA CONTRACTORS LIMITED,,,E11 1HT,,,,powuk
electrician,London,WORLD PROPERTY DEVELOPERS LTD,,,W1H 4PF,,,,powuk
electrician,London,LCW ELECTRICIANS LTD,,,SE9 3RE,,,,powuk
electrician,London,EARTHRISE ENERGY LIMITED,,,E1 0SG,,,,powuk
electrician,London,EFFICIENT ENERGY (NEWCASTLE) LTD,,,W1B 1PN,,,,powuk
electrician,London,PLUGS OF ELECTRICS LTD,,,E14 0GQ,,,,powuk
electrician,London,LUQMAR LIMITED,,,E16 4AJ,,,,powuk
electrician,London,SCL MANAGED SERVICES LIMITED,,,W1W 5PF,,,,powuk
electrician,London,EDUCATION DATA SERVICES (UK) LIMITED,,,SE23 3SR,,,,powuk
electrician,London,H-MARC SAFETY SOLUTIONS LTD,,,EC1V 2NX,,,,powuk
electrician,London,AL RASEF ROADS CONTRACTING UK LIMITED,,,E14 4QA,,,,powuk
electrician,London,ARTEL ELECTRIC LIMITED,,,N20 9AB,,,,powuk
electrician,London,M-LEX LONDON LIMITED,,,SW17 9NJ,,,,powuk
electrician,London,DTC ELECTRICS LIMITED,,,SE6 1JL,,,,powuk
electrician,London,TJ ELECTRICAL SOLUTIONS LTD,,,SE26 5BN,,,,powuk
electrician,London,TNS ELECTRICAL CONTRACTORS LTD,,,N16 7UR,,,,powuk
electrician,London,NOTTING HILL ELECTRICAL SERVICES LIMITED,,,W11 4SH,,,,powuk
electrician,London,KRASI 23 ELECTRICAL LIMITED,,,N14 4QW,,,,powuk
electrician,London,CC ELECTRICS LTD,,,WC2H 9JQ,,,,powuk
electrician,London,BLACKROCK ELECTRICAL ENGINEERS LTD,,,E17 7LX,,,,powuk
electrician,London,KESSY STEEL STRUCTURES LIMITED,,,NW9 6JG,,,,powuk
electrician,London,SIGMAA ELECTRICAL LTD,,,E6 7AE,,,,powuk
electrician,London,MMS ELECTRICAL LTD,,,N1 7GU,,,,powuk
electrician,London,CRESTVIEW TS LTD,,,SE24 9LR,,,,powuk
electrician,London,ADM ELECTRICAL & GAS LTD,,,NW2 7TD,,,,powuk
electrician,London,MJ HACKETT ELECTRICAL LTD,,,WC2H 9JQ,,,,powuk
electrician,London,G & G MAINTENANCE AND ELECTRICAL SERVICES LTD,,,N17 7NA,,,,powuk
electrician,London,MULTIFORM CONSULTING LIMITED,,,N22 8RB,,,,powuk
electrician,London,BARNET ELECTRICAL SERVICES LTD,,,W4 5PY,,,,powuk
electrician,London,ENO’S ELECTRICS LTD,,,W5 3DW,,,,powuk
electrician,London,MARVEL ELECTRICAL LIMITED,,,N7 7QR,,,,powuk
electrician,London,LAZIMI ELECTRICAL SERVICES LIMITED,,,N22 8DF,,,,powuk
electrician,London,ACAM ELECTRICAL LTD,,,SE28 8AL,,,,powuk
electrician,London,C. AITKEN BUILDERS LIMITED,,,SW18 1PE,,,,powuk
electrician,London,N1 ELECTRICAL LTD,,,N1 7GU,,,,powuk
electrician,London,PULSE ELECTRIC (LONDON) LIMITED,,,NW6 2EB,,,,powuk
electrician,London,EMERGENCY ELECTRICIAN CHELSEA LTD,,,SW3 5TX,,,,powuk
electrician,London,EUROPEAN REAL ESTATE GROUP LTD,,,EC1V 2NX,,,,powuk
electrician,London,MKR ELECTRICAL LTD,,,N9 8EY,,,,powuk
electrician,London,A.F PROPERTY SOLUTIONS LTD,,,SE6 1UE,,,,powuk
electrician,London,EL ELECTRICAL SERVICES LTD,,,E16 1TN,,,,powuk
electrician,London,AM ELECTRICAL & BUILDINGS SERVICES LIMITED,,,SE26 6UN,,,,powuk
electrician,London,BDJ PROJECTS LIMITED,,,E4 6HX,,,,powuk
electrician,London,ANTHONY SELF LIMITED,,,N4 3AB,,,,powuk
electrician,London,MODULAR SYSTEMS CONSTRUCTION LTD,,,WC2H 9JQ,,,,powuk
electrician,London,COMFORT CONTROLS (GROUP) LIMITED,,,EC4A 1AN,,,,powuk
electrician,London,DTA ELECTRICAL MECHANICAL LIMITED,,,WC2H 9JQ,,,,powuk
electrician,London,4A ENGINEERING AND TECHNOLOGY LIMITED,,,N17 9LJ,,,,powuk
electrician,London,JPO PROPERTY SERVICES LTD,,,SW19 3NW,,,,powuk
electrician,London,JUICED MECHANICAL & ELECTRICAL LTD,,,EC2A 4NE,,,,powuk
electrician,London,INTER-AFRIC GROUP LTD,,,N17 9QU,,,,powuk
electrician,London,J.S.G ELECTRICAL SERVICES LTD.,,,SE18 6SS,,,,powuk
electrician,London,EASTGRAND LIMITED,,,EC1V 2NX,,,,powuk
electrician,London,ECO VEHICLE CHARGES (EVC) LTD,,,EC2N 4AH,,,,powuk
electrician,London,S M HARROP LIMITED,,,SW19 8JG,,,,powuk
electrician,London,SYNTEC ELECTRICAL SERVICES LTD,,,W13 9AA,,,,powuk
electrician,London,MA ELECTRICAL & SECURITY LTD,,,SW3 2NX,,,,powuk
electrician,London,PURE POWER ELECTRICAL LTD,,,E1 5NP,,,,powuk
electrician,London,ELCO TECH LTD,,,N13 5QX,,,,powuk
electrician,London,IRON FLAG GLOBAL LIMITED,,,WC2H 9JQ,,,,powuk
electrician,London,M. DURY AND NICH LIMITED,,,NW7 2LG,,,,powuk
electrician,London,WESTROW SERVICES LIMITED,,,N13 4XE,,,,powuk
electrician,London,TRIEX LIMITED,,,WC2H 9JQ,,,,powuk
electrician,London,KYDD ELECTRICAL LTD,,,SW15 5DS,,,,powuk
electrician,London,LB ELECTRICS LTD,,,N17 6HX,,,,powuk
electrician,London,LEWIS-SHELTON ELECTRICAL LIMITED,,,W1W 7LT,,,,powuk
electrician,London,KD ELECTRIC UK LTD,,,E17 6HE,,,,powuk
electrician,London,IGNITE DEVELOPERS LTD,,,W1W 5PF,,,,powuk
electrician,London,HENLEY ELECTRICALS LTD,,,E17 7DG,,,,powuk
electrician,London,LONDON LECKY LIMITED,,,E11 2ED,,,,powuk
electrician,London,ACEN SOLAR & ELECTRICAL LTD,,,E15 1XH,,,,powuk
electrician,London,DAN-KIT LIMITED,,,SE15 3PP,,,,powuk
electrician,London,EXCEL RENEWABLES LTD,,,EC1V 2NX,,,,powuk
electrician,London,FAULTLESS LIMITED,,,W12 9EE,,,,powuk
electrician,London,TILBURY DOUGLAS ENGINEERING LIMITED,,,EC3M 1HD,,,,powuk
electrician,London,180 TRADING LTD,,,N1 7GU,,,,powuk
electrician,London,SARFMON ELECTRICAL LTD,,,WC2H 9JQ,,,,powuk
electrician,London,MALEKOS ELECTRICAL SERVICES LIMITED,,,SE24 9DA,,,,powuk
electrician,London,PAW BUILDING SERVICES LIMITED,,,NW10 6RF,,,,powuk
electrician,London,CLOUGHFIN ELECTRICAL SERVICES LTD,,,SW19 2UR,,,,powuk
electrician,London,UK SAFETY AND COMPLIANCE LTD,,,W14 9NL,,,,powuk
electrician,London,AV11 LTD,,,W13 9RJ,,,,powuk
electrician,London,EVERYTHING WERX LTD,,,W12 9EE,,,,powuk
electrician,London,CONTROL4 LTD,,,EC1V 2NX,,,,powuk
electrician,London,NGR ELECTRICAL LIMITED,,,E14 7AF,,,,powuk
electrician,London,GLOBAL RESELLERS & CONTRACTORS UK LTD,,,WC2H 9JQ,,,,powuk
electrician,London,SVEN LTD,,,E6 6WP,,,,powuk
electrician,London,BROMEX ENGINEERING LTD,,,EC1V 2NX,,,,powuk
electrician,London,INDUSTRIAL EFFICIENCY II LIMITED,,,SE1 9SG,,,,powuk
electrician,London,FINDHEAT LTD,,,N1 6LZ,,,,powuk
electrician,London,LB WIREWORKS LTD,,,SE13 7RL,,,,powuk
electrician,London,M.S ELECTRICAL TESTING SOLUTIONS LTD,,,WC2H 9JQ,,,,powuk
electrician,London,SECURE FIVE LTD,,,EC1V 2NX,,,,powuk
electrician,London,KRAKOWSKI LOGISTIC LTD,,,N22 6LG,,,,powuk
electrician,London,CDA ROBOTICS AND INDUSTRIAL DEVELOPMENT LTD,,,EC3R 8EE,,,,powuk
electrician,London,PELDON ROSE (MECHANICAL AND ELECTRICAL) LIMITED,,,SW19 4EQ,,,,powuk
electrician,London,MEOWLIGHTS LTD,,,WC1N 3AX,,,,powuk
electrician,London,TREANOR CONSTRUCTION LTD,,,N22 6ED,,,,powuk
electrician,London,L&C ELECTRICAL LTD,,,EC1V 2NX,,,,powuk
electrician,London,DRAMUR ELECTRICAL SERVICES LTD,,,SE2 9AZ,,,,powuk
electrician,London,TAYLECTRICAL LTD,,,E18 1BY,,,,powuk
electrician,London,OUTFIT ELECTRICS LTD,,,EC1V 2NX,,,,powuk
electrician,London,SIMPLY ELECTRICAL CONTRACTORS LTD,,,E18 1BY,,,,powuk
electrician,London,KILOWATT LIMITED,,,E5 9LE,,,,powuk
electrician,London,AM PROPERTY MAINTENANCE LTD,,,NW10 9EJ,,,,powuk
electrician,London,AH LIGHTNING SOLUTIONS LIMITED,,,NW9 4AA,,,,powuk
electrician,London,DELTA ELECTRICAL & BUILDING SERVICES LIMITED,,,SE9 3TL,,,,powuk
electrician,London,GORASIA SOLUTIONS LTD,,,NW10 3AX,,,,powuk
electrician,London,ELECTRIC CAR CHARGERS UK LTD,,,EC1V 2NX,,,,powuk
electrician,London,APPROVED ELECTRICIANS GROUP LIMITED,,,E13 8LW,,,,powuk
electrician,London,T PHASE LTD,,,SE3 0TA,,,,powuk
electrician,London,UNIVERSAL ELECTRICS LTD,,,SE19 1PJ,,,,powuk
electrician,London,FUSION 4 POWER LIMITED,,,WC2A 1HR,,,,powuk
electrician,London,LK ELECTRICAL & MAINTENANCE LTD,,,SW14 8SN,,,,powuk
electrician,London,FIXERS-UK LTD,,,EC2A 4NE,,,,powuk
electrician,London,CORRECT ELECTRICAL LTD,,,E13 8HR,,,,powuk
electrician,London,ZOTOW ELECTRICAL SERVICES LIMITED,,,NW11 6AR,,,,powuk
electrician,London,PARADISE BUSINESS SOLUTIONS LIMITED,,,E7 9QJ,,,,powuk
electrician,London,A W ELECTRICAL LIMITED,,,SE18 6SS,,,,powuk
electrician,London,EL AND C SERVICES LTD,,,SE7 7JG,,,,powuk
electrician,London,EPIC INTEGRATION LTD,,,SE18 6SW,,,,powuk
electrician,London,SPARKPLUS LTD,,,SE25 4TA,,,,powuk
electrician,London,POSITIVE ELECTRICAL CONTRACTORS LTD,,,SE16 2QU,,,,powuk
electrician,London,M DE SOUZA LTD,,,N12 0BP,,,,powuk
electrician,London,SOL-IFY LTD,,,SW20 0TL,,,,powuk
electrician,London,JONI ELECTRICAL LIMITED,,,SW4 0BB,,,,powuk
electrician,London,DEAD TEST LIMITED,,,SE13 6QE,,,,powuk
electrician,London,ERIKO PLUMBING AND HEATING LTD,,,E14 0BN,,,,powuk
electrician,London,ENERSOL UK LIMITED,,,N22 8HH,,,,powuk
electrician,London,BRISLEE ELECTRICAL LIMITED,,,EC2A 4LU,,,,powuk
electrician,London,EC INSTALLATIONS LTD,,,N20 0QQ,,,,powuk
electrician,London,INN CONTACT LTD,,,N21 1UL,,,,powuk
electrician,London,NRJ BORISOV LTD,,,NW2 4AJ,,,,powuk
electrician,London,KINGS CONTRACTORS (UK) LIMITED,,,E15 4HL,,,,powuk
electrician,London,WIRE IT LTD,,,N1 7GU,,,,powuk
electrician,London,L & J ELECTRICAL SOLUTIONS LIMITED,,,EC2A 4LU,,,,powuk
electrician,London,ROSE ELECTRICAL CONTRACTORS LTD,,,WC2H 9JQ,,,,powuk
electrician,London,ALLEGO CHARGING LTD,,,EC4V 4BE,,,,powuk
electrician,London,ADE BUILDING SERVICES LIMITED,,,SE2 9HS,,,,powuk
electrician,London,MIZON ELECTRICAL LTD,,,E20 1DP,,,,powuk
electrician,London,OFFICE CORPORATION LTD,,,WC1V 7HP,,,,powuk
electrician,London,RGS ELECTRICAL LTD,,,SE22 0NF,,,,powuk
electrician,London,MARK BUILDING MAINTENANCE LTD,,,E17 5PE,,,,powuk
electrician,London,TRUEFIX ELECTRICAL & SECURITY SYSTEMS LTD,,,EC1V 2NX,,,,powuk
electrician,London,TWYFORD PROPERTY MANAGEMENT SERVICES LTD,,,W3 9PP,,,,powuk
electrician,London,SLOANE PROPERTY MAINTENANCE LIMITED,,,SW19 2BY,,,,powuk
electrician,London,ELECTRIC SERVICES GROUP LIMITED,,,NW9 9HH,,,,powuk
electrician,London,GLOBAL FLOW LIMITED,,,SW19 6TG,,,,powuk
electrician,London,S-SPARKY PRO LTD,,,NW6 2DR,,,,powuk
electrician,London,GREG & SONS LIMITED,,,NW9 5GX,,,,powuk
electrician,London,SAMS ELECTRICAL LIMITED,,,N14 6HS,,,,powuk
electrician,London,1ST CLASS ELECTRICAL SERVICES LTD,,,SE2 0RG,,,,powuk
electrician,London,ELE SYSTEMS LIMITED,,,N9 7BY,,,,powuk
electrician,London,A.MACS ELECTRICALS LTD,,,E11 4QE,,,,powuk
electrician,London,TRONICON LTD,,,W14 0HH,,,,powuk
electrician,London,PRO INSTALL M & E LIMITED,,,W1S 4JL,,,,powuk
electrician,London,ANDELEC CONSULTANCY LTD,,,NW9 0BA,,,,powuk
electrician,London,COVENT GARDEN SERVICES LIMITED,,,WC2H 9JR,,,,powuk
electrician,London,ADAMS ELECTRICAL SOLUTIONS LIMITED,,,E1 8DR,,,,powuk
electrician,London,ACE FACILITY MANAGEMENT SERVICES LIMITED,,,WC2H 9JQ,,,,powuk
electrician,London,SW ELECTRICAL CONTRACTORS LTD,,,SW16 4QH,,,,powuk
electrician,London,MFSI ELECTRICAL LTD,,,N22 5AD,,,,powuk
electrician,London,ECO GLO LIMITED,,,EC1V 2NX,,,,powuk
electrician,London,BAILIE MECHANICAL & ELECTRICAL LTD,,,N18 1HH,,,,powuk
electrician,London,BROTHERS VISION LTD,,,SW8 1NE,,,,powuk
electrician,London,BELLECO ELECTRICAL LIMITED,,,E9 5PT,,,,powuk
electrician,London,DAWSONS ELECTRICAL SERVICES LTD,,,SE17 3JR,,,,powuk
electrician,London,MORETECH LIMITED,,,E6 3RX,,,,powuk
electrician,London,SWINABBEY GROUP LIMITED,,,N12 8QJ,,,,powuk
electrician,London,FIRSTWAY SOLAR LTD,,,SE19 3RW,,,,powuk
electrician,London,DESIGNER METAL PRODUCTS LIMITED,,,E17 4EE,,,,powuk
electrician,London,AC ELECTRICAL (SURREY) LIMITED,,,SW19 3NW,,,,powuk
electrician,London,EAGLES ELECTRICAL LTD,,,W1T 6EB,,,,powuk
electrician,London,ORMAN CONTRACTING LIMITED,,,W7 1NB,,,,powuk
electrician,London,AVM ELECTRICAL LTD,,,N13 6AN,,,,powuk
electrician,London,PRECISION ELECTRICAL SOLUTIONS LIMITED,,,NW9 8SL,,,,powuk
electrician,London,VLAD ELECTRICS LTD,,,SE12 9PT,,,,powuk
electrician,London,M J P ELECTRICAL LTD,,,SE25 6UE,,,,powuk
electrician,London,LONDONELECTRICALS.CO.UK LIMITED,,,N7 8GR,,,,powuk
electrician,London,TELEGRAPH HILL BUILDERS LTD,,,SE14 5PP,,,,powuk
electrician,London,S. MUCA LIMITED,,,NW10 4SJ,,,,powuk
electrician,London,CGB ELECTRICAL GROUP LTD,,,E4 7BA,,,,powuk
electrician,London,FUSED ELECTRICS LTD,,,EC1V 2NX,,,,powuk
electrician,London,SULIS ELECTRICAL LIMITED,,,NW1 9PR,,,,powuk
electrician,London,GETRICITY LIMITED,,,SW11 8BZ,,,,powuk
electrician,London,STORY HORSE LTD,,,E9 6JS,,,,powuk
electrician,London,MAREM LIMITED,,,SE18 6TU,,,,powuk
electrician,London,A & O CONSTRUCTION SERVICES LIMITED,,,N14 6NZ,,,,powuk
electrician,London,S GAUL ELECTRICAL LIMITED,,,E17 4EE,,,,powuk
electrician,London,CENTURION ES LTD,,,SE19 2LX,,,,powuk
electrician,London,BLUE LANTERN ELECTRICAL SERVICES LIMITED,,,NW6 6QA,,,,powuk
electrician,London,QUINN ELECTRICAL LIMITED,,,NW9 8JP,,,,powuk
electrician,London,GALAXIA CONSTRUCTION LIMITED,,,SW18 5EF,,,,powuk
electrician,London,SALIENT INSTALLATIONS LTD,,,N1 7GU,,,,powuk
electrician,London,ELCOFIX LTD,,,SE28 8HA,,,,powuk
electrician,London,ELMO ELECTRICAL CONTRACTORS LTD,,,WC2H 9JQ,,,,powuk
electrician,London,ENESERVE LIMITED,,,E2 8DN,,,,powuk
electrician,London,PARADIGM LOFTS & CONSTRUCTION LTD,,,E2 6AH,,,,powuk
electrician,London,FIX MY PROPERTY LTD,,,W2 1RD,,,,powuk
electrician,London,SG POWER DISTRIBUTION LTD,,,W1W 5PF,,,,powuk
electrician,London,SMART NETWORKING LTD,,,E17 6JH,,,,powuk
electrician,London,J.P.H BUILDING SERVICES LIMITED,,,SE9 5HP,,,,powuk
electrician,London,DOUBLE SHOCK LTD,,,NW9 6EU,,,,powuk
electrician,London,KC STAR ELECTRICAL LIMITED,,,NW10 6RF,,,,powuk
electrician,London,BSP CONTRACTING LIMITED,,,EC1V 2NX,,,,powuk
electrician,London,LONDON OHMS CENTRAL LTD,,,W8 6SN,,,,powuk
electrician,London,JLB ELECTRICAL CONTRACTOR LTD,,,N2 9EB,,,,powuk
electrician,London,E17 ELECTRICIANS LTD,,,E4 8DN,,,,powuk
electrician,London,TC BUILDING & ELECTRICS LIMITED,,,SE14 5LZ,,,,powuk
electrician,London,LUC M&E SERVICES LIMITED,,,NW3 1PR,,,,powuk
electrician,London,RB CONNECT LTD,,,N1 7GU,,,,powuk
electrician,London,M SYSTEMS LTD,,,SE9 1DN,,,,powuk
electrician,London,IN BASSA ELECTRICAL LIMITED,,,E18 1HA,,,,powuk
electrician,London,DEMSE TECHNICAL SYSTEMS LIMITED,,,N17 8DT,,,,powuk
electrician,London,K2 ELECTRICS LIMITED,,,N22 8YW,,,,powuk
electrician,London,NILE CONSTRUCTION LTD,,,NW10 8GS,,,,powuk
electrician,London,REFINE CONSTRUCTION LTD,,,N22 8JR,,,,powuk
electrician,London,S&A LONDON ELECTRIC LIMITED,,,W3 8BB,,,,powuk
electrician,London,EDLECTRICAL LIMITED,,,SE14 6RL,,,,powuk
electrician,London,KENSINGTON BUILDERS & DECORATORS LIMITED,,,E10 7BH,,,,powuk
electrician,London,SWELLELECTRICIANS LTD,,,W14 8TD,,,,powuk
electrician,London,PLATINUM ELECTRICAL CONTRACTING LTD,,,N1 7GU,,,,powuk
electrician,London,KENNETT ELECTRICS LIMITED,,,WC2A 2JR,,,,powuk
electrician,London,NPH (LONDON) LTD,,,N14 5DX,,,,powuk
electrician,London,CLEAR MAINTENANCE LTD,,,E7 8PS,,,,powuk
electrician,London,J&C ELECTRICAL LTD,,,EC2A 4NE,,,,powuk
electrician,London,HUNTLEY ELECTRONIC SYSTEMS LTD,,,N14 6HF,,,,powuk
electrician,London,HALLOWELL ELECTRICAL ENGINEERS LIMITED,,,E11 1NL,,,,powuk
electrician,London,SIX SEVEN PROJECT LTD,,,N1 7GU,,,,powuk
electrician,London,GRATTE BROTHERS BUILDING SERVICES MAINTENANCE LIMITED,,,N1 9RL,,,,powuk
electrician,London,GASNET LTD,,,E4 8SA,,,,powuk
electrician,London,GREEN ENERGY SYSTEMS LTD,,,WC2H 9JQ,,,,powuk
electrician,London,BOLT ELECTRICS LTD,,,N19 4HU,,,,powuk
electrician,London,PST (PACK SERVICE TEAM) LIMITED,,,W1T 5DB,,,,powuk
electrician,London,IRS SOLUTIONS LIMITED,,,E4 6AG,,,,powuk
electrician,London,MEM PLUMBING & ELECTRICAL LIMITED,,,N13 4XS,,,,powuk
electrician,London,AUTIFY LTD,,,EC1V 2NX,,,,powuk
electrician,London,GPE ENGINEERS LTD,,,SE25 4XT,,,,powuk
electrician,London,WATTS AMP ELECTRICAL SERVICES LTD,,,NW9 8SL,,,,powuk
electrician,London,DACC EUROPE MECHANICAL AND ELECTRICAL LIMITED,,,E14 4AS,,,,powuk
electrician,London,FORYOU ELECTRICAL LTD,,,N8 8PT,,,,powuk
electrician,London,INSTANT KITCHENS & BEDROOMS LIMITED,,,E14 7AF,,,,powuk
electrician,London,BUILDER BEE LIMITED,,,E1 8JH,,,,powuk
electrician,London,MATT TAYLOR ELECTRICAL LTD,,,E18 2JT,,,,powuk
electrician,London,CAVENDISH FIRE AND SECURITY LTD,,,WC2A 2JR,,,,powuk
electrician,London,TAMPY ELECTRICAL LIMITED,,,SE11 4HX,,,,powuk
electrician,London,PD ELECTRICAL LONDON LIMITED,,,E4 6HY,,,,powuk
electrician,London,EL.CEM LIMITED,,,N4 1LZ,,,,powuk
electrician,London,MURPHY TECHNICAL SERVICES LIMITED,,,NW5 1TN,,,,powuk
electrician,London,AAJ ELECTRICAL SERVICES LTD,,,W3 7JT,,,,powuk
electrician,London,DJ ELECTRICAL SERVICES LIMITED,,,N17 6EP,,,,powuk
electrician,London,LEVI L-ECTRICS LTD,,,SW16 2SS,,,,powuk
electrician,London,AC1 ELECTRICAL SERVICES LIMITED,,,E14 9XL,,,,powuk
electrician,London,HAPPY HOUSE PROJECT LTD,,,NW10 9UD,,,,powuk
electrician,London,GASEL SERVICES LIMITED,,,N13 6JH,,,,powuk
electrician,London,MANCHESTER INTERIOR DECORATION LTD,,,WC2H 9JQ,,,,powuk
electrician,London,ALP ENGINEERING & CONSULTANCY LTD,,,SW1V 1RY,,,,powuk
electrician,London,JANWAY ELECTRICS LTD,,,E6 6NT,,,,powuk
electrician,London,I M ELECTRICAL CONTRACTS LIMITED,,,N13 5RY,,,,powuk
electrician,London,ABG GROUP SOLUTIONS LTD,,,EC4M 7JN,,,,powuk
electrician,London,PLF ELECTRICAL LTD,,,N7 8GR,,,,powuk
electrician,London,BOGDAN CONTRACTORS LTD,,,E15 1SU,,,,powuk
electrician,London,CUSTOM SOLAR LTD,,,SE1 9SG,,,,powuk
electrician,London,SHEVKET BROTHERS LTD,,,E18 1AN,,,,powuk
electrician,London,YELROC GLOBAL LTD,,,EC1V 2NX,,,,powuk
electrician,London,EXPANDCO LTD,,,N19 3LZ,,,,powuk
electrician,London,COMPOUNDING HARMONICS LIMITED,,,N22 6HU,,,,powuk
electrician,London,OSPREY SECURITY SOLUTION LTD,,,E10 6LA,,,,powuk
electrician,London,AZRA IT TECHNOLOGY LTD,,,N3 2LN,,,,powuk
electrician,London,WATERHOUSE M&E LTD,,,N3 1XW,,,,powuk
electrician,London,SKYLINE DIMENSIONS LTD,,,E12 5QR,,,,powuk
electrician,London,STM RENOVATION LIMITED,,,N17 9PT,,,,powuk
electrician,London,YRH ENGINEERING LIMITED,,,SE23 3HW,,,,powuk
electrician,London,PEGASUS ELECTRICAL SOLUTIONS LTD,,,EC2A 4NE,,,,powuk
electrician,London,ELECTROSCOPE ELECTRICAL LIMITED,,,E4 9HZ,,,,powuk
electrician,London,THEYDON ELECTRICAL LIMITED,,,N3 2SZ,,,,powuk
electrician,London,FIRST CALL LIMITED,,,E12 6RN,,,,powuk
electrician,London,INTEGRATED CARE GUARD LTD,,,WC2H 9JQ,,,,powuk
electrician,London,DV CABLING LTD,,,NW9 5FL,,,,powuk
electrician,London,ELECTRO CONDUCT LTD,,,W13 9PW,,,,powuk
electrician,London,SAFEHANDS HEATING & PLUMBING LIMITED,,,E6 6AX,,,,powuk
electrician,London,UNIQHOME LTD,,,E11 2RF,,,,powuk
electrician,London,INSIGHT ELECTRICAL SERVICES LTD,,,NW2 1DT,,,,powuk
electrician,London,AMB ELECTRICAL LTD.,,,SW6 3JD,,,,powuk
electrician,London,AG HEATING & ELECTRICAL LTD,,,E6 2HB,,,,powuk
electrician,London,SUPPORT 2 GO LTD,,,E14 9TS,,,,powuk
electrician,London,ACTION BUILDING SERVICES LTD,,,EC1V 2NX,,,,powuk
electrician,London,NAD ELECTRICAL SERVICE LTD,,,SE11 4HR,,,,powuk
electrician,London,TOMASZ ELECTRICAL LIMITED,,,SE25 6AQ,,,,powuk
electrician,London,SKILLS ESSILFIE ELECTRICAL SERVICES LIMITED,,,SW9 0UU,,,,powuk
electrician,London,MK LONDON GROUP LIMITED,,,SW6 2SZ,,,,powuk
electrician,London,JJ LONDON SERVICES LIMITED,,,E9 5AA,,,,powuk
electrician,London,TH.ES ENTERPRISES LTD,,,SE13 7DW,,,,powuk
electrician,London,MADALI ELECTRIC LIMITED,,,N16 5UP,,,,powuk
electrician,London,P.B.POWER AND DATA LTD,,,SE8 4BF,,,,powuk
electrician,London,PINNACLE HOME SOLUTIONS (PVT) LIMITED,,,SW17 9HP,,,,powuk
electrician,London,HOME 2 LIMITED,,,SW14 8EF,,,,powuk
electrician,London,CO2 CONTROLS SERVICE LTD,,,EC4A 2AB,,,,powuk
electrician,London,ELCOM PROJECTS LIMITED,,,N3 2SZ,,,,powuk
electrician,London,AKK ELECTRICAL SERVICES LTD,,,EC2A 4NE,,,,powuk
electrician,London,SMARTSPARKY ELECTRICAL SERVICES LTD,,,E20 1AN,,,,powuk
electrician,London,WIRED UP ELECTRICAL SOLUTIONS LIMITED,,,E14 9FJ,,,,powuk
electrician,London,WEST LONDON ELECTRICAL CONTRACTOR SERVICES LTD.,,,W3 6AY,,,,powuk
electrician,London,RKW HOMES LTD,,,WC2H 9JQ,,,,powuk
electrician,London,CHEN HEATING AND PLUMBING LIMITED,,,EC1V 2NX,,,,powuk
electrician,London,RAUL TULEI LTD,,,SE3 8UD,,,,powuk
electrician,London,LUMEX TRADING LTD,,,WC2H 9JQ,,,,powuk
electrician,London,EFFICIENT EARTH LTD,,,SW20 9HL,,,,powuk
electrician,London,FIRST CALL ELECTRICAL LIMITED,,,SE9 2BD,,,,powuk
electrician,London,AAM ELECTRICAL SERVICES LTD,,,N9 7RE,,,,powuk
electrician,London,ENT TECH SYSTEMS LTD,,,N12 0BP,,,,powuk
electrician,London,P & H INSTALLATIONS LIMITED,,,E4 6AG,,,,powuk
electrician,London,XPRT LIMITED,,,NW7 2HP,,,,powuk
electrician,London,GOLDEN PIN LIMITED,,,N3 2LJ,,,,powuk
electrician,London,NOUR2B LIMITED,,,EC1V 2NX,,,,powuk
electrician,London,AA ELECTRICAL CONTRACTORS LIMITED,,,SE19 3TT,,,,powuk
electrician,London,ZAK ELECTRIC LIMITED,,,E16 3DS,,,,powuk
electrician,London,STATHAM’S PROPERTIES SERVICE LTD,,,EC1V 2NX,,,,powuk
electrician,London,BEST ELECTRICAL SERVICES TODAY LTD,,,W3 0LJ,,,,powuk
electrician,London,CONSTRACTION UK LTD,,,W4 1SZ,,,,powuk
electrician,London,AUTOMATED CONTROLS INSTALLATIONS LTD,,,SE23 3UW,,,,powuk
electrician,London,BMN SERVICES LTD,,,W1H 6BQ,,,,powuk
electrician,London,WORLDFIBER TELECOMMUNICATION LTD,,,EC4N 8AL,,,,powuk
electrician,London,SIRI CONSTRUCTION LTD,,,EC2A 4NE,,,,powuk
electrician,London,S&S INTERIOR RENOVATIONS LTD,,,SE16 4UX,,,,powuk
electrician,London,CASAFIX LTD,,,W8 4LZ,,,,powuk
electrician,London,JEREMY ELECTRICAL LIMITED,,,N18 2DL,,,,powuk
electrician,London,EZBUILD & MAINTAIN LTD,,,E1 5AB,,,,powuk
electrician,London,NAC ELECTRICAL SERVICES LIMITED,,,E14 9DT,,,,powuk
electrician,London,CCTV INSTALLATION LTD,,,SW16 5NN,,,,powuk
electrician,London,SSS ELECTRICAL LTD,,,SE6 2NZ,,,,powuk
electrician,London,SMALL ELECTRICAL JOBS LTD,,,N12 0BP,,,,powuk
electrician,London,M P ELECTRICAL CONTRACTORS (BERKSHIRE) LTD.,,,W3 0BU,,,,powuk
electrician,London,B.  MERRY ELECTRICAL LIMITED,,,E6 3RX,,,,powuk
electrician,London,ZAR SYSTECH LTD,,,N16 7XB,,,,powuk
electrician,London,RBS CONTRACT SERVICES LIMITED,,,EC2A 4NE,,,,powuk
electrician,London,CREDENCE CONTRACTS LTD,,,N12 0BP,,,,powuk
electrician,London,BLUEVISTA SOLUTIONS LIMITED,,,WC1N 3AX,,,,powuk
electrician,London,A.OK ELECTRICAL INSTALLATION & COMPLIANCE SERVICES LIMITED,,,N18 1RT,,,,powuk
electrician,London,MJ CONNECTED LTD,,,SE5 0BD,,,,powuk
electrician,London,WHITTEN LTD,,,N21 1HS,,,,powuk
electrician,London,ETON ASSOCIATES LIMITED,,,EC3A 8BF,,,,powuk
electrician,London,APEX LONDON GROUP (MAINTENANCE) LTD,,,W1T 5DB,,,,powuk
electrician,London,CALEB&TYLER SERVICES LTD,,,W9 3NG,,,,powuk
electrician,London,LP ELECTRICIAN EXCELLENCE LTD,,,N14 6LN,,,,powuk
electrician,London,B'SPARK'S ELECTRICAL SERVICES LIMITED,,,N14 6HF,,,,powuk
electrician,London,ESS & SOLAR SOLUTIONS LIMITED,,,E6 1BF,,,,powuk
electrician,London,SOLAR ELECTRICAL LTD,,,N3 1YH,,,,powuk
electrician,London,SKYSCAPE GROUP LTD,,,N1 7GU,,,,powuk
electrician,London,ZK LIGHTING & ELECTRICAL LIMITED,,,N13 4PN,,,,powuk
electrician,London,E7 ELECTRICAL LTD,,,E1 5JL,,,,powuk
electrician,London,VEROHM ELECTRICAL LTD,,,WC2A 2JR,,,,powuk
electrician,London,DIGITALRETAILPREVIEW LTD,,,NW11 6DX,,,,powuk
electrician,London,O & M ELECTRICIANS AND REFURBISHMENT LIMITED,,,WC2H 9JQ,,,,powuk
electrician,London,SABLE BUILDING INDUSTRIES LTD,,,WC2H 9JQ,,,,powuk
electrician,London,CONNECTED SYSTEM SOLUTION UK LTD,,,W1W 5PF,,,,powuk
electrician,London,OSEDUMME LIMITED,,,SE18 5QW,,,,powuk
electrician,London,ALB BUILDING SERVICES LTD,,,N12 9DA,,,,powuk
electrician,London,SACH ELECTRICAL LIMITED,,,E4 6RF,,,,powuk
electrician,London,PR MECHANICAL SERVICES (IRL) LIMITED,,,WC2H 9JQ,,,,powuk
electrician,London,MH ELECTRICS LIMITED,,,E17 5BX,,,,powuk
electrician,London,GUK SOLUTIONS LTD,,,E17 6JG,,,,powuk
electrician,London,LOVE AUTOMATION LTD,,,N6 5JX,,,,powuk
electrician,London,JZ ELECTRICAL INSTALLATIONS LTD,,,N13 4XS,,,,powuk
electrician,London,RAY LEWIS ELECTRICAL CONTRACTORS LIMITED,,,N18 1PH,,,,powuk
electrician,London,SPICE INSTALLATIONS LIMITED,,,SE18 7BH,,,,powuk
electrician,London,POWER TRONICS LIMITED,,,E11 1LP,,,,powuk
electrician,London,BALFOUR BEATTY ENGINEERING SERVICES (HY) LIMITED,,,E14 5HU,,,,powuk
electrician,London,GRIFFIN ELECTRICAL SERVICES LTD,,,W12 0BJ,,,,powuk
electrician,London,RJK ELECTRICAL LTD,,,NW2 3LP,,,,powuk
electrician,London,VVB ENGINEERING (UK) LIMITED,,,EC4M 9BR,,,,powuk
electrician,London,JEAN PAUL ELECTRICAL LIMITED,,,EC2A 3AR,,,,powuk
electrician,London,KCK ENGINEERING LTD,,,EC1V 2NX,,,,powuk
electrician,London,GREGORIS LONDON LTD,,,WC1E 6DX,,,,powuk
electrician,London,BLUCO ELECTRICAL LTD,,,E17 4BH,,,,powuk
electrician,London,TINGO ELECTRICAL LIMITED,,,NW2 3BT,,,,powuk
electrician,London,JD O'LEARY LTD,,,E9 5SH,,,,powuk
electrician,London,SIMON ELECTRICAL SERVICES LIMITED,,,NW7 2AS,,,,powuk
electrician,London,GS4 SOLUTIONS LIMITED,,,E7 9DH,,,,powuk
electrician,London,SMART-TECH ELECTRICAL LIMITED,,,N22 6RP,,,,powuk
electrician,London,FITZ LIGHTING LTD,,,NW6 2EB,,,,powuk
electrician,London,KO MAINTENANCE (LONDON) LTD,,,EC1V 2NX,,,,powuk
electrician,London,ACNA LTD,,,E12 6LL,,,,powuk
electrician,London,POWER EXCHANGE ELECTRICAL SERVICES LIMITED,,,NW2 7LT,,,,powuk
electrician,London,MR SECURITIES LTD,,,E1W 3RB,,,,powuk
electrician,London,MAGREE LIMITED,,,SE9 3TL,,,,powuk
electrician,London,IE ELECTRICAL LTD,,,N13 5TP,,,,powuk
electrician,London,JAMES MANNING ELECT LTD,,,EC2A 4NE,,,,powuk
electrician,London,POWER CONNEXIONS LIMITED,,,NW10 6RF,,,,powuk
electrician,London,GREEN SOLAR & RENEWABLES LIMITED,,,EC1V 2NX,,,,powuk
electrician,London,GC ELECTRICAL & MAINTENANCE LTD,,,N12 8QA,,,,powuk
electrician,London,K A ELECTRICAL LIMITED,,,SW14 8EF,,,,powuk
electrician,London,ELECTRYX LTD,,,EC1V 2NJ,,,,powuk
electrician,London,DYNAMIK ELECTRICAL SERVICES LTD,,,E10 6DP,,,,powuk
electrician,London,RAMPAUL ELECTRICAL LIMITED,,,EC3M 5JD,,,,powuk
electrician,London,POWER FIX ELECTRICAL SOLUTIONS LTD,,,WC1N 3AX,,,,powuk
electrician,London,COOLING SYSTEMS SOLUTIONS LTD,,,N11 1PJ,,,,powuk
electrician,London,FSK ELECTRICAL LTD,,,WC2H 9JQ,,,,powuk
electrician,London,KRAKRA ELECTRICAL LTD.,,,NW4 2TL,,,,powuk
electrician,London,RENEWABLE CLEAN ENERGY LIMITED,,,EC3M 4AE,,,,powuk
electrician,London,A G MCEVOY LIMITED,,,E6 3RX,,,,powuk
electrician,London,NORTHPINE SMART SOLUTIONS LTD,,,EC1V 2NX,,,,powuk
electrician,London,DDR CONSTRUCTION LTD,,,SE9 3DY,,,,powuk
electrician,London,ANGLO-TESLA ELECTRICAL LTD,,,SW9 6PP,,,,powuk
electrician,London,K & H POWER SOLUTIONS LIMITED,,,NW9 8NX,,,,powuk
electrician,London,MAKALU ELECTRICAL LIMITED,,,N13 4BG,,,,powuk
electrician,London,FSE PLANT HIRE LTD,,,N1 7GU,,,,powuk
electrician,London,LEX TECHNICAL SERVICES LTD,,,WC2H 9JQ,,,,powuk
electrician,London,FSEL DALMAR LTD,,,E17 8HQ,,,,powuk
electrician,London,CIRCUITCORE LTD,,,E17 6EL,,,,powuk
electrician,London,MAVEN ELECTRICAL LIMITED,,,SW13 0PN,,,,powuk
electrician,London,ESM RENEWABLES LTD,,,WC2H 9JQ,,,,powuk
electrician,London,BROMLEY SOUTH ELECTRICAL LTD,,,SE15 3TX,,,,powuk
electrician,London,DAVID DOHERTY ELECTRICAL LIMITED,,,W5 4UB,,,,powuk
electrician,London,LOOP IN ELECTRICAL LIMITED,,,E6 3RX,,,,powuk
electrician,London,SWITCHD LTD,,,EC3V 3NG,,,,powuk
electrician,London,AD SPARKS LTD,,,NW9 6JG,,,,powuk
electrician,London,RPA ELECTRICAL SERVICES LIMITED,,,N11 2RR,,,,powuk
electrician,London,CGC ELECTRICAL SERVICES LTD,,,NW10 0EN,,,,powuk
electrician,London,INSPIRED DESIGNS (BUILDING) LIMITED,,,N3 2LT,,,,powuk
electrician,London,4TRONIC LTD.,,,WC2H 9JQ,,,,powuk
electrician,London,BULB ELECTRICAL LIMITED,,,NW9 8HE,,,,powuk
electrician,London,KEVLAR ELECTRICS LTD,,,E5 9AU,,,,powuk
electrician,London,HIGH STANDARD ELECTRICALS LTD,,,SE13 7TY,,,,powuk
electrician,London,SK ELECTRICAL SERVICES (UK) LTD,,,SE9 4DL,,,,powuk
electrician,London,JAY-TECH ELECTRIC LTD,,,N11 1EJ,,,,powuk
electrician,London,BURLINGTON ELECTRICALS LIMITED,,,N10 1NJ,,,,powuk
electrician,London,HOME FIX GLOBAL LIMITED,,,E11 4HD,,,,powuk
electrician,London,AM ELECTRICIAN MAINTENANCE LTD,,,N16 0NY,,,,powuk
electrician,London,LMB ELECTRICAL CONTRACTORS LIMITED,,,N12 8QJ,,,,powuk
electrician,London,VMK ELECTRICAL LTD,,,N12 0HH,,,,powuk
electrician,London,EIE LONDON LTD,,,NW9 5JD,,,,powuk
electrician,London,MM BUILDERS & INSTALLATIONS LIMITED,,,E2 0QR,,,,powuk
electrician,London,WIRE DESIRE ELECTRICAL LIMITED,,,E17 6PS,,,,powuk
electrician,London,CIRCUIT SAFE LIMITED,,,SE18 6GQ,,,,powuk
electrician,London,SIMARC ELECTRICALS LIMITED,,,E5 8SX,,,,powuk
electrician,London,AIRCOND (RO) LIMITED,,,NW9 8SL,,,,powuk
electrician,London,MARKBENCH ENGINEERING SERVICES LIMITED,,,SW11 5QL,,,,powuk
electrician,London,BCL GWYNT LIMITED,,,EC3M 6BL,,,,powuk
electrician,London,BOSS ELECTRICS LTD,,,E15 3BQ,,,,powuk
electrician,London,GETO-DACIA BUILDING LTD,,,EC1V 2NX,,,,powuk
electrician,London,KOVOSCHMIDT LTD,,,N1 7GU,,,,powuk
electrician,London,VERIFY ELECTRICAL LTD,,,EC1V 2NX,,,,powuk
electrician,London,OLX TECH LTD,,,E6 1NQ,,,,powuk
electrician,London,MILTONS OF PIMLICO LTD,,,SW1P 4ER,,,,powuk
electrician,London,SAFESTART LTD,,,NW4 1NJ,,,,powuk
electrician,London,ILFORD ELECTRICAL LTD,,,E14 9FJ,,,,powuk
electrician,London,LONDON WEST ELECTRICAL SERVICES LTD,,,WC1N 3AX,,,,powuk
electrician,London,KS ENGINEERING SOLUTIONS LTD,,,E6 3JQ,,,,powuk
electrician,London,ENGI SOLUTION LTD,,,N22 5EE,,,,powuk
electrician,London,SREMA LTD,,,N1 9SB,,,,powuk
electrician,London,BOB ELECTRICAL SERVICES LIMITED,,,N9 8EJ,,,,powuk
electrician,London,SEFA SERVICES LIMITED,,,SE25 4UF,,,,powuk
electrician,London,WISHPROPERTYSERVICES LTD,,,EC1V 2NX,,,,powuk
electrician,London,SOLAR TEAM LTD,,,SW18 1NW,,,,powuk
electrician,London,ATO -SOLUTIONS1 LIMITED,,,SW19 2RR,,,,powuk
electrician,London,TECKENGINEERING LIMITED,,,EC2A 4NE,,,,powuk
electrician,London,NEE ELECTRICAL LTD,,,W12 8ES,,,,powuk
electrician,London,OMARAH ELECTRICAL LTD,,,SE15 3TT,,,,powuk
electrician,London,MM ELECTRICAL SERVICES LTD,,,W2 1DS,,,,powuk
electrician,London,S A FIRE AND SECURITY SYSTEMS LIMITED,,,W7 2QE,,,,powuk
electrician,London,AUTOMATRY LTD,,,SE16 4AZ,,,,powuk
electrician,London,OHMEGA ELECTRICAL SPECIALISTS LIMITED,,,E6 3RX,,,,powuk
electrician,London,FREQUENCY ELECTRIC UK LTD,,,W13 8DG,,,,powuk
electrician,London,CYPAK LTD,,,E11 4HS,,,,powuk
electrician,London,FACELIFT ELECTRICAL SERVICES LIMITED,,,WC2H 9JQ,,,,powuk
electrician,London,MARK ORBIT AND COMPANY LIMITED,,,E5 9JS,,,,powuk
electrician,London,BOXALL BUILDING SERVICES LIMITED,,,E1 8PY,,,,powuk
electrician,London,24/7 POWERUP ELECTRICAL LTD,,,SW12 8QL,,,,powuk
electrician,London,ALLAN WATSON ELECTRICAL LIMITED,,,N14 4TU,,,,powuk
electrician,London,AGR ELECTRICIANS LTD,,,N22 8HF,,,,powuk
electrician,London,ARENA FIRE AND SECURITY LONDON LTD,,,N21 2AD,,,,powuk
electrician,London,NATIONAL HEATING LTD,,,E7 8PP,,,,powuk
electrician,London,J A SERVICES (LON) LTD,,,SW11 5QL,,,,powuk
electrician,London,IE M & E LIMITED,,,W6 9PL,,,,powuk
electrician,London,HILLFORD LIMITED,,,EC1V 2NX,,,,powuk
electrician,London,E.K.W ELECTRICAL SERVICES LIMITED,,,N3 1QA,,,,powuk
electrician,London,L & B BUILDING CONTRACTORS LTD,,,E12 6NX,,,,powuk
electrician,London,EU TECH PRO LTD,,,WC2H 9JQ,,,,powuk
electrician,London,JASTONE ELECTRICAL SERVICES LTD,,,SW19 2RD,,,,powuk
electrician,London,EPS PROJECTS LTD,,,EC1V 2NX,,,,powuk
electrician,London,HOYDEPS LIMITED,,,SE1 0AS,,,,powuk
electrician,London,NORI ELECTRICS LIMITED,,,E15 4BQ,,,,powuk
electrician,London,HOT STINGER LTD,,,E2 7LF,,,,powuk
electrician,London,JEBARR LIMITED,,,SW18 1PE,,,,powuk
electrician,London,BTA LIGHTING LTD,,,N5 2TE,,,,powuk
electrician,London,DVN GROUP LTD,,,W5 2UA,,,,powuk
electrician,London,MAJESTIC BUILDING MAINTENANCE LTD,,,WC1N 3AX,,,,powuk
electrician,London,GES ELECTRICAL SERVICES LTD,,,N11 3NP,,,,powuk
electrician,London,BORDERLAND BOATS LTD,,,N1 7GU,,,,powuk
electrician,London,SCUBA SPARK LTD,,,N1 7GU,,,,powuk
electrician,London,AMFORA AP LTD,,,E11 1HT,,,,powuk
electrician,London,ANTONY PITTS ELECTRICALS LTD,,,SW16 5PF,,,,powuk
electrician,London,TJA ELECTRICAL LTD,,,N20 8DG,,,,powuk
electrician,London,WIKTOR ELECTRICS LTD,,,N20 0UT,,,,powuk
electrician,London,ONE 01 ELECTRICAL SERVICES LIMITED,,,E9 6SD,,,,powuk
electrician,London,ELPROM LTD,,,NW6 7LY,,,,powuk
electrician,London,AATHEESAN BUILDERS LIMITED,,,NW9 0UA,,,,powuk
electrician,London,DCM ELECTRICAL SERVICES LTD,,,WC2H 9JQ,,,,powuk
electrician,London,NEIL CORRY ELECTRICAL LTD,,,W3 0BU,,,,powuk
electrician,London,UB SOLAR UK LIMITED,,,EC1V 2NX,,,,powuk
electrician,London,DEEZA BUILDING SERVICES LTD,,,E16 3RZ,,,,powuk
electrician,London,E6 ELECTRICAL LTD,,,E1 5LP,,,,powuk
electrician,London,JJ RYAN ELECTRICAL LTD,,,N1 0BS,,,,powuk
electrician,London,STRAND ELECTRICAL LTD,,,NW4 4NJ,,,,powuk
electrician,London,E.V. BULLEN & SON LIMITED,,,SE9 3TL,,,,powuk
electrician,London,WIRED AND WONDERFUL (UK) LTD,,,SW18 3SZ,,,,powuk
electrician,London,MPB ELECTRICAL CONTRACTORS LTD,,,WC1N 3AX,,,,powuk
electrician,London,CARLIN ELECTRICAL LIMITED,,,EC2Y 8BR,,,,powuk
electrician,London,BELLE-VILLA LTD,,,W3 8HD,,,,powuk
electrician,London,SIDONI CONSTRUCTION LTD,,,W3 6EW,,,,powuk
electrician,London,DANIEL CDI SERVICES LTD,,,NW9 7AA,,,,powuk
electrician,London,ASCALON 1982 LIMITED,,,SW11 3YH,,,,powuk
electrician,London,BUZZBAR ELECTRICAL LTD,,,NW11 9EU,,,,powuk
electrician,London,BLIKS ELECTRIQUE LIMITED,,,EC1V 2NX,,,,powuk
electrician,London,KAYA ELECTRIC SERVICES COMPANY LTD,,,EC1V 2NX,,,,powuk
electrician,London,PROSAFETYCERTIFICATES LTD,,,E3 2HG,,,,powuk
electrician,London,CC ELECTRICAL SERVICES (LONDON) LTD,,,N14 5JR,,,,powuk
electrician,London,KS ENGINEERING SERVICES PRIVATE LTD,,,NW9 6LU,,,,powuk
electrician,London,BRIGHT ELECTRICS LTD,,,SE1 3UL,,,,powuk
electrician,London,TNT ELECTRICAL LTD,,,N9 7JN,,,,powuk
electrician,London,THE HOME GROUP COMPANIES LIMITED,,,EC1V 2NX,,,,powuk
electrician,London,NEW LOOK REFORMS LIMITED,,,E1 0SG,,,,powuk
electrician,London,DENHAM CRESCENT DEVELOPMENTS LTD,,,SW19 1AU,,,,powuk
electrician,London,A & P ELECTRICAL LTD,,,E17 5DX,,,,powuk
electrician,London,ACT ELECTRICAL & PLUMBING LTD,,,WC2H 9JQ,,,,powuk
electrician,London,BOGEMANS ELECTRICAL ENGINEERING LTD,,,N1 7GU,,,,powuk
electrician,London,CRIMSON SKY FILM LIGHTING LIMITED,,,NW2 5PN,,,,powuk
electrician,London,LORENC CUPI LIMITED,,,NW10 4SJ,,,,powuk
electrician,London,EVOLUTION FACILITIES MANAGEMENT LTD,,,WC2H 9JQ,,,,powuk
electrician,London,TRUESTATE SYSTEMS LTD,,,N1 7GU,,,,powuk
electrician,London,MORENO ELECTRICAL LIMITED,,,NW3 1JE,,,,powuk
electrician,London,ACECO SERVICES LTD,,,SW3 2NY,,,,powuk
electrician,London,REGISDEN LTD,,,SE18 6LF,,,,powuk
electrician,London,ELECTRIQA LTD,,,NW7 1SN,,,,powuk
electrician,London,DESIGN AND RENEW LIFE LIMITED,,,E1 0SG,,,,powuk
electrician,London,OHM FROM HOME ELECTRIC'S LTD,,,WC2H 9JQ,,,,powuk
electrician,London,ACYD GROUP LTD,,,SE28 0DX,,,,powuk
electrician,London,IT- CONSULTING BROKER LTD,,,WC1N 3AX,,,,powuk
electrician,London,RCD UK ELECTRICAL LTD,,,NW9 7AD,,,,powuk
electrician,London,PMJ ELECTRICAL SERVICES LIMITED,,,SW17 7NW,,,,powuk
electrician,London,ELMONTEX LTD,,,WC2H 9JQ,,,,powuk
electrician,London,ADTRUSOL LTD,,,E11 4DW,,,,powuk
electrician,London,HEPWORTH ELECTRICAL SERVICES LTD,,,WC2H 9JQ,,,,powuk
electrician,London,BRIGHTSPARK - ELECTRICAL & BUILDING SERVICES LTD,,,SW2 3ST,,,,powuk
electrician,London,CAN ELECTRONICS LTD,,,NW1 8QP,,,,powuk
electrician,London,ACY ELECTRICAL SERVICES LTD,,,N21 3NA,,,,powuk
electrician,London,KENO ENERGY LTD,,,W1W 5PF,,,,powuk
electrician,London,RMI SOLUTIONS LIMITED,,,E17 6HE,,,,powuk
electrician,London,OAKLEAF ELECTRICAL LIMITED,,,NW10 4SJ,,,,powuk
electrician,London,V-F ELECTRICAL LTD,,,EC1V 2NX,,,,powuk
electrician,London,LOUDEEP LTD,,,W5 5AW,,,,powuk
electrician,London,DEMAR & GAVEL LTD,,,WC2H 9JQ,,,,powuk
electrician,London,SENHOR ELECTRICAL LIMITED,,,NW4 1QP,,,,powuk
electrician,London,VERAMIX LTD,,,WC1X 9LP,,,,powuk
electrician,London,EK ELECTRICAL SERVICES LIMITED,,,N20 0RA,,,,powuk
electrician,London,ZERO DEGREES IT & ELECTRICAL LTD,,,SE3 9LP,,,,powuk
electrician,London,MAC BUSINESS SERVICES LTD,,,E7 8DR,,,,powuk
electrician,London,UPVOLT INSTALLATION SERVICES LTD,,,SW1V 1LW,,,,powuk
electrician,London,SANDLING LIMITED,,,W1T 5DS,,,,powuk
electrician,London,MARTIN DALY LTD,,,SE6 3TW,,,,powuk
electrician,London,SGR ELECTRICAL LIMITED,,,W5 2AA,,,,powuk
electrician,London,MAPLE ELECTRICAL CONTRACTORS LTD.,,,SE4 2SU,,,,powuk
electrician,London,HIGHCONTRAST MANAGEMENT LTD.,,,SE7 7JG,,,,powuk
electrician,London,CAMDEN ELECTRICAL ENGINEERING LIMITED,,,NW5 1TR,,,,powuk
electrician,London,ED ELECTRICAL & EMERGENCY SERVICES LTD,,,SE20 7HQ,,,,powuk
electrician,London,WATT ELECTRICS LTD,,,SE7 7DR,,,,powuk
electrician,London,LDL ELECTRICS LTD,,,EC1V 2NZ,,,,powuk
electrician,London,INFIGO ELECTRICAL LTD,,,E7 9DD,,,,powuk
electrician,London,ATLANTIC ELECTRICAL LTD,,,SW8 1XR,,,,powuk
electrician,London,R.S ELECTRICAL GROUP LTD,,,NW2 7BS,,,,powuk
electrician,London,ENVIRON AUDIO LIMITED,,,SW9 6DE,,,,powuk
electrician,London,BEDOYA ELECTRICAL LTD,,,SW4 7TB,,,,powuk
electrician,London,GP DEVELOP LTD,,,NW6 5QT,,,,powuk
electrician,London,PAGE BUILDING LTD,,,SE21 8RG,,,,powuk
electrician,London,BASE ELECTRICAL LTD,,,SE25 5BL,,,,powuk
electrician,London,SECURE (UK) SERVICES LIMITED,,,N9 9HA,,,,powuk
electrician,London,JJG SOLAR LIMITED,,,EC1V 2NX,,,,powuk
electrician,London,COX ELECTRICAL CONTRACTING LTD,,,SE3 0TA,,,,powuk
electrician,London,BLS ELECTRICAL LTD,,,W6 0LH,,,,powuk
electrician,London,SECOND CITY ELECTRICIANS LTD,,,EC2A 4NE,,,,powuk
electrician,London,SWA ELECTRICAL ENGINEERS LIMITED,,,NW9 8SL,,,,powuk
electrician,London,NEWARC COMPLIANCE SERVICES LIMITED,,,SE3 9QF,,,,powuk
electrician,London,DOMI PROPERTY SERVICES LTD,,,SE12 0BY,,,,powuk
electrician,London,D KASSIE ELECTRICAL LIMITED,,,EC1V 2NX,,,,powuk
electrician,London,BAHRCO LTD,,,N17 0AS,,,,powuk
electrician,London,SIMICUS CONSTRUCTION LTD,,,W1J 5LP,,,,powuk
electrician,London,SOLAR LDN LTD,,,W5 4DS,,,,powuk
electrician,London,E.M.L ELECTRICAL SERVICES LIMITED,,,N13 4PN,,,,powuk
electrician,London,ELPANO LTD,,,NW10 0DR,,,,powuk
electrician,London,TLR ELECTRICAL LIMITED,,,E6 3RX,,,,powuk
electrician,London,ETEK SERVICES LTD,,,N11 2UT,,,,powuk
electrician,London,DELTA SPORTS SERVICES UK LTD,,,E15 1SE,,,,powuk
electrician,London,RAD PROPERTY SOLUTIONS LTD,,,NW2 6GY,,,,powuk
electrician,London,PL ELECTRICAL LONDON LIMITED,,,N18 2AZ,,,,powuk
electrician,London,HAZTECH COMPLIANCE LTD,,,EC1V 2NX,,,,powuk
electrician,London,DATA-KAM LTD,,,SW16 5HA,,,,powuk
electrician,London,SYNTH SOLAR LTD,,,N16 9NP,,,,powuk
electrician,London,SLYC ELECTRICAL CONSULTANCY SERVICES LTD,,,N17 9QU,,,,powuk
electrician,London,ATOBOS LIMITED,,,N22 8QL,,,,powuk
electrician,London,LONDON ELECTRICIAN 365 LTD,,,W2 3UH,,,,powuk
electrician,London,MJH DATA & ELECTRICAL LTD,,,SW2 2BE,,,,powuk
electrician,London,G & G FIXINGS LIMITED,,,SE9 3TL,,,,powuk
electrician,London,LONDON ELECTRICIAN 23 LIMITED,,,N18 2ES,,,,powuk
electrician,London,GO ELEC LTD,,,N12 8AT,,,,powuk
electrician,London,HOME COMFORT ENTERPRISES LTD,,,N3 2LT,,,,powuk
electrician,London,R1T ELECTRICAL& MAINTENANCE LTD,,,SW16 3DJ,,,,powuk
electrician,London,EAST LONDON ELECTRICIANS LIMITED,,,E3 4JL,,,,powuk
electrician,London,J VALE ELECTRICS LTD,,,SE5 0BD,,,,powuk
electrician,London,NINE CONTRACTS LTD,,,NW9 8LJ,,,,powuk
electrician,London,AE SERVICES LONDON LTD,,,N1 7GU,,,,powuk
electrician,London,CENTEX LTD,,,W1W 5PF,,,,powuk
electrician,London,SMART QMS LTD,,,E13 8BE,,,,powuk
electrician,London,WATTEK LTD,,,WC2H 9JQ,,,,powuk
electrician,London,AET ELECTRICAL SERVICE LIMITED,,,N9 9EL,,,,powuk
electrician,London,ELECPLUMB FACILITIES MANAGEMENT LTD,,,NW3 5HT,,,,powuk
electrician,London,DOMUS SAPIENS LTD,,,EC1V 2NX,,,,powuk
electrician,London,GBPL LTD,,,NW10 7TR,,,,powuk
electrician,London,BERKS & SPARKS LTD,,,EC2A 4NE,,,,powuk
electrician,London,SPENCER TECH LTD,,,NW4 3TT,,,,powuk
electrician,London,LEM CONTRACTORS LIMITED,,,SE16 2BL,,,,powuk
electrician,London,TRADE ONEX LTD,,,WC2H 9JQ,,,,powuk
electrician,London,GREAT BRITAIN SERVICES LTD,,,SW18 4LT,,,,powuk
electrician,London,HAISER GROUP LTD,,,WC2H 9JQ,,,,powuk
electrician,London,PRIME MK PROPERTY LTD,,,EC2A 4NE,,,,powuk
electrician,London,TMS ELECTRICIANS LTD,,,N17 6DX,,,,powuk
electrician,London,JEP INDUSTRIAL LIMITED,,,E16 2BZ,,,,powuk
electrician,London,VOLT VISION ELECTRIC LTD,,,N9 0XQ,,,,powuk
electrician,London,AABS LIMITED,,,N13 5UE,,,,powuk
electrician,London,RENEWABLE AND SUSTAINABLE ENERGY SOLUTIONS LTD,,,EC1V 2NX,,,,powuk
electrician,London,ELCIO ELECTRICAL LIMITED,,,EC2A 4NE,,,,powuk
electrician,London,CONNECTION CONTRACTS LIMITED,,,SE9 3TL,,,,powuk
electrician,London,FAST TRACK NVQ LTD,,,N1 7GU,,,,powuk
electrician,London,PINNACLE REGENERATION LIMITED,,,WC1V 6PL,,,,powuk
electrician,London,AUTOMATION ENGINEERING LTD,,,E15 4EN,,,,powuk
electrician,London,PROINSTALL AV LIMITED,,,W1S 4JL,,,,powuk
electrician,London,ELTRADE ELECTRICAL LTD,,,E16 2ZE,,,,powuk
electrician,London,STERLING CROWN PROPERTIES LTD,,,NW10 7TR,,,,powuk
electrician,London,SURESERVE ENERGY SERVICES NORTH LIMITED,,,WC1A 2AJ,,,,powuk
electrician,London,ASWAR QASIR ALREHAB LTD,,,NW9 0BA,,,,powuk
electrician,London,AMOZ ELECTRICAL LIMITED,,,NW2 6HH,,,,powuk
electrician,London,C A & E SERVICES LIMITED,,,SE9 6AP,,,,powuk
electrician,London,ZENGO ELECTRICS LIMITED,,,N21 2NE,,,,powuk
electrician,London,DENIZ ELECTRICAL SERVICES LTD,,,NW1 8PY,,,,powuk
electrician,London,EDISONSPARKS LTD,,,N7 7BL,,,,powuk
electrician,London,NOW ELECTRICS LTD,,,SW16 5NL,,,,powuk
electrician,London,TREESTONE LIMITED,,,W3 7LT,,,,powuk
electrician,London,ALS ELECTRICAL SERVICES LIMITED,,,E17 4SA,,,,powuk
electrician,London,FES CONTRACTS UK NO 5 LIMITED,,,W1U 8EZ,,,,powuk
electrician,London,ELEKTRIC-ON LTD.,,,E3 5AR,,,,powuk
electrician,London,NTH.ENG LIMITED,,,SW16 5NZ,,,,powuk
electrician,London,DALE  POLWARTH LTD,,,EC1V 2NX,,,,powuk
electrician,London,SWEENEY SERVICES LTD,,,NW9 5EY,,,,powuk
electrician,London,NEST TECHNOLOGY LTD,,,E6 2EU,,,,powuk
electrician,London,NCS ELECTRICAL LIMITED,,,E4 9HH,,,,powuk
electrician,London,MEZE HERO LTD,,,N4 1EY,,,,powuk
electrician,London,S&D SOLAR SYSTEMS LTD,,,N8 0RE,,,,powuk
electrician,London,AX ELECTRICAL SOLUTIONS LTD,,,E15 2PP,,,,powuk
electrician,London,VECTIS LIGHTNING PROTECTION LTD,,,EC1V 2NX,,,,powuk
electrician,London,OUTPUT AUDIO VISUAL SOLUTIONS LTD,,,SE23 2TR,,,,powuk
electrician,London,POWERLED ELECTRICS LTD,,,N16 6BZ,,,,powuk
electrician,London,ELYASS ELECTRICAL LTD,,,E17 8JQ,,,,powuk
electrician,London,T.E.D ELECTRICAL LTD,,,NW2 7SL,,,,powuk
electrician,London,LONDON CONCEPT SERVICES LTD,,,SW10 0XF,,,,powuk
electrician,London,LDN MAINTENANCE LTD,,,NW10 7XP,,,,powuk
electrician,London,CITY SPARK ELECTRICAL LTD,,,E11 1HT,,,,powuk
electrician,London,JELLYFISH SOLAR LTD,,,WC2H 9JQ,,,,powuk
electrician,London,ALTEVI MANAGEMENT LTD,,,WC1N 3AX,,,,powuk
electrician,London,LSH ELECTRICAL LIMITED,,,E6 3RX,,,,powuk
electrician,London,HANSETT ELECTRONICS LIMITED,,,SE18 6SS,,,,powuk
electrician,London,BRIAN CHICK LIMITED,,,N3 1LF,,,,powuk
electrician,London,BANCROFT LIMITED,,,E14 9GE,,,,powuk
electrician,London,ZEB ELECTRICAL SERVICES LTD,,,SW16 6PW,,,,powuk
electrician,London,ROBERTS ALLISON LTD,,,N1 7GU,,,,powuk
electrician,London,BANCROFT BLUE LIMITED,,,E14 9GE,,,,powuk
electrician,London,SPARK IGNITE LIMITED,,,N14 5QR,,,,powuk
electrician,London,BESTER ELECTRICAL LIMITED,,,N3 2SZ,,,,powuk
electrician,London,FOSTERS BUILDING SERVICES LIMITED,,,N21 3NA,,,,powuk
electrician,London,CRUX SERVICES LTD,,,NW4 3NH,,,,powuk
electrician,London,KEMETICAL ELECTRICAL SERVICES LTD,,,SW16 4AH,,,,powuk
electrician,London,R1R2 LTD,,,NW10 7TR,,,,powuk
electrician,London,T & I FACILITIES LIMITED,,,N7 7QR,,,,powuk
electrician,London,ZITRON UK LTD,,,W14 0EE,,,,powuk
electrician,London,GSA ELECTRICAL SERVICES LTD,,,W11 2QE,,,,powuk
electrician,London,MAXFRI SYSTEMS LIMITED,,,N3 2JU,,,,powuk
electrician,London,LUMENPOINT LTD,,,E18 1PS,,,,powuk
electrician,London,UNILEVSTRONG LTD,,,NW6 2DR,,,,powuk
electrician,London,EPCIDO LTD,,,EC1N 8SU,,,,powuk
electrician,London,HORAKTY LTD,,,EC2A 4NE,,,,powuk
electrician,London,EDDIE-SONS LTD,,,N15 3QX,,,,powuk
electrician,London,SHOSPAIN TECHNOLOGY LIMITED,,,SE18 2SG,,,,powuk
electrician,London,POWER SOURCE LTD,,,E1 5LP,,,,powuk
electrician,London,BISHOPSGATE ELECTRICAL LTD,,,NW2 7HJ,,,,powuk
electrician,London,TT BUILDING CONTRACTORS LIMITED,,,E17 6HE,,,,powuk
electrician,London,CURRENT PHASE ELECTRICAL LTD,,,SW17 9RR,,,,powuk
electrician,London,ELTECK LIMITED,,,E11 1NX,,,,powuk
electrician,London,BEH ELECTRICS LIMITED,,,W10 5DP,,,,powuk
electrician,London,DELTA CONNECTIONS LTD,,,EC1V 2NX,,,,powuk
electrician,London,NEW WORLD TIMBER SUPPLIES LIMITED,,,E14 9FJ,,,,powuk
electrician,London,P&J ELECTRICAL SERVICES LTD,,,E16 1TT,,,,powuk
electrician,London,DC ELECTRICAL LONDON LTD,,,SW19 8LE,,,,powuk
electrician,London,H & M ELECTRICIAN LTD,,,E17 4GJ,,,,powuk
electrician,London,DATALEC BUSBAR INSTALLATIONS LIMITED,,,W1W 6XH,,,,powuk
electrician,London,ESS RENEWABLES LIMITED,,,SW19 4EU,,,,powuk
electrician,London,LRF ELECTRICAL SERVICES LTD,,,N1 7GU,,,,powuk
electrician,London,DLV ELECTRICAL SERVICES LTD,,,NW10 1NU,,,,powuk
electrician,London,PROTECH ELECTRICS SERVICE LTD,,,NW2 2JP,,,,powuk
electrician,London,RENORA LIMITED,,,NW6 2DR,,,,powuk
electrician,London,TPLH LTD,,,N9 9HY,,,,powuk
electrician,London,FULL BIT SYSTEMS LTD,,,NW9 6AA,,,,powuk
electrician,London,G&A SECURITY & ELECTRICAL SOLUTIONS LIMITED,,,NW6 1NB,,,,powuk
electrician,London,DIGIPOPUP LTD,,,E12 5AD,,,,powuk
electrician,London,I.K.D LIMITED,,,E6 3AA,,,,powuk
electrician,London,APOLLO PROPERTY MAINTENANCE LTD,,,N1 7JU,,,,powuk
electrician,London,NOVOSPACE LTD,,,SW11 4SD,,,,powuk
electrician,London,WEDO ELECTRICS LTD,,,W3 6AY,,,,powuk
electrician,London,VOITEX ELECTRICAL LTD,,,W3 0PH,,,,powuk
electrician,London,LONDON EMERGENCY ELECTRICS LTD,,,WC2H 9JQ,,,,powuk
electrician,London,DYNAMIC CONTROLS & MAINTENANCE LTD,,,EC1V 2NX,,,,powuk
electrician,London,BURFIELD ELECTRICAL LIMITED,,,WC1N 3AX,,,,powuk
electrician,London,EAVES DEVELOPMENTS LIMITED,,,E5 8AJ,,,,powuk
electrician,London,EV LASTING SOLUTIONS LTD,,,N1 7GU,,,,powuk
electrician,London,BAZZ CONSTRUCTION LIMITED,,,W4 3LX,,,,powuk
electrician,London,DR RICH ELECTRICS LTD,,,SW6 3AA,,,,powuk
electrician,London,ENERGOSYS LTD,,,WC1N 3AX,,,,powuk
electrician,London,HITCHY LTD,,,EC2A 4NE,,,,powuk
electrician,London,LEKTRX SERVICES LIMITED,,,SE23 1HQ,,,,powuk
electrician,London,E & E BUILDING SERVICES LIMITED,,,SE26 5RN,,,,powuk
electrician,London,BOUNDARY SURVEILLANCE LIMITED,,,E17 8NE,,,,powuk
electrician,Birmingham,E&J HEATING AND ELECTRIC CONTRACTORS LTD,,,B73 5TR,,,,powuk
electrician,Birmingham,UNITY ELECTRICAL CONTRACTORS LTD,,,B77 3LZ,,,,powuk
electrician,Birmingham,F L S MIDLANDS LTD,,,B42 2NB,,,,powuk
electrician,Birmingham,M S PROPERTY DEVELOPERS LTD,,,B90 3SD,,,,powuk
electrician,Birmingham,CDR ELECTRICAL (MIDLANDS) LTD,,,B91 2SX,,,,powuk
electrician,Birmingham,HIBBS ELECTRICS LIMITED,,,B23 7DL,,,,powuk
electrician,Birmingham,TYKO ELECTRICAL SERVICES LTD,,,B79 7QB,,,,powuk
electrician,Birmingham,SJCOEN ELECTRICAL SERVICES LIMITED,,,B31 5AX,,,,powuk
electrician,Birmingham,A.J.L. MIDLANDS ELECTRICAL SERVICES LTD,,,B92 8LJ,,,,powuk
electrician,Birmingham,A WEAVER ELECTRICAL LIMITED,,,B34 7LD,,,,powuk
electrician,Birmingham,AFH ELECTRICAL LIMITED,,,B64 5HJ,,,,powuk
electrician,Birmingham,A&S ELECTRICAL SERVICES (MIDLANDS) LIMITED,,,B94 5HW,,,,powuk
electrician,Birmingham,DESA ELECTRICAL LTD,,,B76 1NB,,,,powuk
electrician,Birmingham,HR ELECTRICS (UK) LTD,,,B42 2RG,,,,powuk
electrician,Birmingham,IA SOLUTIONS LIMITED,,,B98 7YZ,,,,powuk
electrician,Birmingham,MIDLANDS ECO INSTALLERS LTD,,,B23 7RJ,,,,powuk
electrician,Birmingham,HASLUCKS GREEN ELECTRICAL LIMITED,,,B90 3RQ,,,,powuk
electrician,Birmingham,O AND M ELECTRICAL SOLUTIONS LTD,,,B26 1AR,,,,powuk
electrician,Birmingham,LC ELECTRICAL & PROPERTY SERVICES LTD,,,B13 0HY,,,,powuk
electrician,Birmingham,J JONES ELECTRICAL & FACILITY SERVICES LIMITED,,,B44 8LS,,,,powuk
electrician,Birmingham,ORB FACILITIES MAINTENANCE LTD,,,B24 9ND,,,,powuk
electrician,Birmingham,O'NEILL ELECTRICAL LIMITED,,,B61 0DD,,,,powuk
electrician,Birmingham,EBS ELECTRICAL BUILDING SOLUTIONS LTD,,,B16 0JX,,,,powuk
electrician,Birmingham,TOPGRADE SECURITY SYSTEMS LIMITED,,,B67 7NA,,,,powuk
electrician,Birmingham,WALSALL ENERGY LTD,,,B70 6QG,,,,powuk
electrician,Birmingham,WELESKI LTD,,,B3 1RB,,,,powuk
electrician,Birmingham,APPLEBY ELECTRICAL (BIRMINGHAM) LTD,,,B36 9AD,,,,powuk
electrician,Birmingham,LAL'S ELECTRICAL & COMMS SERVICES LTD,,,B43 6HU,,,,powuk
electrician,Birmingham,MARK J ELECTRICAL LTD,,,B60 2BA,,,,powuk
electrician,Birmingham,RDW ELECTRICAL LTD,,,B62 9NR,,,,powuk
electrician,Birmingham,MARTRIX LIMITED,,,B98 0JT,,,,powuk
electrician,Birmingham,CENTRAL ELECTRICAL SERVICES (WIGGINTON) LTD,,,B79 9LH,,,,powuk
electrician,Birmingham,S TANK ELECTRICAL LTD,,,B20 1BJ,,,,powuk
electrician,Birmingham,ELECTRICAL MECHANICAL AND FABRICATION SERVICES LTD,,,B79 8PA,,,,powuk
electrician,Birmingham,JCM ASSOCIATES LIMITED,,,B27 6LG,,,,powuk
electrician,Birmingham,D2 ELECTRICAL SERVICES LIMITED,,,B10 9QR,,,,powuk
electrician,Birmingham,NEWEY ELECTRICS LTD,,,B96 6RW,,,,powuk
electrician,Birmingham,APEX ENERGY SOLUTION WORLDWIDE LTD,,,B70 6AS,,,,powuk
electrician,Birmingham,WILSON ELECTRICS (WM) LTD,,,B42 1SY,,,,powuk
electrician,Birmingham,EMPIRE ELECTRICAL CONTRACTORS LTD,,,B62 9BX,,,,powuk
electrician,Birmingham,TOTAL 1 ELECTRICAL SERVICES LIMITED,,,B67 7EX,,,,powuk
electrician,Birmingham,YSSP LTD,,,B90 4LE,,,,powuk
electrician,Birmingham,MAINLINE ELECTRICAL LTD,,,B25 8LA,,,,powuk
electrician,Birmingham,ELMBRIDGE ELECTRICAL CONTRACTORS LIMITED,,,B30 3JN,,,,powuk
electrician,Birmingham,S D HUGHES ELECTRICAL SOLAR PV LIMITED,,,B78 2BW,,,,powuk
electrician,Birmingham,WOLITERS LIMITED,,,B61 7BX,,,,powuk
electrician,Birmingham,NORTHERN SITE ELECTRICS LIMITED,,,B73 5HU,,,,powuk
electrician,Birmingham,ATC MAINTENANCE SERVICES LTD,,,B31 2LJ,,,,powuk
electrician,Birmingham,GRANT ENERGY LTD,,,B61 0BX,,,,powuk
electrician,Birmingham,JA GARDNER PROPERTY SERVICES LIMITED,,,B90 2JP,,,,powuk
electrician,Birmingham,PLANET CABLING LTD,,,B92 8DJ,,,,powuk
electrician,Birmingham,APPROVED SECURITY HOLDINGS LIMITED,,,B90 4LE,,,,powuk
electrician,Birmingham,CENTRAL CABLING LTD,,,B77 4GJ,,,,powuk
electrician,Birmingham,BLUNN ELECTRICAL LTD,,,B26 1BB,,,,powuk
electrician,Birmingham,2ND CITY ELECTRICS LTD.,,,B73 5EX,,,,powuk
electrician,Birmingham,BYRNE ELECTRICAL & BUILDING SERVICES LTD,,,B28 0RD,,,,powuk
electrician,Birmingham,RHENLAH PROPERTY SERVICES LTD,,,B74 3PW,,,,powuk
electrician,Birmingham,D.I.F.Y HOME IMPROVEMENTS LTD,,,B60 2PN,,,,powuk
electrician,Birmingham,M WOOLMAN SOLUTIONS LIMITED,,,B62 0AS,,,,powuk
electrician,Birmingham,UKZ SERVICES LTD,,,B11 2AA,,,,powuk
electrician,Birmingham,ELECTRIC MICK LTD,,,B37 6BE,,,,powuk
electrician,Birmingham,LEYDON ELECTRICAL LTD,,,B91 2EA,,,,powuk
electrician,Birmingham,SIMPLY ELECTRIX LTD,,,B21 0RW,,,,powuk
electrician,Birmingham,KSPARKS ELECTRICAL LIMITED,,,B23 6GD,,,,powuk
electrician,Birmingham,COVENTRY PAT TESTING LTD,,,B31 4SU,,,,powuk
electrician,Birmingham,ESTILO ELECTRICAL SERVICES LIMITED,,,B63 3HR,,,,powuk
electrician,Birmingham,C BRETTELL LTD,,,B47 5PX,,,,powuk
electrician,Birmingham,HI-LITE CONTRACTING LIMITED,,,B78 3TR,,,,powuk
electrician,Birmingham,CAMLEC AND SONS ELECTRICAL SERVICES LIMITED,,,B36 9SU,,,,powuk
electrician,Birmingham,S R ELECTRICAL SERVICES LIMITED,,,B61 7DN,,,,powuk
electrician,Birmingham,CHRIS ROBERTS PLUMBING & HEATING LIMITED,,,B79 7RB,,,,powuk
electrician,Birmingham,DANIEL BEST ELECTRICAL LTD,,,B15 1NP,,,,powuk
electrician,Birmingham,C.E.P SERVICES AND MAINTENANCE LTD,,,B63 3HB,,,,powuk
electrician,Birmingham,AKG ELECTRICAL CONTRACTORS MIDLANDS LTD,,,B79 7RB,,,,powuk
electrician,Birmingham,ELECSAFE TAMWORTH LIMITED,,,B77 1HB,,,,powuk
electrician,Birmingham,KORE ELECTRICAL SERVICES LIMITED,,,B78 1ND,,,,powuk
electrician,Birmingham,A4A LONDON LTD,,,B36 9JN,,,,powuk
electrician,Birmingham,GOOD DEXTER LIMITED,,,B79 9LB,,,,powuk
electrician,Birmingham,TOURT ELECTRICAL LIMITED,,,B72 1TX,,,,powuk
electrician,Birmingham,ABS TELECOMMUNICATIONS LIMITED,,,B94 6NS,,,,powuk
electrician,Birmingham,BH ELECTRICIAN LIMITED,,,B8 2QL,,,,powuk
electrician,Birmingham,ADA EDWARDS LIMITED,,,B42 1PT,,,,powuk
electrician,Birmingham,SRC ELECTRICAL SERVICES LTD,,,B29 5SY,,,,powuk
electrician,Birmingham,ANCO ELECTRICAL INSTALLATIONS LTD,,,B46 1HH,,,,powuk
electrician,Birmingham,MURPHY & SON INSTALLATIONS LTD,,,B38 9QA,,,,powuk
electrician,Birmingham,R.T. ELECTRICAL AND COMPUTING INSTALLATION LIMITED,,,B37 7DL,,,,powuk
electrician,Birmingham,ALIM ELECTRICAL SOLUTIONS LIMITED,,,B14 6DT,,,,powuk
electrician,Birmingham,GBIRMZ LTD.,,,B60 3PG,,,,powuk
electrician,Birmingham,SDT ELECTRICAL SERVICES LTD,,,B77 4RA,,,,powuk
electrician,Birmingham,ARB20 LTD,,,B76 9EE,,,,powuk
electrician,Birmingham,GOLDSTAR ELECTRICAL LIMITED,,,B13 0HY,,,,powuk
electrician,Birmingham,SHAUN ELECTRIC & AIR CONDITIONING SERVICES LIMITED,,,B11 4DA,,,,powuk
electrician,Birmingham,VIVID SOLAR STREET LIGHTING (MIDLANDS) LTD,,,B72 1UJ,,,,powuk
electrician,Birmingham,H.C.L ELECTRICAL LIMITED,,,B77 1PW,,,,powuk
electrician,Birmingham,LIGHTING DESIGN DIRECT LTD,,,B65 0EH,,,,powuk
electrician,Birmingham,D & R ELECTRICAL SOLUTIONS LTD,,,B13 0HY,,,,powuk
electrician,Birmingham,ELECTRICAL SERVICES SCH LTD,,,B74 3RL,,,,powuk
electrician,Birmingham,GUILD ELECTRICAL SERVICES LTD,,,B73 5LX,,,,powuk
electrician,Birmingham,I G INSTALLATIONS MIDLANDS LIMITED,,,B77 4QH,,,,powuk
electrician,Birmingham,JOHAL ELECTRICAL WORKS LIMITED,,,B71 2RS,,,,powuk
electrician,Birmingham,H.E.G. ENGINEERS LTD,,,B60 3LA,,,,powuk
electrician,Birmingham,MANTECH AUTOMATION LTD,,,B36 0EH,,,,powuk
electrician,Birmingham,S. BOGUE BATHROOMS LIMITED,,,B92 8AX,,,,powuk
electrician,Birmingham,DAMAND INSTALLS LTD,,,B50 4DT,,,,powuk
electrician,Birmingham,A-LECTRICAL SERVICES LTD,,,B24 9BP,,,,powuk
electrician,Birmingham,NIKO ELECTRICAL LTD,,,B68 0NU,,,,powuk
electrician,Birmingham,MIDLAND COMMERCIAL ELECTRICAL SYSTEMS LIMITED,,,B38 9EP,,,,powuk
electrician,Birmingham,ICN SYSTEMS LIMITED,,,B33 8BB,,,,powuk
electrician,Birmingham,SYNERGY ELECTRICS (MIDLANDS) LIMITED,,,B33 8BB,,,,powuk
electrician,Birmingham,K.C.HICKSON LIMITED,,,B66 2AY,,,,powuk
electrician,Birmingham,PETER WOODWARD ELECTRICAL CONTRACTING LTD,,,B77 2EH,,,,powuk
electrician,Birmingham,OAK LEAF ELECTRICAL SERVICES LIMITED,,,B98 8RH,,,,powuk
electrician,Birmingham,SCREED IT M&E LIMITED,,,B3 1PX,,,,powuk
electrician,Birmingham,ARCHER ELECTRICAL SERVICES LIMITED,,,B61 7DN,,,,powuk
electrician,Birmingham,CURRENT INSTALLS LTD,,,B50 4NP,,,,powuk
electrician,Birmingham,POWERFIX CONNECTIONS LIMITED,,,B46 1NW,,,,powuk
electrician,Birmingham,PANTHER INTELLIGENT HOME SOLUTIONS LIMITED,,,B71 1BA,,,,powuk
electrician,Birmingham,EV-PV LTD,,,B74 4AG,,,,powuk
electrician,Birmingham,INSIGNIA SERVICES LTD,,,B11 2JB,,,,powuk
electrician,Birmingham,TRITECH SOLUTIONS SECURITY FIRE ELECTRICAL LIMITED,,,B62 9JT,,,,powuk
electrician,Birmingham,MINERVA COMMUNICATIONS LIMITED,,,B61 8BA,,,,powuk
electrician,Birmingham,ARDEN ELECTRICAL INSTALLATIONS LTD,,,B93 9HU,,,,powuk
electrician,Birmingham,HALLMARK NETWORKING SOLUTIONS LTD,,,B26 2JL,,,,powuk
electrician,Birmingham,POWERSURJ ELECTRICAL SERVICES LIMITED,,,B42 2LX,,,,powuk
electrician,Birmingham,J. ELECTRICAL UK LIMITED,,,B45 9TA,,,,powuk
electrician,Birmingham,V-LECTRIC LIMITED,,,B79 7JS,,,,powuk
electrician,Birmingham,SUNLEC INTERNATIONAL LTD,,,B91 3DL,,,,powuk
electrician,Birmingham,SUSTAINABLE ELECTRICAL SOLUTIONS LTD,,,B26 2DR,,,,powuk
electrician,Birmingham,BIRMINGHAM BUILDING AND ROOFING CONTRACTORS LIMITED,,,B90 2PU,,,,powuk
electrician,Birmingham,B C JEAVONS LTD,,,B97 5PH,,,,powuk
electrician,Birmingham,KENROY ELECTRICS LIMITED,,,B70 6RR,,,,powuk
electrician,Birmingham,KIE ELECTRICAL LTD,,,B94 5LW,,,,powuk
electrician,Birmingham,KINGS FIRE & ELECTRICAL LIMITED,,,B36 9HN,,,,powuk
electrician,Birmingham,BOURNE ELECTRICAL ENGINEERS LIMITED,,,B90 4LE,,,,powuk
electrician,Birmingham,MCCOLGAN ELECTRICAL LIMITED,,,B90 2BP,,,,powuk
electrician,Birmingham,FLINKAR LIMITED,,,B10 0ED,,,,powuk
electrician,Birmingham,R D SERVICES LIMITED,,,B73 6RU,,,,powuk
electrician,Birmingham,AGW ELECTRICAL (SERVICES) LIMITED,,,B62 9JT,,,,powuk
electrician,Birmingham,HITACHI ENERGY UK LIMITED,,,B1 1TT,,,,powuk
electrician,Birmingham,GREEN-TECH ENERGY SOLUTIONS LTD,,,B28 9JP,,,,powuk
electrician,Birmingham,O.R. BUILDING SERVICES LIMITED,,,B93 0LN,,,,powuk
electrician,Birmingham,NEWEY PROPERTY LTD,,,B73 6BE,,,,powuk
electrician,Birmingham,HPI BUILDING PROPERTY SERVICES LIMITED,,,B8 2DH,,,,powuk
electrician,Birmingham,JD ELECTRICAL (BIRMINGHAM) LIMITED,,,B18 5EB,,,,powuk
electrician,Birmingham,P.H. ADAMS (ELECTRICAL CONTRACTORS) LIMITED,,,B24 9PN,,,,powuk
electrician,Birmingham,MONARCH ELECTRICAL CONTRACTORS LTD,,,B1 3AA,,,,powuk
electrician,Birmingham,JCE ELECTRICAL INSTALLATIONS LTD,,,B98 7GA,,,,powuk
electrician,Birmingham,YEOMANS ELECTRICAL LTD,,,B90 3LU,,,,powuk
electrician,Birmingham,CAA ELECTRICAL LTD,,,B94 5LW,,,,powuk
electrician,Birmingham,ECOTECH GROUP LIMITED,,,B12 0PR,,,,powuk
electrician,Birmingham,GD ELECTRICAL (LONDON) LIMITED,,,B90 3LU,,,,powuk
electrician,Birmingham,D.M.D DATA AND ELECTRICAL SERVICES LTD,,,B61 7AZ,,,,powuk
electrician,Birmingham,LEVEL PROTECTION LIMITED,,,B73 6AL,,,,powuk
electrician,Birmingham,ODE ELECTRICALS LTD,,,B14 5PB,,,,powuk
electrician,Birmingham,REUSE ELECTRICAL SERVICES LIMITED,,,B30 3JN,,,,powuk
electrician,Birmingham,A & R NETWORK SOLUTIONS LTD,,,B64 7QJ,,,,powuk
electrician,Birmingham,SEC MIDLANDS LTD,,,B42 2AB,,,,powuk
electrician,Birmingham,FIRST IN SERVICE LIMITED,,,B7 4PR,,,,powuk
electrician,Birmingham,RELUX CLADDING LTD,,,B70 6RG,,,,powuk
electrician,Birmingham,DGC ELECTRICAL SOLUTIONS LIMITED,,,B90 4UW,,,,powuk
electrician,Birmingham,WGR ELECTRICAL SERVICES LTD,,,B72 1TT,,,,powuk
electrician,Birmingham,JPB ELECTRICAL SERVICES LIMITED,,,B60 4BD,,,,powuk
electrician,Birmingham,A D BROOKES ELECTRICAL SERVICES LIMITED,,,B98 0PH,,,,powuk
electrician,Birmingham,NDS ELECTRICAL LIMITED,,,B79 7RB,,,,powuk
electrician,Birmingham,BETHELEC SERVICES LTD,,,B43 7HT,,,,powuk
electrician,Birmingham,N.E.E. (EXHIBITION ELECTRICS) LIMITED,,,B98 8BP,,,,powuk
electrician,Birmingham,PROPERTY HEIST LTD,,,B11 1SS,,,,powuk
electrician,Birmingham,SEATON HIRE LIMITED,,,B77 2LE,,,,powuk
electrician,Birmingham,GILMORE ELECTRICAL LIMITED,,,B77 4RP,,,,powuk
electrician,Birmingham,SYNERGY GROUP SERVICES LTD,,,B78 3HP,,,,powuk
electrician,Birmingham,HEATH INDUSTRIES LTD,,,B38 8SD,,,,powuk
electrician,Birmingham,JJD CONTRACTING LIMITED,,,B62 8DY,,,,powuk
electrician,Birmingham,A C V  ELEVATOR ELECTRICAL LIMITED,,,B79 7RB,,,,powuk
electrician,Birmingham,A M INSTALLATIONS (UK) LTD,,,B92 9LX,,,,powuk
electrician,Birmingham,RUBICOM ELECTRICAL LTD,,,B98 7RQ,,,,powuk
electrician,Birmingham,M.S SOLID CONSTRUCTION LTD,,,B71 1HF,,,,powuk
electrician,Birmingham,PARADISE ELECTRICAL INSTALLATION LTD,,,B14 6NQ,,,,powuk
electrician,Birmingham,SKY BUILDERS LTD,,,B8 3ES,,,,powuk
electrician,Birmingham,QI FLOORING LIMITED,,,B45 8FL,,,,powuk
electrician,Birmingham,P A ELECTRICAL (MIDLANDS) LIMITED,,,B74 3SY,,,,powuk
electrician,Birmingham,PRICE ELECTRICS (ELECTRICAL CONTRACTORS) LIMITED,,,B98 0QG,,,,powuk
electrician,Birmingham,MAPLE ELECTRICAL LTD,,,B11 2HA,,,,powuk
electrician,Birmingham,BK ELECTRICAL LTD,,,B94 6QW,,,,powuk
electrician,Birmingham,ID SECURITY SYSTEMS LIMITED,,,B7 5PA,,,,powuk
electrician,Birmingham,R M D ELECTRICAL LIMITED,,,B11 3BD,,,,powuk
electrician,Birmingham,IMPULSE ELECTRICS LTD,,,B20 2LU,,,,powuk
electrician,Birmingham,INSPIRELEC LTD,,,B45 8BL,,,,powuk
electrician,Birmingham,WARTON ELECTRICAL SERVICES LIMITED,,,B79 0JH,,,,powuk
electrician,Birmingham,RACK SOLUTIONS LIMITED,,,B26 2AL,,,,powuk
electrician,Birmingham,TRIVOLTAGE LTD,,,B63 1DQ,,,,powuk
electrician,Birmingham,FIRELIGHT DETECTION & ELECTRICAL SYSTEMS LTD,,,B90 4AA,,,,powuk
electrician,Birmingham,CORELEC LTD,,,B90 1SQ,,,,powuk
electrician,Birmingham,MCB ELECTRICAL SOLUTIONS LTD,,,B26 2SJ,,,,powuk
electrician,Birmingham,J. WALTON ELECTRICAL LTD,,,B90 2EL,,,,powuk
electrician,Birmingham,SPITFIRE MAINTENANCE LIMITED,,,B24 9QG,,,,powuk
electrician,Birmingham,REGENTCOMMS LIMITED,,,B92 9AD,,,,powuk
electrician,Birmingham,DUNBAVIN RAIL LTD,,,B31 2JH,,,,powuk
electrician,Birmingham,N D Z ELECTRICAL LTD,,,B15 1TH,,,,powuk
electrician,Birmingham,R. MCLAREN ELECTRICAL LTD,,,B14 6DN,,,,powuk
electrician,Birmingham,RPF ELECTRICAL SERVICES LTD,,,B38 8RA,,,,powuk
electrician,Birmingham,EQUINOX FM LIMITED,,,B77 1AF,,,,powuk
electrician,Birmingham,P S DIXON LTD,,,B43 5ES,,,,powuk
electrician,Birmingham,TICO ELECTRICAL INSTALLATIONS LTD,,,B73 5LT,,,,powuk
electrician,Birmingham,D AND A COMPLETE SERVICES LTD,,,B62 9EF,,,,powuk
electrician,Birmingham,OCTOPUS C LTD,,,B91 1SU,,,,powuk
electrician,Birmingham,ELITE AMP SOLUTIONS LTD,,,B19 2HN,,,,powuk
electrician,Birmingham,WYRE ELECTRICAL LIMITED,,,B44 8LS,,,,powuk
electrician,Birmingham,JAMES KITCHEN & ELECTRICAL INSTALLATIONS LTD,,,B64 6DP,,,,powuk
electrician,Birmingham,SAVE ECO LTD,,,B69 1AQ,,,,powuk
electrician,Birmingham,M.E.S. ELECTRICAL & SOLAR LIMITED,,,B92 9JX,,,,powuk
electrician,Birmingham,SOLIHULL ELECTRICAL SYSTEMS LTD.,,,B95 6HX,,,,powuk
electrician,Birmingham,C.E.W GROUP LIMITED,,,B28 9HW,,,,powuk
electrician,Birmingham,LB ELECTRICAL INSTALLATIONS LTD,,,B91 2LZ,,,,powuk
electrician,Birmingham,HAMPTON ELECTRICAL (UK) LTD,,,B94 6AB,,,,powuk
electrician,Birmingham,C C S ELECTRICAL SERVICES LIMITED,,,B91 1PW,,,,powuk
electrician,Birmingham,PROBE ELECTRICAL & AC LTD,,,B63 3HN,,,,powuk
electrician,Birmingham,GW FACILITIES SERVICES LTD,,,B46 3BP,,,,powuk
electrician,Birmingham,J.D. ELECTRICAL & MECHANICAL SERVICES LIMITED,,,B70 0BF,,,,powuk
electrician,Birmingham,T & D ELECTRICAL SERVICES LIMITED,,,B77 3QQ,,,,powuk
electrician,Birmingham,TAYLOR ELECTRICAL CONTROLS LIMITED,,,B77 1BB,,,,powuk
electrician,Birmingham,QADERI RAIL LTD,,,B12 8AF,,,,powuk
electrician,Birmingham,THE SITU GROUP LTD,,,B77 4RD,,,,powuk
electrician,Birmingham,REDFORDE LTD,,,B30 1DA,,,,powuk
electrician,Birmingham,SPECIALIST ELECTRICAL SYSTEMS LTD,,,B95 6HX,,,,powuk
electrician,Birmingham,PROSTAR ELECTRICAL LTD,,,B11 1PH,,,,powuk
electrician,Birmingham,DTB ELECTRICAL LIMITED,,,B97 5PQ,,,,powuk
electrician,Birmingham,POWER BROS LTD,,,B20 2QR,,,,powuk
electrician,Birmingham,GSTFIXZIE LTD,,,B8 3DD,,,,powuk
electrician,Birmingham,CHIEF MAINTENANCE & ELECTRICAL LTD,,,B63 2UZ,,,,powuk
electrician,Birmingham,ELYTE ELECTRICAL SERVICE LTD,,,B73 5EL,,,,powuk
electrician,Birmingham,M&G HOLDINGS (MIDLANDS) LTD,,,B27 7NX,,,,powuk
electrician,Birmingham,VOLTEX ELECTRICAL ENGINEERING SERVICES DS LTD,,,B94 5LW,,,,powuk
electrician,Birmingham,BAHRIA CONSULTING LTD,,,B25 8DX,,,,powuk
electrician,Birmingham,REDSS (UK) LTD,,,B91 2JF,,,,powuk
electrician,Birmingham,BARRIE BEARD LIMITED,,,B61 7ET,,,,powuk
electrician,Birmingham,MIDLANDS ELECTRICAL SYSTEMS LIMITED,,,B98 9HD,,,,powuk
electrician,Birmingham,ECOWIRE LIMITED,,,B76 1GW,,,,powuk
electrician,Birmingham,EMA ELECTRICAL LIMITED,,,B67 5NF,,,,powuk
electrician,Birmingham,BLACKWOOD ELECTRICAL SOLUTIONS LIMITED,,,B74 3QL,,,,powuk
electrician,Birmingham,KTM ELECTRICAL LTD,,,B72 1UJ,,,,powuk
electrician,Birmingham,THN ELECTRICALS LIMITED,,,B68 9SG,,,,powuk
electrician,Birmingham,BELGRAY BUILDING LTD,,,B90 3RT,,,,powuk
electrician,Birmingham,BELFRY ELECTRICAL SERVICES LTD,,,B74 3EB,,,,powuk
electrician,Birmingham,ELECTRODYNE LIMITED,,,B96 6HS,,,,powuk
electrician,Birmingham,SMALLWOOD ENGINEERING SOLUTIONS LTD,,,B47 5RB,,,,powuk
electrician,Birmingham,POWERCORE ELECTRIC LIMITED,,,B11 3LU,,,,powuk
electrician,Birmingham,ECOHOLIC ENERGY LIMITED,,,B90 3QU,,,,powuk
electrician,Birmingham,RYTON COMMUNICATIONS LTD,,,B15 1TH,,,,powuk
electrician,Birmingham,HEATHCOTE ELECTRICAL LTD,,,B79 7RB,,,,powuk
electrician,Birmingham,MLC SITE SERVICES LTD,,,B64 7BG,,,,powuk
electrician,Birmingham,KX ELECTRICAL CONTRACTORS LTD,,,B98 8LG,,,,powuk
electrician,Birmingham,SIMKINS & WOODWARD ELECTRICAL LIMITED,,,B72 1AF,,,,powuk
electrician,Birmingham,DLUX-PRO MAINTENANCE & CONSTRUCTION LTD,,,B14 4JD,,,,powuk
electrician,Leeds,G HOPWOOD ELECTRICAL CONTRACTORS LIMITED,,,LS29 0PD,,,,powuk
electrician,Leeds,F H P ELECTRICAL LIMITED,,,LS20 8NH,,,,powuk
electrician,Leeds,VELEC LTD,,,LS25 1HB,,,,powuk
electrician,Leeds,KHARAZM LTD,,,LS15 9EN,,,,powuk
electrician,Leeds,P H D ELECTRICAL SERVICES (LEEDS) LIMITED,,,LS28 6JP,,,,powuk
electrician,Leeds,ROHAN ELECTRICAL & MECHANICAL LIMITED,,,LS10 1NL,,,,powuk
electrician,Leeds,BLUE WIRE MECHANICAL & ELECTRICAL LTD,,,LS12 4JD,,,,powuk
electrician,Leeds,BREARLEY CONTRACTING LIMITED,,,LS13 4RT,,,,powuk
electrician,Leeds,SMC ELECTRICAL DIVISION LTD,,,LS25 6EQ,,,,powuk
electrician,Leeds,RIGTON ELECTRICAL LTD,,,LS17 0AE,,,,powuk
electrician,Leeds,L GREEN ELECTRICAL SOLUTIONS YORKSHIRE LTD,,,LS28 7QD,,,,powuk
electrician,Leeds,MORTON BROTHERS LIMITED,,,LS1 2HH,,,,powuk
electrician,Leeds,ASHFIELD ELECTRICAL CONTRACTING LTD,,,LS15 8TJ,,,,powuk
electrician,Leeds,SOWDEN ELECTRICAL SERVICES LIMITED,,,LS29 7RQ,,,,powuk
electrician,Leeds,NETWORK CCTV SYSTEMS LTD.,,,LS26 8LF,,,,powuk
electrician,Leeds,M. STOKER ELECTRICAL LTD,,,LS1 2JP,,,,powuk
electrician,Leeds,MKD ELECTRICAL LTD,,,LS14 6AW,,,,powuk
electrician,Leeds,DSEC LIMITED,,,LS28 6EY,,,,powuk
electrician,Leeds,DSI ILKLEY LIMITED,,,LS26 8RE,,,,powuk
electrician,Leeds,BJF ELECTRICAL SERVICES LIMITED,,,LS12 4JG,,,,powuk
electrician,Leeds,EQUILIBRIUM SOUTH WEST LTD,,,LS25 1NB,,,,powuk
electrician,Leeds,SMARTWIRED ELECTRICAL CONTRACTOR LIMITED,,,LS9 7DR,,,,powuk
electrician,Leeds,FORTH ELECTRICAL LIMITED,,,LS15 8BA,,,,powuk
electrician,Leeds,LEODIS ELECTRICAL LTD,,,LS6 3HA,,,,powuk
electrician,Leeds,ECO ELECTRICAL SERVICES (LEEDS) LIMITED,,,LS12 2LH,,,,powuk
electrician,Leeds,HALO ELECTRICAL SERVICES LIMITED,,,LS19 7RE,,,,powuk
electrician,Leeds,TOFTS ELECTRICAL LTD,,,LS28 7SD,,,,powuk
electrician,Leeds,ABW HEATING & ELECTRICAL LTD,,,LS16 7AS,,,,powuk
electrician,Leeds,EICA SERVICES LTD,,,LS25 1NB,,,,powuk
electrician,Leeds,ALFA ELECTRICAL LIMITED,,,LS17 7RF,,,,powuk
electrician,Leeds,REDLEY ELECTRICAL SERVICES LTD,,,LS25 1HB,,,,powuk
electrician,Leeds,RSK SOLUTIONS (LEEDS) LIMITED,,,LS28 9NA,,,,powuk
electrician,Leeds,FOZARD BUILDING CO LIMITED,,,LS17 7QR,,,,powuk
electrician,Leeds,GERALD CLIFF (ELECTRICAL CONTRACTORS) LIMITED,,,LS6 2LP,,,,powuk
electrician,Leeds,G3 LIGHTING DESIGN LIMITED,,,LS8 1AL,,,,powuk
electrician,Leeds,TND ELECTRICAL LTD,,,LS28 8LD,,,,powuk
electrician,Leeds,A & S ELECTRICAL HOLDINGS LIMITED,,,LS27 8JT,,,,powuk
electrician,Leeds,P R ELECTRICAL SERVICES LIMITED,,,LS24 9JH,,,,powuk
electrician,Leeds,REDLEC LIMITED,,,LS27 7RY,,,,powuk
electrician,Leeds,DURAVAULT LIMITED,,,LS25 7PZ,,,,powuk
electrician,Leeds,SECUR3 ELECTRICAL LTD,,,LS9 7BD,,,,powuk
electrician,Leeds,DATAFLOW NETWORKING INSTALLATIONS LIMITED,,,LS11 9RT,,,,powuk
electrician,Leeds,BERRY ELECTRICAL CONTRACTORS LTD,,,LS15 4JE,,,,powuk
electrician,Leeds,HUNT ENERGY GROUP LTD,,,LS28 5TW,,,,powuk
electrician,Leeds,SMART ELECTRICAL (UK) LTD.,,,LS25 6NB,,,,powuk
electrician,Leeds,ELECTRICAL POWER CONTROL SOLUTIONS LTD,,,LS22 4ET,,,,powuk
electrician,Leeds,J.A. RICHARDSON (ELECTRICAL) LIMITED,,,LS6 3BR,,,,powuk
electrician,Leeds,FORD CONTRACTING SERVICES LTD,,,LS18 5JU,,,,powuk
electrician,Leeds,R.H. ELECTRICAL LIMITED,,,LS15 4JX,,,,powuk
electrician,Leeds,EXPRESS PROJECTS LTD,,,LS11 8JH,,,,powuk
electrician,Leeds,PATH ENERGY LTD,,,LS1 2ND,,,,powuk
electrician,Leeds,S-WIRES ELECTRICAL LTD,,,LS20 8NH,,,,powuk
electrician,Leeds,ELECMET ELECTRICAL SOLUTIONS LTD,,,LS12 3UZ,,,,powuk
electrician,Leeds,HPS ELECTRICAL CONTRACTORS LTD,,,LS20 8NH,,,,powuk
electrician,Leeds,C & C ELECTRICAL GILDERSOME LTD.,,,LS27 7RZ,,,,powuk
electrician,Leeds,REACH ELECTRICAL LTD,,,LS17 6LN,,,,powuk
electrician,Leeds,S L ELECTRIC SERVICES LIMITED,,,LS11 8HA,,,,powuk
electrician,Leeds,ECO LIGHTING SOLUTIONS UK LTD,,,LS21 1RS,,,,powuk
electrician,Leeds,RCM ELECTRICAL LTD,,,LS25 7HU,,,,powuk
electrician,Leeds,G C ELECTRONICS LIMITED,,,LS25 5DR,,,,powuk
electrician,Leeds,FUTURE ELECTRICAL YORKSHIRE LTD,,,LS27 7QN,,,,powuk
electrician,Leeds,REDDISH ELECTRICAL COMPANY LIMITED,,,LS17 8DT,,,,powuk
electrician,Leeds,RDJA LIGHTING LTD,,,LS26 8NT,,,,powuk
electrician,Leeds,LRH ELECTRICAL LTD,,,LS25 1HB,,,,powuk
electrician,Leeds,SAPEC LIMITED,,,LS15 7AN,,,,powuk
electrician,Leeds,AEC ELECTRICAL CONTRACTORS LIMITED,,,LS25 1LL,,,,powuk
electrician,Leeds,MPH ELECTRICAL (HORSFORTH) LIMITED,,,LS18 5JJ,,,,powuk
electrician,Leeds,HECKONNER LIMITED,,,LS8 4EZ,,,,powuk
electrician,Leeds,BRIAN WALKER ELECTRICAL CONTRACTORS LIMITED,,,LS27 7AD,,,,powuk
electrician,Leeds,MATTLEC LIMITED,,,LS15 7QF,,,,powuk
electrician,Leeds,PRIMONT LTD,,,LS14 5NH,,,,powuk
electrician,Leeds,TEALE ELECTRICAL LTD,,,LS18 5EU,,,,powuk
electrician,Leeds,CRE ELECTRICAL CONTRACTORS LIMITED,,,LS26 0TL,,,,powuk
electrician,Leeds,LOCAL ELECTRICIAN SERVICES LTD,,,LS12 5AY,,,,powuk
electrician,Leeds,SANJABS TECHNICAL SOLUTIONS LIMITED,,,LS9 6LT,,,,powuk
electrician,Leeds,R PEARSON ELECTRICAL AND PLUMBING LTD,,,LS16 8DS,,,,powuk
electrician,Leeds,JC ELECTRICAL LEEDS LTD,,,LS19 7EW,,,,powuk
electrician,Leeds,SEC LIGHTING SERVICES TRADING LIMITED,,,LS1 2HJ,,,,powuk
electrician,Leeds,LUCID ELECTRICAL SERVICES LTD,,,LS16 7JE,,,,powuk
electrician,Leeds,ELM BUILDING SERVICE ENGINEERS LTD,,,LS27 7JQ,,,,powuk
electrician,Leeds,SWJ ELECTRICAL LTD,,,LS11 8LJ,,,,powuk
electrician,Leeds,RAM ELECTRICAL (LEEDS) LTD,,,LS15 9AA,,,,powuk
electrician,Leeds,K M D HOLDINGS LIMITED,,,LS15 8ZB,,,,powuk
electrician,Leeds,SOL-TEQ LIMITED,,,LS1 2RY,,,,powuk
electrician,Leeds,CUSTOM ELECTRICS LTD,,,LS28 8QY,,,,powuk
electrician,Leeds,S.ELECTRIX LTD,,,LS21 1RS,,,,powuk
electrician,Leeds,VEN ELECTRICAL SERVICES LIMITED,,,LS1 2HL,,,,powuk
electrician,Leeds,AL ELECTRICAL ENGINEERING LIMITED,,,LS9 6NT,,,,powuk
electrician,Leeds,CPX ELECTRICAL LTD,,,LS25 1LL,,,,powuk
electrician,Leeds,BARRY BOYDON (LEEDS) LIMITED,,,LS12 4NQ,,,,powuk
electrician,Leeds,PME SERVICES (NORTHERN) LIMITED,,,LS12 5TY,,,,powuk
electrician,Leeds,ANDREW SCOTT ELECTRICAL LIMITED,,,LS24 8JS,,,,powuk
electrician,Leeds,THINK ELECTRICAL SOLUTIONS LIMITED,,,LS28 6LE,,,,powuk
electrician,Leeds,TOAN LIMITED,,,LS1 2ND,,,,powuk
electrician,Leeds,JJW CONTRACTING LTD,,,LS18 4DH,,,,powuk
electrician,Leeds,GEO. E. PEARSON LIMITED,,,LS28 5LF,,,,powuk
electrician,Leeds,EVOLT GREEN TECHNOLOGY LTD,,,LS28 9HA,,,,powuk
electrician,Leeds,ELECTRICAL MECHANICAL INSTALLERS LTD,,,LS27 0BZ,,,,powuk
electrician,Leeds,OAKDENE INTERIORS LTD,,,LS25 1LL,,,,powuk
electrician,Leeds,LOCAL RENEWABLE SERVICES LTD,,,LS23 6QY,,,,powuk
electrician,Leeds,STEVE COCKERHAM LIMITED,,,LS29 9BP,,,,powuk
electrician,Leeds,WALKIN ELECTRICAL LTD,,,LS8 1PQ,,,,powuk
electrician,Leeds,WRIGHT RHODES ELECTRICAL LTD,,,LS28 7JS,,,,powuk
electrician,Leeds,MAXIMAS (SERVICES) LIMITED,,,LS25 1PQ,,,,powuk
electrician,Leeds,CV SUPPORT SERVICES LIMITED,,,LS25 2EH,,,,powuk
