vertical,city,businessName,phone,address,rating,reviewCount,website,place_id,source,company_number,company_status,incorporation_date,sic_codes,registered_address,director_name,director_role
nails,Manchester,Yulia Hamilton Nails & Beauty,07858 358562,"40 Laystall St, Manchester, M1 2JQ",4.8,686,https://www.mcrnails.co.uk/?utm_source=google&utm_medium=wix_google_business_profile&utm_campaign=8432878723751390110,ChIJqc1GHw2xe0gRHlFJOBK91nU,serpapi,15554494,active,,96020,25 Woodward Street Manchester M4 7BQ,"MARTEMIANOVA, Iuliia Dmitrievna",director
nails,Manchester,"Townhouse Nail Salon, Manchester King Street",020 7947 0100,"34 King St, Manchester, M2 6AZ",4.8,325,https://townhouse.co.uk/locations/manchester/?utm_source=google&utm_medium=organic_gbp&utm_campaign=north,ChIJrY2aHTyxe0gRe6TjAWi54hI,serpapi,,,,,,,
nails,Manchester,Shuku Nail Spa,,"Suite 117, Phenix Salon Suites, 1 Deansgate, Manchester M3 1AZ",5,71,https://shuku.co.uk/,ChIJN7qBb4Gxe0gRW-D92Q1OQvg,serpapi,,,,,,,
nails,Manchester,Nails by Yulia Hamilton,07858 358562,"New Church House, 34 John Dalton St, Manchester, M2 6LE",4.8,592,https://www.mcrnails.co.uk/,ChIJSZsr8Zixe0gRNL_U1fmA9bg,serpapi,13742131,dissolved,,96020,Apartment C401 9 Owen Street Manchester M15 4UH,"MARTEMIANOVA, Iuliia Dmitrievna",director
nails,Manchester,Bella Spa,07554 012698,"12 Faraday St, Manchester, M1 1BE",4.9,3486,https://www.instagram.com/bellaspa_manchester/,ChIJYziDlcCxe0gR1ly9dKIhVn0,serpapi,14041608,active,,96020,207 Nantwich Road Crewe CW2 6DA,"NGUYEN, Thuy Giang",director
nails,Manchester,The Glow Nail & Beauty,07496 806666,"Suite 104, within phenix salon suites, No. 1 Deansgate, Manchester, M3 1AZ",5,59,https://linktr.ee/FaraNNail,ChIJtyv3opyxe0gRtClj_xtFY4o,serpapi,,,,,,,
nails,Manchester,Classy Nails & Beauty Manchester,0161 971 1665,"1 Whittle St, Manchester, M4 1LT",4.7,622,https://www.instagram.com/classynailsandbeautymcr/?hl=en,ChIJpYaG3juxe0gRnCGKBBEZcVc,serpapi,15631901,dissolved,,96020,Black Horse Chambers 231 Elliott Street Manchester M29 8DG,"NGUYEN, Tien Van",director
nails,Manchester,ACE NAILS,,"Suite 103, within phenix salon suites, 1 Deansgate, Manchester M3 1AZ",4.9,170,http://instagram.com/acenailsmcr/,ChIJUddMoVaxe0gR24bb-Zu0shM,serpapi,15146418,active,,96020,6 Higher Road Manchester M41 9BQ,"VU, Quan Van",director
nails,Manchester,M1 Nails Shudehill,0161 526 0776,"15a Shudehill, Manchester, M4 2AF",4.5,1439,https://m1nails2024.setmore.com/,ChIJDVjzWN6xe0gRO_HDw4cruUo,serpapi,13722598,dissolved,,96020,7 Shudehill Manchester M4 2AF,"LE, Cong Khanh",director
nails,Manchester,LILLY NAIL AND BEAUTY MANCHESTER,0161 425 5858,"14-16 Whitworth St, Manchester, M1 3BS",4.5,657,http://www.lillynailnbeauty.co.uk/,ChIJuXrl8JWxe0gRs0oicn73uJI,serpapi,,,,,,,
nails,Manchester,Misha & Eti Beauty Studio,0161 393 3388,"118 High St, Manchester, M4 1HQ",4.9,273,http://mishaetibeauty.co.uk/,ChIJG6G3ZEixe0gRXwREFuOCqFY,serpapi,14781129,active,,96020,118 High Street Manchester M4 1HQ,"GHASEMZADEH, Ehteram",director
nails,Manchester,Love Nails Manchester,0161 222 3690,"28 Blackfriars St, Salford, M3 5BQ",4.7,142,https://instagram.com/m_lovenails_?igshid=YmMyMTA2M2Y=,ChIJxR2XUeaxe0gRwpsnlg2NZhY,serpapi,,,,,,,
nails,Manchester,JANEA Nails & Beauty,0161 376 5648,"15-17 Chapel Walks, Manchester, M2 1HN",4.6,275,https://janea.co.uk/,ChIJC_H_HICxe0gRY6BMkYYJ9mE,serpapi,,,,,,,
nails,Manchester,Bella Naillash – Nail Salon Manchester,07356 268849,"Manchester, Princess St, China Town",5,217,https://www.bellanaillash.com/book-online,ChIJJaMoIY2xe0gRtZpMvb2InWg,serpapi,,,,,,,
nails,Manchester,Beauty and Bubbles,0161 228 3375,"47 Dale St, Manchester, M1 2HF",4.7,1413,https://www.beautyandbubbles.co.uk/,ChIJM6Q7j76xe0gRfjs-_l23_Ko,serpapi,07965805,active,,96020,47 Dale Street Manchester M1 2HF,"LEESON, Daniel, Mr.",director
nails,Manchester,Bisou Nail Studio,07888 697303,"73-75 Lever St, Manchester, M1 2AP",4.7,40,,ChIJ9zYmCwuxe0gR_nk2SM1kwiU,serpapi,,,,,,,
nails,Manchester,Eleganza Nails,07397 303767,"49 Piccadilly 49 Piccadilly House office number 313, Manchester, M1 2AP",5,121,,ChIJX0w19Oqxe0gRbdNX1_bTjHM,serpapi,15921458,active,,96020,18d Church Street West Manchester M26 2SQ,"YAZDAN KHAH, Leila",director
nails,Manchester,Ivy Nails,0161 236 8732,"14a Oxford Rd, Manchester, M1 5QA",4.2,676,https://www.ivynailsmanchester.co.uk/,ChIJf46K9mCxe0gRK4t1Xz9UTAs,serpapi,10447087,active,,96020,7 Victoria Road Nottingham NG4 2LA,"XIAO, Wei",director
nails,Manchester,Create & Coat Nail Salon,07445 630465,"Fl 0, Harvey Nichols, 21 New Cathedral St, Manchester M1 1AD",4.6,71,,ChIJs9zi_aSxe0gRqJ1UA5UVQAI,serpapi,,,,,,,
nails,Manchester,Nails Icon,07928 195181,"76 Bridge St, Manchester, M3 2RJ",4.3,134,https://nailsicon.loviebooking.co.uk/,ChIJ5S3m9MOxe0gR580Svdz_VOA,serpapi,15969441,active,,96020,76 Bridge Street Manchester M3 2RJ,"NGO, Hieu Quang",director
electrician,Manchester,24 Hour Electrician Manchester,0161 531 8870,"32 Dean St, Manchester, M4 5BG",4.9,55,https://mcr24hrelectrician.lovable.app/,ChIJsZfx2YgUSyMRaHD61vgj7G0,serpapi,,,,,,,
electrician,Manchester,The Emergency Electricians,07703 295654,"39 Slade Ln, Levenshulme, Manchester, M13 0QJ",5,257,https://www.theemergencyelectricians.co.uk/,ChIJ3Spn9Q_tRUwR6NXMveHxVtc,serpapi,,,,,,,
electrician,Manchester,Romelec Electrical Limited,,"304, Beaumont Building, 22 Mirabel St, Cheetham Hill, Manchester M3 1DX",5,239,https://www.romelec.co.uk/,ChIJCeCdc0VaA48Rl0KVzN9_mhY,serpapi,,,,,,,
electrician,Manchester,AES Electrical Services,07490 705167,"Hanworth Cl, Manchester, M13 9LD",5,160,https://www.aeselectricians.co.uk/,ChIJ4U4o_FZ30QYRO3qgKzVakR0,serpapi,,,,,,,
electrician,Manchester,KHL Electrical Contractors - Manchester,07458 947688,,4.8,78,http://www.khlelectricalcontractors.co.uk/,ChIJtWy1mUOxe0gRC5N0feTel4k,serpapi,,,,,,,
electrician,Manchester,AK Electrical Services,07888 731205,"Brooklyn Ave, Manchester, M16 0BY",5,279,http://akelectricians.co.uk/,ChIJmQNJCfute0gRk1ZZzRqAyWs,serpapi,,,,,,,
electrician,Manchester,Plug Electrical Services,07943 095215,"9 Selborne Rd, Chorlton-cum-Hardy, Manchester, M21 0BL",5,145,https://plugelectrical.uk/,ChIJFxAy1wite0gRmW4UPZg40uQ,serpapi,,,,,,,
electrician,Manchester,MAP Electrical,07466 889440,"104 Wilbraham Rd, Fallowfield, Manchester, M14 7DR",5,127,http://www.mapelectrical.co.uk/,ChIJH0Z73xeye0gRmelQ2JSsI6I,serpapi,,,,,,,
electrician,Manchester,MCR Electrical Services,07405 431800,,5,69,https://mcrelectrical.uk/,ChIJaeYEZxnhRWkRpEvZ031il0Y,serpapi,,,,,,,
electrician,Manchester,24hr Electrician of Manchester,0161 531 2806,"Statham House, Talbot Rd, Old Trafford, Stretford, Manchester M32 0FP",5,14,https://electrician24hr.lovable.app/,ChIJsXxti-nqVIIRe3_YRWlb5uY,serpapi,,,,,,,
electrician,Manchester,NHElectricals ltd,07533 202575,"81 Langport Ave, Manchester, M12 4NR",4.7,42,http://www.nhelectricals.co.uk/,ChIJR4AGf3ixe0gRWYKtbVEHFj8,serpapi,,,,,,,
electrician,Manchester,Electric-Call Services Limited,0161 637 0734,"Address: Adamson House, Towers Business Park, Wilmslow Rd Didsbury, Greater, Manchester, M20 2YY",4.7,55,https://electric-call.co.uk/,ChIJqzLggMGte0gRx2nutk8xjaE,serpapi,,,,,,,
electrician,Manchester,AH Electrical Services,,,5,407,http://ahelectricalservices.co.uk/,ChIJ84QpW8Gze0gRVIHP7cpwYnI,serpapi,,,,,,,
electrician,Manchester,Local Electrician 24-7 ltd | Electrical Services,07999 553838,"Seymour Grove, Old Trafford, Stretford, Manchester, M16 0TU",5,92,https://localelectrician24-7.co.uk/,ChIJOx3EyXive0gRyL9ZDhwjKgY,serpapi,,,,,,,
electrician,Manchester,Manchester Electric,0161 850 1610,,4.8,110,http://www.manchesterelectric.co.uk/,ChIJozDYf-yxe0gR5vt77oDZlMA,serpapi,,,,,,,
electrician,Manchester,"HD Electrics – Electrical Services in South Manchester, Cheshire & Stockport",07871 238999,,5,53,https://hd-electrics.com/,ChIJHZLeiuA3zikRg6_f9MdELKY,serpapi,,,,,,,
electrician,Manchester,RN Electrical Services,07976 837343,"25 St Brannocks Rd, Chorlton-cum-Hardy, Manchester, M21 0UP",5,133,http://rnelectricalservices.co.uk/,ChIJ9euxHiWte0gRqbjn7rRLu54,serpapi,,,,,,,
electrician,Manchester,Twin & Earth Electrical,07852 704349,"15 Armadale Ave, Manchester, M9 6HS",5,19,,ChIJCfK0qAuxe0gRx9r-ZVOo87Y,serpapi,,,,,,,
electrician,Manchester,HRS Electrical Works ltd,07545 395414,"Bury New Rd, Salford, Manchester, M8 8EG",5,84,https://localmanchesterelectrician.co.uk/,ChIJRX0k6Zx1LGYRgqmsRiT0OsQ,serpapi,,,,,,,
electrician,Manchester,Prime Electrical Manchester Ltd,07735 904738,"Sutton Dr, Droylsden, Manchester, M43 7RX",5,17,https://www.primeelectricalmcr.co.uk/,ChIJb_nifzrJxwwR3XRNMG9nk4E,serpapi,,,,,,,
dog_groomers,Manchester,"The Mutts Club, Manchester City Centre Dog Grooming",0161 413 3969,"Unit 5, The Mutts Club, 2 Lampwick Ln, Manchester M4 6BU",4.9,76,http://www.themuttsclub.co.uk/,ChIJt-6OXPCke0gRvAnsHROGb7Q,serpapi,,,,,,,
dog_groomers,Manchester,"Arch & Bark Ltd, Manchester City Centre Dog Groomers",07776 765473,"4 Mirabel St, Cheetham Hill, Manchester, M3 1PJ",5,10,https://www.archandbark.co.uk/,ChIJR0fypxmxe0gRa4kjkyh3lnQ,serpapi,,,,,,,
dog_groomers,Manchester,The Barkside Manchester City Centre,07876 623579,"Richmond House, Travis St, Manchester, M1 2NF",4.9,131,http://www.thebarksidemcr.co.uk/,ChIJB1NGA5ixe0gRxE9tMk-mKeQ,serpapi,,,,,,,
dog_groomers,Manchester,Manchester Dog Groomers,,"UNIT 3B, Varley Business Centre, Miles Platting, Manchester M40 8EL",4.3,23,https://www.facebook.com/smartbreedergrooming,ChIJZ5DO8ySxe0gREjulJlXZnMs,serpapi,,,,,,,
dog_groomers,Manchester,Urbanpaw,0161 434 4581,"114 Burton Rd, West Didsbury, Manchester, M20 1LP",4.8,127,http://www.urbanpaw-grooming.co.uk/,ChIJ69yL42uye0gR-exqzP_3fpY,serpapi,,,,,,,
dog_groomers,Manchester,THEO'S,07590 194347,"Lancaster House, 80 Princess St, Manchester, M1 6NF",4.9,18,https://www.theosdogs.co.uk/,ChIJZ30Bm7Oxe0gRmQzI6erYWiI,serpapi,,,,,,,
dog_groomers,Manchester,Pampered Paws Dog Grooming,07414 960725,"Springbank Farm, Tan Yard Brow, Gorton, Manchester M18 8UJ",4.8,70,http://pampered-paws-dog-grooming.co.uk/,ChIJ34h1ZlGxe0gRQgfF4mj9vOY,serpapi,,,,,,,
dog_groomers,Manchester,Star Spa Dog Grooming & Academy,07891 312460,"Warwick Rd, Middleton, Manchester, M24 1HU",5,46,https://www.starspadg.com/,ChIJl3W7cWqxe0gR_kHoo0tmW4Q,serpapi,,,,,,,
dog_groomers,Manchester,Manchester Canine Stylist,07379 113512,"64 Beech Rd, Chorlton-cum-Hardy, Manchester, M21 9EG",4.9,10,,ChIJQbiaOkCte0gRPMkCLaS4Tqc,serpapi,,,,,,,
dog_groomers,Manchester,Calm Paws Grooming Studio,07769 471772,"69 Clifton St, Failsworth, Manchester, M35 9EF",5,23,https://www.facebook.com/people/Calm-Paws-Studio/61586122113593/?mibextid=wwXIfr&rdid=v9u0KzsyXSpxSnPl&share_url=https://www.facebook.com/share/18Lm2uJXgi/?mibextid=wwXIfr,ChIJkUbKz-O3e0gRo9dXxgeU08Y,serpapi,,,,,,,
dog_groomers,Manchester,Lucy's Groom Room,07760 935239,"Saddlewood Ave, East Didsbury, Manchester, M19 1QW",5,59,,ChIJj7ia9Veze0gRj6YuoFwq5rM,serpapi,,,,,,,
dog_groomers,Manchester,Shearzam dog grooming,07850 799266,"2, Manchester, M18 7BF",5,23,,ChIJA7S9VVuxe0gRWvwgOg6j9TA,serpapi,,,,,,,
dog_groomers,Manchester,J.C Pets pamper & Groom,07769 721750,"95 Vine St, Abbey Hey, Manchester, M18 8SR",4.8,18,,ChIJHdYUB02xe0gRFyQMuQxCM1k,serpapi,,,,,,,
dog_groomers,Manchester,Puppy Power Mobile Dog Grooming,07926 523732,"3 Imperial Wy, Manchester, M9 8GQ",4.3,44,,ChIJe87L84UHe0gRx6pid0xppVs,serpapi,,,,,,,
dog_groomers,Manchester,Pups & Dreams Spa & Academy Ltd Denton,07592 222056,"65 Manchester Rd, Denton, Manchester, M34 2AF",4.9,226,http://www.pupsanddreams.co.uk/,ChIJEWnqVwC1e0gRS4bKIB_2aKY,serpapi,,,,,,,
dog_groomers,Manchester,Woof To Wag,07963 592498,"59 Doncaster Ave, Withington, Manchester, M20 1DH",5,11,,ChIJiYqlVRSye0gRUca7KApsRgg,serpapi,,,,,,,
dog_groomers,Manchester,Garside’s Grooming,07356 216900,"3 Burgess Dr, Failsworth, Manchester, M35 0EU",5,29,https://www.instagram.com/garsidesgrooming?igsh=MXEyc2JxbHZub3RxeA==,ChIJMbsTxo7u-mIRGFEkyw9zG5w,serpapi,,,,,,,
dog_groomers,Manchester,Scruffy to Fluffy,07526 141800,"166 Nuthurst Rd, New Moston, Manchester, M40 3WG",4.6,30,,ChIJB281316xe0gRKsWQSn_CpwM,serpapi,,,,,,,
dog_groomers,Manchester,Loubie Lou’s Dog Grooming,07494 755736,"444 Hollinwood Ave, Manchester, M40 0JH",5,21,,ChIJh_kOUa-xe0gRa1_J_l1YuWY,serpapi,,,,,,,
dog_groomers,Manchester,Cooper & Paws,07897 751787,"77b Long St, Middleton, Manchester, M24 6UN",4.9,80,https://www.facebook.com/Cooperandpaws,ChIJL-o-w227e0gRaeanNnJPzj4,serpapi,,,,,,,
cleaners,Manchester,Manchester House Cleaning Services,0161 676 2888,"61 Mosley St, Manchester, M2 3HZ",4.9,201,https://www.manchesterhousecleaningservices.co.uk/,ChIJ77jOY2ixe0gRcFv_j-ozv_M,serpapi,,,,,,,
cleaners,Manchester,Cleaner in Manchester (0161) Ltd,0161 710 4789,"St James Tower, 7 Charlotte St, Manchester, M1 4DZ",4.9,29,https://0161cleanerinmanchester.co.uk/,ChIJxzeHF4Cxe0gRrqBHga7lz84,serpapi,,,,,,,
cleaners,Manchester,Cleaners With Pride,07840 017649,"23 Pattishall Cl, Manchester, M4 7DU",4.9,804,https://www.cleanerswithpride.co.uk/,ChIJS0HUGLuxe0gRAnGF23ehfW0,serpapi,,,,,,,
cleaners,Manchester,Best Cleaners LTD,07352 003376,"Connecticut Street, Manchester, M1 1AD",5,39,https://bestcleanersltd.uk/,ChIJHXQ4gAWxe0gR8xZ5UhRo5sY,serpapi,,,,,,,
cleaners,Manchester,Kinderlee Cleaning,0161 438 6021,"The business Centre, Aldow Enterprise Park, Piccadilly, Blackett St, Manchester M12 6AE",5,110,http://www.kinderleecleaning.co.uk/,ChIJ7QsQWaWxe0gRs5W351SZ75k,serpapi,,,,,,,
cleaners,Manchester,FirstMaid Cleaners,,"83 Ducie St, Manchester, M1 2JQ",4.3,185,https://firstmaid.co.uk/,ChIJwUlu0zyxe0gRXffLsLVa8Rw,serpapi,,,,,,,
cleaners,Manchester,Ivory Cleaning Company,0161 393 9247,"Bartle House, Oxford Rd, Manchester, M2 3WQ",5,18,https://www.ivorycleaning.co.uk/,ChIJhdUvmnJ1Yo0RRBi5-OgPXRs,serpapi,,,,,,,
cleaners,Manchester,Frontline Cleaners Manchester.,07513 442399,"Bartle House, 9 Oxford Ct, Manchester, M2 3WQ",4.8,51,http://frontlineexpress.co.uk/,ChIJy7Rhx5Kxe0gRG8FVWxgj9MY,serpapi,,,,,,,
cleaners,Manchester,D Deep cleaning Services ltd,07459 416262,"48a Gill St, Manchester, M9 4FZ",4.8,89,https://www.ddeepcleaningservices.com/,ChIJd81xhROxe0gRXEsbGXVOPh4,serpapi,,,,,,,
cleaners,Manchester,AJOL Cleaning Services Manchester,07493 253331,"66B Floyd Ave, Manchester, M21 7NB",4.6,29,http://www.ajolcleaningservices.co.uk/,ChIJkeuZaYmte0gRPoYnBSghAsk,serpapi,,,,,,,
cleaners,Manchester,Olico Commercial Cleaning,0330 133 1094,"11th floor, 3 Piccadilly Pl, Manchester, M1 3BN",5,442,http://www.olico.co.uk/,ChIJC4RJHmmue0gRzmTlAdLyca8,serpapi,,,,,,,
cleaners,Manchester,Venia Cleaning Co,0161 706 2428,"Bartle House, 9 Oxford Ct, Manchester, M2 3WQ",5,18,https://veniacleaning.co.uk/,ChIJ-ZUNKJ2BRqERcD19gD0J1oU,serpapi,,,,,,,
cleaners,Manchester,Homeclean Manchester,0161 241 2761,"Unit 8, Cuthbert Business Centre, Manchester, M11 2NA",4.3,60,http://www.homeclean.co.uk/manchester/?utm_source=GMBlisting&utm_medium=organic,ChIJq6qq54yze0gReJ3v_r-XJGs,serpapi,,,,,,,
cleaners,Manchester,Spring Staffing Cleaning Services Ltd,07493 756203,"16 Chinley Ave, Manchester, M40 9HT",4.9,169,https://springstaffingcleaningservices.co.uk/,ChIJy_xqnCWs008RfT69uXOni2c,serpapi,,,,,,,
cleaners,Manchester,White Regal Cleaning Services,0161 399 1632,"The business Centre, Aldow Enterprise Park, Piccadilly, Blackett St, Manchester M12 6AE",4.8,33,http://www.whiteregal.co.uk/,ChIJOWJo04wQRmARLAmjXtaNhDU,serpapi,,,,,,,
cleaners,Manchester,Exclusive Pro Cleaning,0161 222 0076,"16 Hallworth Rd, Crumpsall, Manchester, M8 5UW",4.9,65,https://exclusiveprocleaning.co.uk/,ChIJUw62SKile0gRCfjALHsPWRM,serpapi,,,,,,,
cleaners,Manchester,House Cleaners Service - Wecasa Domestic Cleaning,07361 593614,"Southcross Rd, Manchester, M18 7NW",4.9,124,http://www.wecasa.co.uk/domestic-cleaning/places/manchester?utm_campaign=cleaning&utm_medium=mybusiness&utm_source=google,ChIJf2WGcKgxPqURgh-_n7c9EnE,serpapi,,,,,,,
cleaners,Manchester,The Professional Cleaning Co,0161 307 3373,"Colony, 76 King St, Manchester, M2 4NH",4.8,66,https://www.theprofessionalcleaningcompany.co.uk/,ChIJj4pyuE-xe0gRSox3dX1xs3w,serpapi,,,,,,,
cleaners,Manchester,MSG Cleaners Manchester,0333 054 0291,"2 Ashfield Rd, Cheadle, SK8 1BB",5,20,http://www.msgcleaners.co.uk/,ChIJwSFCIE-ze0gR-LxCoixA2Kw,serpapi,,,,,,,
cleaners,Manchester,Isla Rose cleaning services LTD,07880 877259,"Grosvenor St, Manchester, M1 7EW",4.6,40,http://rafikicleaningservices.co.uk/,ChIJ3UfCx_6xe0gRdWX1ajoHwUI,serpapi,,,,,,,
hair,Manchester,Melissa Timperley Hair Salon,0161 834 5945,"City Centre, 67 Tib St, Manchester, M4 1LS",4.9,668,http://www.melissa-salons.com/?utm_source=gmb&utm_medium=Organic&utm_campaign=gmb%20traffic,ChIJKYDpLrmxe0gRdfdUbb4XPQs,serpapi,,,,,,,
hair,Manchester,Rush Hair Manchester,0161 241 7618,"69 Deansgate, Manchester, M3 2BW",4.3,604,https://www.rush.co.uk/salons/manchester,ChIJzydzjcOxe0gRdCDY4lDGJms,serpapi,,,,,,,
hair,Manchester,LoA Tokyo Manchester,07778 432650,"38 Spear St, Manchester, M1 1AS",4.9,165,,ChIJe8lnPaSxe0gRcnxwXyT4xno,serpapi,,,,,,,
hair,Manchester,The Studio,0161 236 4182,"10 Stevenson Square, Manchester, M1 1FB",5,211,http://www.thestudiomanchester.co.uk/,ChIJy53t6Z2xe0gROnuj8eeaOWQ,serpapi,,,,,,,
hair,Manchester,RCNQ,0161 222 0200,"16 Whittle St, Manchester, M4 1LT",4.8,761,http://www.rcnq.co.uk/,ChIJ_1et076xe0gRBpxO9rkJRcQ,serpapi,,,,,,,
hair,Manchester,Trevor Sorbie Manchester,0161 839 2255,"19 Spring Gardens, Manchester, M2 1FB",4.9,445,https://trevorsorbie.com/salon/manchester-hairdresser/,ChIJZbLf5cCxe0gRL_2yPkvVNpA,serpapi,,,,,,,
hair,Manchester,Vox Hairdressing,0161 637 4077,"City Centre, 50 Port St, Manchester, M1 2EQ",4.9,707,http://www.voxhairdressing.com/,ChIJ1yI8ILyxe0gRBzw1ke3pKr4,serpapi,,,,,,,
hair,Manchester,Reuben Wood Hair Salon,0161 832 6363,"110 High St, Manchester, M4 1HQ",4.9,432,http://www.reubenwood.co.uk/,ChIJs8iY47ixe0gRZt-SZlDjHhs,serpapi,,,,,,,
hair,Manchester,Dalton Salon,0161 834 5802,"39 John Dalton St, Manchester, M2 6DN",4.8,392,http://daltonstreetsalon.com/,ChIJ3ZgYyY-xe0gRg4dzEkMuZqI,serpapi,,,,,,,
hair,Manchester,Nicky Oliver Hairdressing,0161 241 0380,"32 Oldham St, Manchester, M1 1JN",4.6,916,https://nickyoliver.com/,ChIJ47Lm176xe0gRwFBRsP3BDlE,serpapi,,,,,,,
hair,Manchester,Mai Salon,0161 236 5348,"32 Booth St, Manchester, M2 4AB",4.6,187,https://www.maisalon.co.uk/,ChIJb79ZsMGxe0gRPtf-RAHwhBo,serpapi,,,,,,,
hair,Manchester,Riot Hearts Collective,,"14 Tib Ln, Manchester, M2 4JB",4.9,92,http://www.riothearts.co.uk/,ChIJM6XnOIixe0gREdiCWZTHutk,serpapi,,,,,,,
hair,Manchester,TONI&GUY Manchester,0161 839 2955,"88 Deansgate, Manchester, M3 2ER",4.6,393,https://toniandguy.com/salon/manchester-deansgate,ChIJw23ejsOxe0gRubmZJLCzI7Y,serpapi,,,,,,,
hair,Manchester,M3 Hair & Beauty Ltd,0161 832 2980,"89 Bridge St, Manchester, M3 2RE",4.7,325,http://www.m3hairandbeautymanchester.co.uk/,ChIJ-0BgD8Oxe0gR7hK_99dTCjo,serpapi,,,,,,,
hair,Manchester,Cut & Glow hair and beauty,07348 131852,"Market, Manchester Arndale, 49 Market street,Indide, Manchester M4 3AH",5,96,,ChIJKUbwIJyxe0gRUv-fbYyxNBY,serpapi,,,,,,,
hair,Manchester,Sassoon Hair Salon,0161 524 1500,"1 Marsden St, Manchester, M2 1HW",4.8,348,,ChIJyckZFsGxe0gRFXC1lTsjoWM,serpapi,,,,,,,
hair,Manchester,Shade Hair Mcr,07417 547070,"86 Princess St, Manchester, M1 6NG",4.9,135,http://www.shademcr.com/,ChIJq6oWILyxe0gRzRb89WpUxi4,serpapi,,,,,,,
hair,Manchester,David Rozman Hair Salon,0161 832 0179,"Base Kamp - Hair Salon I Cafe & Wine Bar, 61 Chorlton St., Manchester, M1 3FY",4.7,161,https://www.davidrozman.co.uk/,ChIJIbO7PsKxe0gRcgpTwA0cy2g,serpapi,,,,,,,
hair,Manchester,McCrory Hair,0161 273 3330,"340 Oxford Rd, Manchester, M13 9NG",4.9,756,https://mccroryhair.co.uk/,ChIJ4XNqTImxe0gR10_NAl-c4Ks,serpapi,,,,,,,
hair,Manchester,ChriSalon,0161 237 3788,"83 Princess St, Manchester, M1 4HH",4.7,622,http://www.facebook.com/chrisalonhairdesign,ChIJaybPLcCxe0gRU_JAfAEdeRI,serpapi,,,,,,,
beauty,Manchester,Deluxe Beauty Lounge Manchester | Beauty Salon,07481 250920,"24 Blackfriars St, Salford, M3 5BQ",4.8,44,https://deluxebeautylounge.co.uk/,ChIJWQM3epCxe0gRBN4VxUecCT4,serpapi,,,,,,,
beauty,Manchester,Nataya Beauty,0161 390 0121,"First Floor, Pleer House, 1 Fennel St, Manchester M4 3DU",4.8,113,https://natayabeauty.co.uk/,ChIJjTSB68Cxe0gReuV9mplN8eY,serpapi,,,,,,,
beauty,Manchester,Thee Norah Hair & Beauty Salon,0161 225 4901,"336 Slade Ln, Levenshulme, Manchester, M19 2BL",4.9,1293,https://theenorah.com/,ChIJfwpJ44Sze0gRJ9FH9QN_3Zo,serpapi,,,,,,,
beauty,Manchester,Paloma's Beauty - Pure Aesthetics,0161 222 0150,"1st Floor, 62a Oldham St, Manchester, M4 1LE",4.6,106,http://www.palomas.co.uk/,ChIJMUJt_7qxe0gR019T6-0lnls,serpapi,,,,,,,
beauty,Manchester,Society Beauty,0161 236 3321,"60b Oldham St, Manchester, M4 1LE",4.8,149,https://societybeautymcr.com/,ChIJlxwSK3qxe0gR4owcwtVGcBY,serpapi,,,,,,,
beauty,Manchester,MS Beauty Salon,07903 916231,"65 Peter St, Manchester, M2 5PB",5,35,https://msbeautysalon.uk/,ChIJo_DjuJaxe0gRm0NXqLVjGvc,serpapi,,,,,,,
beauty,Manchester,RAWR Beauty Manchester (Inside Primark),0161 871 7597,"106-122, Market St, Manchester, M1 1WA",4.3,531,https://rawrbeauty.co.uk/salon/beauty-salon-manchester-rawr-express-in-primark/,ChIJUbHDe-ixe0gR_wv9fw_MKYA,serpapi,,,,,,,
beauty,Manchester,Manchester Beauty,07554 456907,"21 Saddlewood Ave, Manchester, M19 1QW",4.8,43,,ChIJp8r-6Feye0gRTgciL67etSQ,serpapi,,,,,,,
beauty,Manchester,Abeer Beauty Salon,0161 256 6528,"103 Longden Rd, Levenshulme, Manchester, M12 5SJ",5,168,,ChIJYy47OfWze0gRBYfA4PQ_V9s,serpapi,,,,,,,
beauty,Manchester,Glam Master Salon & Spa,0161 232 9601,"420 Princess Rd, Fallowfield, Manchester, M14 7FS",4.3,532,http://glammaster.co.uk/,ChIJA0PpAhOye0gRQOqB32J8DdU,serpapi,,,,,,,
beauty,Manchester,Selina’s Hair and Beauty Salon - Aesthetics Courses Manchester,0161 256 4299,"8 Kingsway, Levenshulme, Manchester, M19 2DD",4.7,676,https://selinashairandbeauty.co.uk/,ChIJa9ejZs6ze0gRHUSUBzRZgZc,serpapi,,,,,,,
beauty,Manchester,GlamAura Hair & Beauty Salon,07407 742227,"Ste 9 - 1st Floor, The Point Building, 173 175 Cheetham Hill Rd, Cheetham Hill, Manchester M8 8LG",5,613,http://www.glam-aura.co.uk/,ChIJBUMuUGGxe0gRQoBpuUH7Cro,serpapi,,,,,,,
beauty,Manchester,Style Studio,0161 526 7267,"3 Halliwell Ln, Cheetham Hill, Manchester, M8 9ER",4.8,323,https://www.instagram.com/stylestudioman/,ChIJibHYY-Kxe0gRjUJj3JIGGQE,serpapi,,,,,,,
beauty,Manchester,Salon by FKZ,07825 482126,"Unit 1, Mansion House, 3-5 Keepers Quay, Manchester M4 6GL",4.9,1004,https://salonbyfkz.co.uk/,ChIJ5y1aS6mxe0gRfDDL2Ruxm7c,serpapi,,,,,,,
beauty,Manchester,Zara Hair & Beauty,0161 224 4898,"215A Wilmslow Rd, Manchester, M14 5AG",4.6,867,,ChIJc8fXoiiye0gRIabafTgnV5U,serpapi,,,,,,,
lashes,Manchester,London Lash - Biab Nails Manchester - Eyelashes & Eyebrow,07874 909728,"4th floor, Gainsborough House, buzz 501 enter, 109 Portland St, Manchester M1 6DN",4.9,337,https://london-lash.com/,ChIJMVMAFdmxe0gRuMs7T8QJXO0,serpapi,,,,,,,
lashes,Manchester,Lash Loft Manchester,,"Beehive Mill, Ancoats, Manchester, M4 6JG",5,13,https://linktr.ee/lashloftmcr?utm_source=linktree_profile_share&ltsid=bc91f089-a2c0-4584-b2ca-58050d32b4f1,ChIJR2R92OWxe0gR-MmM2Plyzj0,serpapi,,,,,,,
lashes,Manchester,All Eyes by Laura,,"66 Ellesmere St, Manchester, M15 4QT",5,111,http://www.instagram.com/alleyesbylaura,ChIJTVPDI8-ve0gRUCdev2vH45A,serpapi,,,,,,,
lashes,Manchester,Linh Beauty,07894 556789,"19 Spring Gardens, Manchester, M2 1FB",4.5,75,https://widget.treatwell.co.uk/place/linh-beauty/?utm_medium=partner-ecosystem&utm_campaign=partner-instagram&utm_content=book-now,ChIJRSNNODaxe0gRQbRfQpFTmeg,serpapi,,,,,,,
lashes,Manchester,Savage BeautyLuxe - Lash Extension & Brows - Piccadilly gardens,07423 032987,"7 Charlotte St, Manchester, M1 4DZ",5,24,https://savagebeautyluxe.co.uk/,ChIJXUbGHQWve0gRfTHFnzFJHh4,serpapi,,,,,,,
lashes,Manchester,Lashes Of Lilith,0161 839 3737,"97 Oldham St, Manchester, M4 1LW",4.9,36,https://msha.ke/lashes_of_lilith,ChIJFakLn2exe0gRcXYBLJnMvWo,serpapi,,,,,,,
lashes,Manchester,Ooh Laa Lashes Academy & Studio,07878 061950,"75 Lever St, Manchester, M1 1FL",5,31,https://www.oohlaalashes.co.uk/,ChIJEwI4Miixe0gRd7iG0r6H6_A,serpapi,,,,,,,
lashes,Manchester,La Belle Lashes & Brows in Manchester,07510 630654,"49 Piccadilly, Manchester, M1 2AP",5,30,https://www.instagram.com/labellebeautyyy,ChIJyQuXEzyxe0gRsszxbItHQ24,serpapi,,,,,,,
lashes,Manchester,Lavi Lashes,,"164 Barton Rd, Stretford, Manchester, M32 8DP",5,54,https://linktr.ee/lavilashes,ChIJefhn8f-ve0gR7FB-_UvvIGg,serpapi,,,,,,,
lashes,Manchester,Meysa lashe & beauty,07450 144474,"lash & beauty, Meysa, 535 Wilbraham Rd, Chorlton-cum-Hardy, Manchester M21 0UE",5,100,https://treatwellapp.page.link/MstBz,ChIJQWnAT_Gve0gROcE0_KyzGH4,serpapi,,,,,,,
lashes,Manchester,Farha Brows and Lashes,07903 455313,"Unit 6, Suite 109, Phenix Salon Suites, Manchester M3 1AZ",5,56,https://farhabrowsandlashes.co.uk/,ChIJLRwpRsCxe0gR-kwHUMFgBEA,serpapi,,,,,,,
lashes,Manchester,Pretty Little Lashes,07442 410925,"St James Tower, 7 Charlotte St, Manchester, M1 4DZ",5,2,,ChIJV1fTC8axe0gRGN6hHZwuLBo,serpapi,,,,,,,
lashes,Manchester,Underaura - Lash Tech Manchester city centre,07454 925669,"74 Princess St, Manchester, M1 6JD",5,10,https://www.phorest.com/salon/theshallowslimited/book/services?staffId=v1llywF7nOXfLooS2xlECA,ChIJ008JAnCxe0gRTSwURyOloTc,serpapi,,,,,,,
lashes,Manchester,C•LOVE BEAUTY UK,07775 830096,"Ste 516, 49 Piccadilly, Manchester, M1 2AP",4.8,16,http://clovebeautyuk.gettimely.com/,ChIJB8i54Euxe0gRTC6AD38FCuI,serpapi,,,,,,,
lashes,Manchester,YANAALASH,,"1 St Petersgate, Stockport, Greater, Manchester, SK1 1EB",5,86,https://yanalash.co.uk/,ChIJtZnKFpSxe0gRbPnBdwOm10w,serpapi,,,,,,,
lashes,Manchester,Terra Lashes ( Eyelash extension by Ksenia),07557 505661,"Suffield House, Middleton Gardens, Middleton, Manchester M24 4EL",5,25,https://widget.treatwell.co.uk/place/100038918/menu/,ChIJt_Gj0rSxe0gRbwIohY3CZUo,serpapi,,,,,,,
car_detailers,Manchester,Fresh Car Valeting Manchester,,"4 Whitworth St, Piccadilly, Manchester, M1 3BR",4.9,411,https://www.freshcar.co.uk/england-locations/north-west/car-valeting-manchester/,ChIJWRUOpC6xe0gRPkUKPdlVEvg,serpapi,,,,,,,
car_detailers,Manchester,Lukas Car Detailing Manchester,,"Unit 8A Reliance St, Manchester, M40 3AG",5,57,https://www.lukascardetailing.co.uk/,ChIJlSt3lzepe0gRjV31SJ--AEg,serpapi,,,,,,,
car_detailers,Manchester,Central Auto Clean EST 1962,0161 273 1906,"351 Stockport Rd, Longsight, Manchester, M13 0LF",4.8,817,https://centralautoclean.co.uk/,ChIJdQGb1H6xe0gRCvTUAe1o-zg,serpapi,,,,,,,
car_detailers,Manchester,Done N Dusted Detailing Manchester,07742 874637,"10 Missouri Ave, Salford, Manchester, M50 2NP",4.9,123,https://donendusteddetailing.co.uk/,ChIJNUDZehKve0gRiCW2bnH_NLY,serpapi,,,,,,,
car_detailers,Manchester,Car Detailing Manchester,,"42 Whitworth St, Manchester, M1 3NF",,,https://autosdetailing.co.uk/car-detailing-manchester/,ChIJcXytNgCxe0gRYHkbgHeYr-s,serpapi,,,,,,,
car_detailers,Manchester,H6 Car Studio,,"137 Fairfield St, Manchester, M12 6FJ",4.6,201,https://h6carstudio.com/,ChIJ2ZdutFSxe0gRMLoVkgGrBPg,serpapi,,,,,,,
car_detailers,Manchester,Spotless Detailing,07794 340557,"Unit 7 Mosley Rd, Trafford Park, Stretford, Manchester, M17 1HQ",5,23,http://www.spotlessdetail.co.uk/,ChIJp5mO7Zave0gRB9CrLpgFuPY,serpapi,,,,,,,
car_detailers,Manchester,M14 Valeters,07440 151765,"Printworks Ln, Manchester, M19 3HS",5,98,https://www.m14valeters.co.uk/,ChIJo9hRy6-ze0gRBVZiqd7Uefs,serpapi,,,,,,,
car_detailers,Manchester,ARC ELITE DETAILING,07984 499931,"universal square, Devonshire St N, Manchester, M12 6JH",5,8,,ChIJDXJDge2xe0gRa9Rolk1Goo4,serpapi,,,,,,,
car_detailers,Manchester,Manchester Car Spa,07547 332227,"Parrs Wood Rd, Manchester, M20 5NH",5,2,https://www.facebook.com/manchestercarspa,ChIJ4TkOG02ze0gRW_xphRPE_HI,serpapi,,,,,,,
car_detailers,Manchester,Vulpix Car Detailing Manchester,07999 716916,"Unit 1 Lower Wharf St, Ashton-under-Lyne, OL6 7PE",5,266,https://vulpixdetailing.co.uk/,ChIJjxIQf8osgQgR2nmUtOCPKJc,serpapi,,,,,,,
car_detailers,Manchester,Go Swiftly - Mobile Car Detailing,07455 691817,"57 Portland St, Manchester, M1 3HP",5,2,https://www.goswiftly.info/detailing,ChIJMfo5FJqxe0gRo95D792SiJA,serpapi,,,,,,,
car_detailers,Manchester,Latin king detailing,07482 225323,"426 Flixton Rd, Urmston, Manchester, M41 6QT",5,48,https://www.latinkingdetailing.co.uk/,ChIJHdzIPS7FbK8Ro1LJgc2KX_g,serpapi,,,,,,,
car_detailers,Manchester,MCR Pristine clean,07466 957203,"189 Mauldeth Rd, Manchester, M19 1BA",5,53,,ChIJ8SugJiGze0gRYpfV73JEHd4,serpapi,,,,,,,
car_detailers,Manchester,Extreme Car Care,0161 724 6611,"2, 136 Sion St, Radcliffe, Manchester M26 3SB",5,109,http://www.extremecarcare.co.uk/,ChIJAzAaRJmle0gRlig6o9oXYls,serpapi,,,,,,,
car_detailers,Manchester,Mobile Car Valeting Manchester - Home Car Valeting,07523 077383,"60 Mornington Cres, Fallowfield, Manchester, M14 6DD",5,63,,ChIJBRgWycmze0gRfu44yMsEdBw,serpapi,,,,,,,
car_detailers,Manchester,JDW Detailing & PPF Studio - XPEL PPF & Gtechniq,01457 380001,"Bury St, Mossley, Manchester, OL5 9LY",4.9,58,http://www.jdwdetailing.co.uk/,ChIJQ5ZFh1-2e0gRKEHPJkjRxwM,serpapi,,,,,,,
car_detailers,Manchester,M4 Car Wash & Tyres LTD,07383 359101,"3025 Holt Town, Manchester, M40 7FQ",5,195,https://m4carwashtyres.co.uk/,ChIJT_HfQi6xe0gRJgnVVPxdDhg,serpapi,,,,,,,
car_detailers,Manchester,Rinse Works Motor Works Manchester | Vehicle Repairs | Diagnostics | Servicing | Mobile Mechanic,0161 533 0794,"Oldham Broadway Business Park, Chadderton, Oldham, Manchester, OL9 0JA",4.7,95,http://rinseworks360.co.uk/,ChIJceE8YPlb4CERL6ZDIs2qhvI,serpapi,,,,,,,
car_detailers,Manchester,Polish and Glow,0161 228 3805,"Redgate Ln, Manchester, M12 4NG",4.7,153,https://polishandglow.co.uk/,ChIJu3MFduaxe0gR524n8CbIqL4,serpapi,,,,,,,
driving_instructors,Manchester,Suja Driving School Manchester - Intensive Driving Lessons & Driving Crash Course Manchester,0333 322 2233,"Peter House, Oxford St, Manchester, M1 5AE",4.8,2234,https://sujadrivingschool.co.uk/,ChIJIWyathyue0gRoS0Ik_hPgWQ,serpapi,,,,,,,
driving_instructors,Manchester,Astra Driving School Manchester,07758 837589,"11 Bowling Green Ln., Longsight, Manchester, M12 5FZ",4.9,315,https://astradrivingschool.com/,ChIJq43j2r91cIYR6Hozwe33Buc,serpapi,,,,,,,
driving_instructors,Manchester,Impulse Driving School - Manchester,0161 492 0547,"Spaces, 2 Oxford St, Manchester, M1 5AN",5,594,https://impulsedrive.co.uk/,ChIJMUf-upuxe0gRKU-mGdcNGMQ,serpapi,,,,,,,
driving_instructors,Manchester,Make It Driving School Manchester | Manual and Automatic Driving Lessons in Manchester | Best Intensive Driving Courses,07301 626872,"Smalldale Ave, Manchester, M16 7JH",5,142,https://www.makeitdrivingschool.co.uk/,ChIJ0yvhjPCze0gRhfw2TS7lpV8,serpapi,,,,,,,
driving_instructors,Manchester,ZK Driving School (Manchester),07539 046284,"115 Russell St, Manchester, M16 7JL",5,73,https://zkdrivingschool.co.uk/,ChIJX7VMTOrUM6gRYsdHZlAHUjw,serpapi,,,,,,,
driving_instructors,Manchester,Aryan Driving School,07890 378524,"397 Queens Rd, Manchester, M40 8RL",5,509,http://www.aryandriving.co.uk/,ChIJBR8GO1Wwe0gRO28J8pp56eY,serpapi,,,,,,,
driving_instructors,Manchester,Best Drive School of Motoring | Driving Lessons Manchester,07930 921226,"131 Manley Rd, Manchester, M16 8WE",5,778,https://bestdrive.co.uk/,ChIJuzwwcPite0gRn9j5GA46usU,serpapi,,,,,,,
driving_instructors,Manchester,Express Pass Driving School Ltd,,"167 Waterloo Rd, Cheetham Hill, Manchester, M8 8BT",5,763,https://expresspass.co.uk/,ChIJNUwmvmWxe0gR4rsErqKdm0U,serpapi,,,,,,,
driving_instructors,Manchester,Round the Bends (Manual & Automatic) Driving School Manchester,07402 905394,"7 Whalley Ave, Levenshulme, Manchester, M19 3FD",4.9,593,http://roundthebends.com/,ChIJsSdXN9Cze0gR46EGQZnS8ZI,serpapi,,,,,,,
driving_instructors,Manchester,SMH (Automatic) Driving School Manchester,07883 913604,"4 Edlin Cl, Manchester, M12 4WG",5,252,http://www.smhdrivingschoolmanchester.co.uk/,ChIJDXIlZdeze0gREBCQxsYdrZ4,serpapi,,,,,,,
driving_instructors,Manchester,Advanced Driving Tuition,0161 768 6322,"Pink Bank Ln, Levenshulme, Manchester, M12 5GR",4.9,908,https://advanceddrivingtuition.co.uk/,ChIJZ4yA3WSze0gRSD24HqMOUCA,serpapi,,,,,,,
driving_instructors,Manchester,L Team Driving School,0333 404 9786,"Piccadilly, Manchester, M1 2HY",4.9,377,https://www.l-team-driving.co.uk/?utm_source=Google_my_business&utm_medium=Organic_Local&utm_campaign=GMB_Cheetham_hill,ChIJ0UQrE76xe0gROsN8E-zZKuw,serpapi,,,,,,,
driving_instructors,Manchester,"Wiz Driver & Instructor Training, Driving School Manchester",07596 288145,"1012 Stockport Rd, Manchester, M19 3WN",5,771,http://www.wizdrivingschool.com/,ChIJWZ96w8Oze0gRLZvOhfxVBg8,serpapi,,,,,,,
driving_instructors,Manchester,Muzaf Driving school manchester driving lessons manual automatic intensive best instructor driver instructor,0330 030 2030,"10 Plummer Ave, Chorlton-cum-Hardy, Manchester, M21 8EU",5,261,https://muzafdrivingschool.co.uk/,ChIJHynbaX2ze0gRmoAPhp5Uu_U,serpapi,,,,,,,
driving_instructors,Manchester,"Learn and Drive UK, Driving School Manchester | Manual and Automatic Driving Lessons Manchester | Intensive Driving Courses",07966 587877,"26 Blue Moon Way, Manchester, M14 7SH",5,201,https://learnanddrive.uk/,ChIJk345I8ns2kcRM4Y-nXdLwB4,serpapi,,,,,,,
driving_instructors,Manchester,ESM DRIVING SCHOOL Manchester,07969 156747,"75 Blue Moon Way, Manchester, M14 7GR",5,125,https://esmdrivingschool.co.uk/,ChIJbX56rnCze0gRptI-R2UrVJU,serpapi,,,,,,,
driving_instructors,Manchester,Learners Club Driving School,0161 881 1701,"1 St Peter's Sq, Manchester, M2 3DE",4.8,638,https://www.learnersclub.co.uk/,ChIJ9YClGu2xe0gRoYlPJEWzcnk,serpapi,,,,,,,
driving_instructors,Manchester,Manchester Driver Training Ltd,07886 611446,"Ste 23, 792 Wilmslow Rd, Didsbury, Manchester M20 6UG",5,604,http://www.manchesterdrivertraining.co.uk/,ChIJ40YPTyKye0gRfuU_BeeF9GE,serpapi,,,,,,,
driving_instructors,Manchester,Omari Automatic Driving School,07727 333990,"Peter House, Oxford St, Manchester, M1 5AN",4.8,74,https://omari-drivingschool.co.uk/,ChIJuY6AqC-xe0gR_-hO1S9AGz4,serpapi,,,,,,,
gardeners,Manchester,CleanCuts Lawn Kings • Property/Grounds Maintenance,07455 726179,"Claremont Rd, Manchester, M14 4TS",4.9,500,https://cleancutsmcr.co.uk/,ChIJhc-neq8CkygR3C26-qh-9_4,serpapi,,,,,,,
gardeners,Manchester,KMR Gardens & Landscapes,07926 900922,"194 Lloyd St S, Fallowfield, Manchester, M14 7DY",4.9,50,http://kmr-gardens-and-landscapes.co.uk/,ChIJM86UJh2ze0gR1vgtC60lgWc,serpapi,,,,,,,
gardeners,Manchester,iGreen Garden Care,07377 458257,"20 St Mary's Parsonage, Manchester, M3 2LY",5,6,https://igreengardens.co.uk/,ChIJCRUEaK-xe0gRZPXkKKXBB_0,serpapi,,,,,,,
gardeners,Manchester,Failsworth Landscapes and Gardens,07377 373153,"39 Rolls Cres, Hulme, Manchester, M15 5FT",5,27,http://trimnhedgegardenmaintenance.com/,ChIJWTOyrLJpnGMRBxqq45MKwEo,serpapi,,,,,,,
gardeners,Manchester,EU Gardening services,07496 786474,"1341 Ashton Old Rd, Openshaw, Manchester, M11 1JT",4.8,79,,ChIJ9_gOwG5hDowRyKuvpbNsz9A,serpapi,,,,,,,
gardeners,Manchester,Firswood Gardens,07536 981445,"Rye Bank Rd, Old Trafford, Stretford, Manchester, M16 0HS",5,12,http://www.firswoodgardens.co.uk/,ChIJgRVzUpNOJGYRLefWSd9MoFk,serpapi,,,,,,,
gardeners,Manchester,Eco-Gardener,07785 708185,"Leyland Ave, Manchester, M20 6EW",5,14,http://www.eco-gardener.co.uk/,ChIJq4rxXbyze0gRFBmaUdwKdLU,serpapi,,,,,,,
gardeners,Manchester,House of Dreams Manchester,07310 241431,,5,74,https://hofdreams.co.uk/?utm_source=google+organic&utm_medium=organic&utm_campaign=google+my+business,ChIJUX_nBcG0tQ4Rc62qKi-7lBo,serpapi,,,,,,,
gardeners,Manchester,Manchester Green Glow,07947 329197,,5,21,https://manchestergreenglow.co.uk/,ChIJpyI7_qELSicREmGswqgPPgM,serpapi,,,,,,,
gardeners,Manchester,Manchester Gardening,07843 187401,,4.3,6,https://manchester-gardening.co.uk/,ChIJ5zQ_gtSDAqIRmtFdgTNFDBE,serpapi,,,,,,,
gardeners,Manchester,Weed Warriors Garden Services (Manchester),07967 219529,"32 Berkerley Court, Mersey Rd, Didsbury, Manchester M20 2PR",4.4,55,http://www.weedwarriors.co.uk/,ChIJAQCwVmOye0gRolTk1Ivkw6s,serpapi,,,,,,,
gardeners,Manchester,James Moran Gardening,07771 895813,,5,14,,ChIJdbYE3aYKh6gRnOk7xFFhPdc,serpapi,,,,,,,
gardeners,Manchester,Gardening Services Manchester,0161 823 0201,,3.5,6,https://www.manchestergardening.co.uk/,ChIJSUxTt0eye0gRIIsQnRVg08s,serpapi,,,,,,,
gardeners,Manchester,Greenscape Gardeners,07415 578578,"65 Queen's Rd, Urmston, Manchester, M41 9HF",5,123,https://greenscape-gardeners.co.uk/,ChIJM95nRIyte0gR6zVz0Uh2u6w,serpapi,,,,,,,
gardeners,Manchester,TOM GARDEN SERVICE MANCHESTER,07706 563375,"28 Quilter Grv, Manchester, M9 8DE",3.6,9,http://www.tomgarden.co.uk/,ChIJy8mNA16we0gR_6LX1l5tpAI,serpapi,,,,,,,
gardeners,Manchester,The urban gardener,0161 861 0199,"364 Mauldeth Rd W, Manchester, M21 7RB",4.8,4,http://theurbangardenermanchester.com/,ChIJNeuxHAyye0gRY5RLvrlh_-c,serpapi,,,,,,,
gardeners,Manchester,The Garden People,0161 282 6278,"717 Burnage Ln, Manchester, M19 1RR",5,4,http://www.thegardenpeople.net/,ChIJYSdngFaye0gR5G3XZEmBgNM,serpapi,,,,,,,
gardeners,Manchester,Salford Gardening,,"Meadowgate Rd, Salford, M6 8DR",4.9,127,http://www.salfordgardening.co.uk/,ChIJfWXS_6-ve0gRlG0PbzSKCF8,serpapi,,,,,,,
gardeners,Manchester,J Crews Landscaping and Gardening Services,07712 622511,"9 Hope Park Cl, Prestwich, Manchester, M25 0NL",4.8,47,https://j-crews-landscaping-and-gardening-services-b5hyg3ak.landingsite.dev/,ChIJp3jif6Wve0gRnevgFz61q_U,serpapi,,,,,,,
gardeners,Manchester,Garden Care Manchester,0161 823 0156,,3.3,7,https://www.gardencaremanchester.co.uk/?utm_source=GMB&utm_medium=Places&utm_campaign=Website,ChIJb3oUeIqxe0gR4Q-nXzLyaWg,serpapi,,,,,,,
weddings,Manchester,Ally M Photography - Manchester Wedding Photographer,07824 862520,"2 Ltd, Cubo Manchester, 1 Spinningfields Quay St, Manchestere M3 3JE",5,79,https://allym.photography/,ChIJh1k-UCWme0gROF6qNPFzcg0,serpapi,,,,,,,
weddings,Manchester,Danarus Photostudio,07428 664274,"468 Burnage Ln, Manchester, M19 1LH",4.6,293,https://www.danarusphotostudio.co.uk/contact,ChIJDR0tabKze0gRhwzwtfAtRtk,serpapi,,,,,,,
weddings,Manchester,Joe Hague Photography,07561 306410,"42 Merton Rd, Prestwich, Manchester, M25 1PL",5,41,http://www.joehaguephotography.com/,ChIJf47chP2ve0gRr_ebKoREWeI,serpapi,,,,,,,
weddings,Manchester,Rebecca Conway Photography,0161 960 0225,"Turner Business Centre, Greengate, Middleton, Manchester M24 1RU",4.9,38,https://www.rebeccaconway.co.uk/,ChIJB3Yc3a-AGo8RqFHlujD8tTM,serpapi,,,,,,,
weddings,Manchester,BeardedCamera | Manchester Wedding Photographer | Manchester Wedding Photography,07541 089528,"Apt 1120, 12 Leftbank, Manchester, M3 3AH",5,50,https://www.beardedcamera.com/,ChIJSTuRiS6xe0gRBp9a1sK59Sc,serpapi,,,,,,,
weddings,Manchester,GNPHOTO,07940 404024,"70 Mayford Rd, Levenshulme, Manchester, M19 3DP",5,44,https://www.gnphoto.co.uk/,ChIJ5cyr0CbheKMRWx-gGegYCrU,serpapi,,,,,,,
weddings,Manchester,Olpa Photography,07415 470956,"Grosvenor St, Manchester, M13 9UY",5,49,https://olpa-photography.co.uk/,ChIJv8zSsJmxe0gRoMCiLfeHGoY,serpapi,,,,,,,
weddings,Manchester,Weddings By Mark,07712 117357,"220 Ashurst Rd, Wythenshawe, Manchester, M22 5AX",4.9,51,https://perfectweddingsbymark.uk/,ChIJkdI5Cgaxe0gRZfJqLfGuyQI,serpapi,,,,,,,
weddings,Manchester,DreamLife Wedding,07424 024089,"17 Meadow Way, Manchester, M40 9PG",4.7,43,http://www.dreamlifewedding.co.uk/,ChIJLwCdSld72EcRU9EjybH0-Lc,serpapi,,,,,,,
weddings,Manchester,TLG Photography and Makeup,0330 113 4507,"9 Addison Cl, Manchester, M13 9SB",5,11,https://tlgphotographymakeup.co.uk/asian-wedding-photography-manchester,ChIJ1Q5b0Bqxe0gRd-tFnZRbFKY,serpapi,,,,,,,
weddings,Manchester,Steve Grogan Photography,07791 273529,"28 Spring Valley Wy, Failsworth, Manchester, M35 0TD",5,49,https://www.stevegroganphotography.com/,ChIJdRvd-CO3e0gR_ux257k6DwM,serpapi,,,,,,,
weddings,Manchester,Andrew Wood Photography,0161 286 3311,"1121 Ashton Old Rd, Openshaw, Manchester, M11 1AA",4.6,1586,http://www.andrewwoodphotography.co.uk/,ChIJg84o5oyte0gR4pPqh61C_qA,serpapi,,,,,,,
weddings,Manchester,Jon Parker Lee Photography Ltd.,07900 495753,"11 Princess St, Manchester, M2 4DF",5,39,https://www.jonparkerlee.com/project/corporate-headshot-photographer-manchester/,ChIJyfq5gMGxe0gR_4fZ780LMXE,serpapi,,,,,,,
weddings,Manchester,Rob Clayton Photography,07814 526220,,5,96,http://www.robclaytonphotography.co.uk/,ChIJcxwqrQKwe0gR8r0D0P30og0,serpapi,,,,,,,
weddings,Manchester,Kate McCarthy Photography,,,5,52,http://www.katemccarthyphotography.co.uk/,ChIJsQQkHo2te0gRBvx8yXUMC_M,serpapi,,,,,,,
weddings,Manchester,Eddie Studios Limited,07412 705560,"Miles Platting, Manchester, M40 8BB",5,67,,ChIJDW4uZhixe0gRVk7vhrSugYE,serpapi,,,,,,,
weddings,Manchester,James Melia Studio,,"Graphite House, Paddock St, Manchester, M12 6HT",5,938,https://jamesmelia.co/,ChIJT-Iz6TbDe0gRNL3AgTW5IkM,serpapi,,,,,,,
weddings,Manchester,AIA Photography and Cinematography,07703 047522,"237 Platt Ln, Fallowfield, Manchester, M14 7HH",5,13,http://www.aiaphotography.co.uk/,ChIJz4feEBqye0gRkzCruNRddrU,serpapi,,,,,,,
weddings,Manchester,Cassandra Lane Photography,07851 509473,"9 Arnside Grove, Manchester, Sale, M33 6HH",5,79,https://cassandralanebranding.com/,ChIJj3AcaG2ye0gRR-Md8G-7uN0,serpapi,,,,,,,
weddings,Manchester,Bamber Photography & Film: Manchester & Cheshire Wedding Photographer,07887 801034,"39 Bamber Ave, Sale, M33 2TH",5,12,https://www.bamberphotographyfilm.co.uk/,ChIJKSmuUOOte0gR0qHU3U8opfs,serpapi,,,,,,,
nails,Birmingham,"Townhouse Nail Salon, Birmingham Central",020 7947 0100,"26-28 Church St, Birmingham, B3 2NP",4.8,360,https://townhouse.co.uk/locations/birmingham/?utm_source=google&utm_medium=organic_gbp&utm_campaign=midlands,ChIJT0oUP6a9cEgR8zi5kgYZ2yg,serpapi,,,,,,,
nails,Birmingham,Nails and the City,0121 408 3095,"46 Kenyon St, Birmingham, B18 6AR",4.4,203,http://nailscity.co.uk/,ChIJiyaZpLq9cEgR9QALxFxLsP0,serpapi,,,,,,,
nails,Birmingham,Ly Nails,07429 294499,"22 Augusta St, Birmingham, B18 6JA",4.9,402,,ChIJrSwul5q9cEgR9j456HDU3uo,serpapi,,,,,,,
nails,Birmingham,BIRMINGHAM NAIL SALON,07355 422884,"Cardigan St, Birmingham, B4 7BD",4.9,97,https://wa.me/447355422884,ChIJ65N8vuu9cEgRuQFRJKo9dr8,serpapi,,,,,,,
nails,Birmingham,Kathari Nail Salon,07539 031868,"34 Islington Row Middleway, Birmingham, B15 1LD",4.8,329,,ChIJ7ZP5-oO9cEgRvRlxGOcwIH8,serpapi,,,,,,,
nails,Birmingham,Yoshe Nails & Beauty - Grand Central,07438 479850,"Stephenson St, Birmingham, B2 4XJ",4.4,489,http://www.yoshe-nails.co.uk/,ChIJ_Y3QmJe9cEgRfh_Rt5ZbOno,serpapi,,,,,,,
nails,Birmingham,BeU Nails Salon,0121 792 8546,"5 Suffolk Street Queensway, Birmingham, B1 1LT",4.6,692,https://beunailssalon.co.uk/,ChIJh7paP4q8cEgRpqe0D663dEs,serpapi,,,,,,,
nails,Birmingham,Alzibak nails and beauty,07719 370449,"27 Mary St, Birmingham, B3 1UD",4.9,207,http://alzibaknailsandbeauty.booksy.com/a/,ChIJozsWMh69cEgRmxdwzX9REL8,serpapi,,,,,,,
nails,Birmingham,Celebrity Nail and Beauty,07542 551577,"24 Waterfront Walk, Birmingham, B1 1SN",4.7,142,https://www.celebritythemailbox.co.uk/,ChIJyyVFOgC9cEgRHyqhYl6GpZc,serpapi,,,,,,,
nails,Birmingham,Nails 4 U,0121 236 8666,"179 Corporation St, Birmingham, B4 6RG",4.4,812,https://appbooking.vdit.co.uk/Beauty/FindService?cid=20240806175135034736,ChIJI6RGWoW8cEgRU9sRkg7oxiM,serpapi,,,,,,,
nails,Birmingham,Nailart_MW,07454 453655,"Birmingham, Blucher St, 邮政编码: B1 1QU",4.9,330,https://www.instagram.com/nailart_mw?stkn=aXo1NnQ3OWdnMmEw&utm_source=qr,ChIJyXSw5vi9cEgRbau7G38EC-g,serpapi,,,,,,,
nails,Birmingham,JQ-Studio Nails & Massage,0121 389 4934,"Branston Court, Branston St, Birmingham, B18 6BA",5,57,,ChIJg8TMQUe9cEgRLx_xn-ErhCk,serpapi,,,,,,,
nails,Birmingham,HAUS OF NAILS BIRMINGHAM,,"30 Lower Essex St, Birmingham, B5 6SN",5,18,https://www.instagram.com/hausofnails.uk?igsh=MXNvMTFkcTN5eWN3Nw%3D%3D&utm_source=qr,ChIJgUbqvZW9cEgRyE0c8gD-u28,serpapi,,,,,,,
nails,Birmingham,Nails Birmingham Fort Shopping Park,0121 714 1235,"15B, The Fort Shopping Park, Nails, 20 Fort Pkwy, Birmingham B24 9FP",4.8,140,https://www.instagram.com/browsandnails_birmingham?igsh=MWRheDBsNGVmdHIyaA==&utm_source=qr,ChIJU9B-yD27cEgRJNKzavWQWNM,serpapi,,,,,,,
nails,Birmingham,Chill City Nails,07785 295516,"32 Stephenson St, Birmingham, B2 4BH",4.4,293,,ChIJ4-p7reW9cEgRksn3m0-K2vc,serpapi,,,,,,,
nails,Birmingham,K.Nails,07724 530088,"15 Augusta St, Birmingham, B18 6JA",4.9,171,https://www.instagram.com/k.nail2022/,ChIJSfMZ3ICXcEgRWYACT2J_bTs,serpapi,,,,,,,
nails,Birmingham,Glamour Nails Birmingham,07340 123828,"47 Wingfield Rd, Great Barr, Birmingham, B42 2QB",4.9,53,https://glamournails.uk/,ChIJ1Q_5QVGjcEgRQjXX5foP2L4,serpapi,,,,,,,
nails,Birmingham,NAILTURE,07979 419668,"Unit B208 The Arcadian (UPSTAIRS, 70 Hurst St, Birmingham, B5 4TD",4.9,198,https://www.instagram.com/nailture_brum?igsh=NmRqZ3l4MXBzczlu&utm_source=qr,ChIJh7IDMIi9cEgRTpWkMYDRTr0,serpapi,,,,,,,
nails,Birmingham,Cosmos Nail Lounge & Academy,0121 439 6565,"54 St Mary's Row, Birmingham, B13 8JG",4.9,107,http://cosmosnails.co.uk/,ChIJiRokpPi9cEgRwCVM6lcKL0o,serpapi,,,,,,,
nails,Birmingham,Pinky Promise Nail Studio,,"The Green House, The Custard Factory, 302, Digbeth, Birmingham B9 4AA",5,34,https://pinkypromisestudio6.wixsite.com/pinky-promise-studio,ChIJn9ilUny9cEgR8U2tzlynVZI,serpapi,,,,,,,
electrician,Birmingham,City Electrical Services (Midlands),07875 603686,"86 Kingswood Rd, Birmingham, B13 9AP",5,76,http://cityelectricalservices.uk/,ChIJVeCQOui7cEgRwn4Xk3C2Trs,serpapi,,,,,,,
electrician,Birmingham,Assured Electricians Birmingham,0121 756 0203,"24-26 Regent Pl, Birmingham, B1 3NJ",4.9,24,https://assuredelectriciansbirmingham.co.uk/,ChIJEUTY0nS9cEgRP4izwBiUZ9o,serpapi,,,,,,,
electrician,Birmingham,Agile Electrics,0800 088 6319,"Unit 310, Zellig Building, Gibb St, Deritend, Birmingham B9 4AU",4.8,115,https://www.agileelectrics.com/,ChIJxTf0FeC9cEgRw2dlXJScKxM,serpapi,,,,,,,
electrician,Birmingham,MKUK Electrical LTD,07477 626126,"99 Casey Ave, Birmingham, B23 5YH",5,159,https://mkukelectrical.co.uk/,ChIJb-it0zClcEgRFjrjEDwSqr8,serpapi,,,,,,,
electrician,Birmingham,A Bathe Electrics,0121 517 0598,"102 Midhurst Rd, King's Norton, Birmingham, B30 3RD",5,162,https://abatheelectrics.co.uk/,ChIJg7UdHAu_cEgR5wW0DLQkPfM,serpapi,,,,,,,
electrician,Birmingham,The Electrical Folks,0121 816 0997,"194 Percy Rd, Birmingham, B11 3LG",5,95,https://www.electricalfolks.co.uk/,ChIJh2mrZuu7cEgRuiwnKF5SQfM,serpapi,,,,,,,
electrician,Birmingham,AB Electrical Birmingham,07811 156896,"46 Granshaw Cl, King's Norton, Birmingham, B38 8RA",5,32,https://abelectrical-birmingham.co.uk/,ChIJB7mPEyK_cEgRpxLIg987SEk,serpapi,,,,,,,
electrician,Birmingham,Birmingham Electrical,01902 943929,"11 St Paul's Square, Birmingham, B3 1RB",4.8,20,http://www.247electrician.uk/,ChIJ7U6Nkue9cEgRnEIlRh23-gQ,serpapi,,,,,,,
electrician,Birmingham,A M Electrical Installations Ltd,0121 369 2370,"8 Islington Row Middleway, Five Ways Roundabout, Birmingham, B15 1LD",4.8,56,http://www.am-electrical.co.uk/,ChIJY0is1XW8cEgR4vZn8JSjx4g,serpapi,,,,,,,
electrician,Birmingham,tantech Electricals Birmingham Westmidland,07883 031785,"386 Shaftmoor Ln, Birmingham, B28 8SY",4.9,96,http://tantechelectrical.co.uk/,ChIJ9cAexP67cEgRfUAC9hczC6Q,serpapi,,,,,,,
electrician,Birmingham,Techfix Electric Limited,07852 389539,"Unit 037, 1 Rocky Ln, Birmingham, B6 5RQ",4.9,109,https://www.techfixelectric.co.uk/,ChIJU_s4Z4VJd0gRYFC0EW6FF94,serpapi,,,,,,,
electrician,Birmingham,B&B Electrical ltd,07932 955109,"91 Wisley Way, Birmingham, B32 2JU",4.9,76,https://bandbelectricalltd.co.uk/,ChIJt3kVrTm9cEgR_s3rtCe7TAQ,serpapi,,,,,,,
electrician,Birmingham,Ubitec Electrical Contractors Ltd,07771 998881,"1st Floor, 2-8 Sisefield Rd, Birmingham, B38 9BG",4.8,79,http://www.ubitec.co.uk/?utm_source=google&utm_medium=gbp&utm_campaign=gbp,ChIJId5JxPe-cEgRhlto3znod9E,serpapi,,,,,,,
electrician,Birmingham,Sam Ward Electrical Ltd,07917 533653,"80 Brandwood Rd, King's Heath, Birmingham, B14 6BT",5,47,https://samwardelectrical.co.uk/,ChIJfzqyiD3MqIoRb7UE1AOkwgU,serpapi,,,,,,,
electrician,Birmingham,Rightfix Electrical,07562 444684,"76 Benton Rd, Sparkbrook, Birmingham, B11 1TX",5,80,http://rightfixelectrical.co.uk/,ChIJW6vuHFZnOWoR7Qk_ulBqwoA,serpapi,,,,,,,
electrician,Birmingham,Westinghouse Electrical and Solar Ltd,0121 798 2595,"9 Tetley Rd, Birmingham, B11 3BU",5,118,https://westinghouseelectricaltesting.co.uk/,ChIJVVWpJsO7cEgRyLbCk47rHSM,serpapi,,,,,,,
electrician,Birmingham,R S S Electrical Services Ltd,0121 427 1911,"185-187 High St, Harborne, Birmingham, B17 9QG",4.8,32,http://www.rsselectrical.co.uk/,ChIJ8Wbd7Za9cEgRM4QEFXB_Otk,serpapi,,,,,,,
electrician,Birmingham,Mainline Electrical Ltd,0121 320 2824,"25 Hilderstone Rd, Birmingham, B25 8LA",5,25,http://mainline-electrical.co.uk/,ChIJxTuLS5y7cEgR4JsJ-N_uaZA,serpapi,,,,,,,
electrician,Birmingham,Birmingham Electrical Services,0121 403 0000,,4.9,21,https://www.birmingham-electricalservices.co.uk/,ChIJxczwYnCOOYURzyjk9pPA44s,serpapi,,,,,,,
electrician,Birmingham,S.H. Electrics Ltd,07368 457527,,4.9,33,https://sh-electrics-ltd1.odoo.com/,ChIJ2y77NIy7cEgRA9hSMuWI-Fo,serpapi,,,,,,,
dog_groomers,Birmingham,Cuddle Paws,07535 522289,"45 Pitsford St, Birmingham, B18 6LJ",4.9,31,https://www.cuddle-paws.co.uk/,ChIJB1aOnNK9cEgRwzIWEpYUBAw,serpapi,,,,,,,
dog_groomers,Birmingham,Paws to Relax Dog Grooming by Natalie,07348 205074,"Willetts Rd, Birmingham, B31 4BD",5,28,,ChIJkdrMg7W_cEgREDf9PvtJrI4,serpapi,,,,,,,
dog_groomers,Birmingham,Vanity Furr,07515 703290,"2246 Coventry Rd, Sheldon, Birmingham, B26 3JJ",4.9,446,http://www.vanityfurrr.co.uk/,ChIJ4d2WaCS7cEgRrdNGJAMwhOc,serpapi,,,,,,,
dog_groomers,Birmingham,Dandydoggies,0121 605 7866,"53 Milcote Rd, Birmingham, B29 5NJ",4.8,34,,ChIJ3YiuGfy9cEgRagT69vhhR4g,serpapi,,,,,,,
dog_groomers,Birmingham,The Pet Palace,0121 574 5390,"219 Heath Way, Shard End, Birmingham, B34 6QU",4.9,92,https://www.thepetpalaceat219.co.uk/,ChIJ8QnhNB67cEgRLc4LVp2zMz0,serpapi,,,,,,,
dog_groomers,Birmingham,Snazzy Pawz By Yazzy,07871 610291,"9 Rover Dr, Birmingham, B27 6TA",5,42,http://www.snazzypawz.co.uk/,ChIJweMrd6S_cEgRVTKwnj55g28,serpapi,,,,,,,
dog_groomers,Birmingham,Pet House Groomer,0121 610 1398,"123-125 Witton Lodge Rd, Birmingham, B23 5JD",4.5,11,https://pethousevets.co.uk/groomer,ChIJIcbU0gGlcEgRozJKhVQ6XQU,serpapi,,,,,,,
dog_groomers,Birmingham,Barks and Bubbles dog grooming,07798 904084,"32 Arton Croft, Erdington, Birmingham, B24 8RA",4.9,31,,ChIJdT9T5q-7cEgRZXTDHB7pIqE,serpapi,,,,,,,
dog_groomers,Birmingham,Pet Needs,0121 778 3218,"155 York Rd, Hall Green, Birmingham, B28 8LF",4.7,70,,ChIJHQfHxtC7cEgRjLdZuFpJauM,serpapi,,,,,,,
dog_groomers,Birmingham,Dog Grooming By Julia,0121 680 6805,"6 Maple Rd, Rubery, Birmingham, B45 9EA",4.7,105,http://www.doggroomingbyjulia.co.uk/,ChIJJTu_yauVcEgRXzaQi4rjYwc,serpapi,,,,,,,
dog_groomers,Birmingham,Pawfection by kate,07968 410023,"36 Osprey Rd, Acocks Green, Birmingham, B27 7BA",5,14,,ChIJvdjpF5q7cEgR_R-0pWupPPs,serpapi,,,,,,,
dog_groomers,Birmingham,Rovers Dog Grooming Parlour,07584 495642,"9 Rover Dr, Birmingham, B27 6TA",4.8,42,,ChIJF0ZniTi6cEgRPIWICJ8VZFc,serpapi,,,,,,,
dog_groomers,Birmingham,Pawtraits Dog Salon,07708 168103,"Rear Office of, 20 The Green, King's Norton, Birmingham B38 8SD",5,119,http://www.pawtraitsalon.com/,ChIJvYuLKAe9cEgRyAZUt7SOBEI,serpapi,,,,,,,
dog_groomers,Birmingham,Cat Studio,07878 641831,"35 Cossington Rd, Birmingham, B23 5EL",4.9,169,http://www.catstudio.co.uk/,ChIJUU9MmcGkcEgRR8DyJNg_SLI,serpapi,,,,,,,
dog_groomers,Birmingham,Paw L'amour,0121 601 1515,"480 Bearwood Rd, Bearwood, Smethwick, B66 4HA",4.9,87,https://www.pawlamour.co.uk/,ChIJgbIfecW9cEgRiqrpfqQ-fm8,serpapi,,,,,,,
dog_groomers,Birmingham,K9DoGrooming Studio,07546 866554,"10 Oxted Croft, Erdington, Birmingham, B23 6BS",5,8,,ChIJ8UuXYI-lcEgRk6igKqR1RS8,serpapi,,,,,,,
dog_groomers,Birmingham,Groomie Brummie,07440 334719,"9 Wigorn Rd, Smethwick, B67 5HN",5,44,,ChIJ634BOK29cEgRQHHoq1jNmHM,serpapi,,,,,,,
dog_groomers,Birmingham,MK Dog Grooming,0121 443 5910,"277 Alcester Rd S, Birmingham, B14 6EB",4.4,103,,ChIJGf7eL6W-cEgREoNFHBIfOD4,serpapi,,,,,,,
dog_groomers,Birmingham,Honeys Groom Room,07539 051230,"38 Middle Ln, Birmingham, B38 0DY",4.9,33,https://honeysgroomroom.uk/,ChIJN0B3XGy_cEgRvvE-WXVEPDE,serpapi,,,,,,,
dog_groomers,Birmingham,Collar And Tie Dog Groomers,07443 052875,"296 Baldwins Ln, Hall Green, Birmingham, B28 0XB",4.8,44,http://www.collarandtiedoggroomers.com/,ChIJXaPCDGm5cEgR5FTW_O1brQ4,serpapi,,,,,,,
cleaners,Birmingham,Cleaning Birmingham,07790 781505,,4.6,104,http://www.cleaning-services-birmingham.com/,ChIJj1VYN2m6cEgRBMJ0cW0nKgY,serpapi,,,,,,,
cleaners,Birmingham,Onyx Residential Cleaning Services Birmingham,07949 139576,"11 Dartmouth Middleway, Birmingham, B7 4AT",5,39,https://onyxresidentialcleaningservicesbirmingham.com/,ChIJR67IhEC9cEgRUepisc_uREQ,serpapi,,,,,,,
cleaners,Birmingham,Midland Cleaners,0121 630 3395,"Kings Court, 17 School Rd, Hall Green, Birmingham B28 8JG",4.8,45,https://midlandcleaning.co.uk/,ChIJCfQCJ9m7cEgRCIIXbs2cvFw,serpapi,,,,,,,
cleaners,Birmingham,Bella Cleaning Services Birmingham LTD,07752 193030,"147 Nuthurst Rd, Longbridge, Birmingham, B31 4TG",4.9,82,http://www.bellacleaningservices.co.uk/,ChIJ9-SfhXS_cEgRFjGOlPHTNHs,serpapi,,,,,,,
cleaners,Birmingham,Nita’s Cleaning Services – End of Tenancy Specialist,07821 026130,"6 Salstar Cl, Birmingham, B6 4PP",4.8,25,http://www.nitascleaningservices.co.uk/,ChIJL8cXGDy9cEgRgiE_dip31RY,serpapi,,,,,,,
cleaners,Birmingham,McShine Cleaning Services UK,0121 769 2599,"Flat 79, Kendal Tower, Harborne, Birmingham B17 0JZ",4.3,51,http://www.mcshinecleaning.co.uk/,ChIJS2CmpuC9cEgR6Sn20JB3HaA,serpapi,,,,,,,
cleaners,Birmingham,The Pristine Team Ltd,0333 090 7357,,4.9,72,https://www.thepristineteam.net/,ChIJE48WYGcCoioRgGAzA0pXJ_8,serpapi,,,,,,,
cleaners,Birmingham,Midlands Mighty Cleaning,07763 144026,"39 Anita Croft, Erdington, Birmingham, B23 7NU",4.9,66,https://midlandsmightycleaning.co.uk/,ChIJKZmrLGu7cEgR805wOXx4IV0,serpapi,,,,,,,
cleaners,Birmingham,Flash Home Clean (Birmingham),07486 555179,"55 Sandford Rd, Moseley, Birmingham, B13 9DX",4.9,73,https://flashhomeclean.co.uk/,ChIJWUoxDQq8cEgRpde5j6hFNHY,serpapi,,,,,,,
cleaners,Birmingham,Hale Sure Cleaning,07449 272672,"Grosvenor House, 11 St Paul's Square, Birmingham, B3 1RB",4.7,30,,ChIJLcy603aXcEgRipUgS-wAB2s,serpapi,,,,,,,
cleaners,Birmingham,Aqua Blue Clean,0121 798 1463,"46 The Priory Queensway, Birmingham, B4 7LR",5,23,https://www.aquablueclean.co.uk/,ChIJs_iYCWXKeYcReTizOB2n4mc,serpapi,,,,,,,
cleaners,Birmingham,Al Grey’s cleaning services,07931 175070,"145 Barford St, Birmingham, B5 6AH",5,42,https://algreyscleaningservices.co.uk/,ChIJS2mdXvC7cEgRWKoglV5mu6U,serpapi,,,,,,,
cleaners,Birmingham,Day To Day Cleaners Birmingham,0121 724 0155,,4.3,80,https://www.daytodaycleaners.co.uk/Birmingham-cleaning-company/,ChIJveq0AdQn10YRztzHoSNbj3k,serpapi,,,,,,,
cleaners,Birmingham,24hr Cleaning Birmingham,07432 511999,"High St, Harborne, Birmingham, B17 9PW",5,10,http://www.24hrcleaningbirmingham.co.uk/,ChIJJQ6Whsa9cEgRBHRkHesgVD0,serpapi,,,,,,,
cleaners,Birmingham,Cleaning Whizz,0121 724 0990,,4.8,580,https://www.cleaningwhizz.uk/?utm_source=google&utm_medium=organic&utm_campaign=gbp,ChIJ6z2DvQKdhyUR3l5nxhw8Npk,serpapi,,,,,,,
cleaners,Birmingham,Selly Park Cleaning Services,07826 597318,,4.9,49,http://www.sellyparkcleaningservices.com/,ChIJK7FD35W9cEgRE99bWdxL0O8,serpapi,,,,,,,
cleaners,Birmingham,Bright & Beautiful Birmingham,0121 647 6117,"Hylton Court, Unit 5, 27 Hylton St, Birmingham B18 6HJ",4.6,24,https://www.brightandbeautifulhome.com/locations/birmingham/?utm_source=google&utm_medium=organic&utm_campaign=gbp-listing,ChIJfzSReIy8cEgRrUGqMRIi7oA,serpapi,,,,,,,
cleaners,Birmingham,Hoo's Cleaning,07593 236418,,4.9,73,https://hooscleaning.biz/,ChIJhaOZpc-jcEgR8AF8eJUFipU,serpapi,,,,,,,
cleaners,Birmingham,MrMistBirmingham,0121 630 3554,"3, Colmore Gate, Birmingham, B3 2QD",4.8,23,,ChIJ6dokgzS9cEgRLVdKbhBsjPo,serpapi,,,,,,,
cleaners,Birmingham,Complete Clean Management,0800 433 2208,"Grosvenor House, 11 St Paul's Square, Birmingham, B3 1RB",4.9,29,http://www.completecleanmanagement.co.uk/,ChIJb-jxPkiWcEgRTvJ1bBjkGYs,serpapi,,,,,,,
hair,Birmingham,Urban Roots,0121 643 4747,"6 Lower Temple St, Birmingham, B2 4JD",4.9,1370,http://www.urbanrootshair.com/,ChIJh83oVom8cEgR3rUkwwlyGX0,serpapi,,,,,,,
hair,Birmingham,Cora Hair,0121 233 9993,"16-18 Temple Row, Birmingham, B2 5HG",4.5,461,http://www.corahair.co.uk/,ChIJqU6g_I68cEgRYmWIw1rUV7A,serpapi,,,,,,,
hair,Birmingham,Hazel & Haydn Hairdressing,0121 604 8886,"27 Caroline St, Birmingham, B3 1UE",4.9,481,https://hazelandhaydn.co.uk/,ChIJgxJmF-28cEgR7RdUB2iy2_Y,serpapi,,,,,,,
hair,Birmingham,Melissa May Hair,07534 098495,"Ste 211, Phenix Salon Suites, 2 Snow Hill Queensway, Birmingham B4 6GA",4.9,44,https://melissa-may-hair.square.site/,ChIJjyxYUhW9cEgR0UOYUk3AIec,serpapi,,,,,,,
hair,Birmingham,TONI&GUY Birmingham,0121 631 3333,"Unit 12 & 13 Caxtongate, 5 Cannon St, Birmingham, B2 5EP",4.5,530,https://toniandguy.com/salon/birmingham,ChIJmw_MtI68cEgRyP_M-xiTFjM,serpapi,,,,,,,
hair,Birmingham,Hush Hair & Beauty,0121 634 3232,"ICC, Brewmasters House, Birmingham, B1 2EA",4.6,966,http://hushhair.com/?utm_source=google&utm_medium=organic&utm_campaign=gbp,ChIJb8UbXYm8cEgReeDSgz8eN_s,serpapi,,,,,,,
hair,Birmingham,Charlie's Hair Studio,0121 622 4818,"first floor, Arcadian Centre, B 207, 70 Cathay St, Hurst St, Birmingham B5 4TD",4.8,504,https://www.charliehair.co.uk/,ChIJO6GGNIi8cEgRXzL-bNnYZas,serpapi,,,,,,,
hair,Birmingham,James Bushell Hair Birmingham,0121 711 1100,"7 Calthorpe Rd, Birmingham, B15 1QJ",4.6,489,https://www.jamesbushell.co.uk/our-salons/birmingham-hair-salon/,ChIJy9sPjle8cEgRqAeL3Wz-s1U,serpapi,,,,,,,
hair,Birmingham,MEDIVINE SALON,0121 633 3179,"Burlington Arcade, 18-19, 126 New St, Birmingham B2 4JQ",4.9,1079,https://medivine.co.uk/,ChIJhTh07yK9cEgR_44Z72cR_l8,serpapi,,,,,,,
hair,Birmingham,just a hairdresser,07921 384533,"22 Regent Pl, Birmingham, B1 3NJ",5,155,https://linktr.ee/justa.hairdresser?utm_source=linktree_profile_share&ltsid=68df2425-bb0d-4049-86c5-0ec58d4e3649,ChIJ9QZrnQe9cEgRLKB20ItCIe4,serpapi,,,,,,,
hair,Birmingham,Nicky Clarke Salon,0121 633 4009,"103B Wharfside St, Birmingham, B1 1RD",4.9,522,http://www.nickyclarke.com/birmingham,ChIJewPvLPW8cEgRlkLP5m0EVuc,serpapi,,,,,,,
hair,Birmingham,Pickles & co,0121 389 8498,"Ansty Court, Unit 11, 44 Kenyon St, Birmingham B18 6AR",4.4,201,http://www.picklesandco.com/,ChIJlXog2-y8cEgRGUahU6uwSrU,serpapi,,,,,,,
hair,Birmingham,Harris Gibbs Hair Shop,0121 236 0750,"82 Caroline St, Birmingham, B3 1UP",4.9,115,http://www.harrisgibbs.com/,ChIJAdPqP-28cEgRrcMJmAx_TI4,serpapi,,,,,,,
hair,Birmingham,Hair City One,07799 770233,"SUITE 8, Albert Wing, Legge Ln, Birmingham B1 3LD",4.9,95,http://haircityone.co.uk/,ChIJ0UOf4vG8cEgRgk7doua2iPs,serpapi,,,,,,,
hair,Birmingham,Benjamin Ryan Hair,0121 236 6600,"Maddox House, 117 Edmund St, Birmingham, B3 2HJ",4.9,448,https://benjaminryanhair.co.uk/,ChIJfc4--I68cEgRgMg9K4ymI8I,serpapi,,,,,,,
hair,Birmingham,Strand & Lock,07538 796039,"Unit 12 & 13 Gibb St, Deritend, Birmingham, B9 4DJ",4.9,774,https://linktr.ee/strandandlock,ChIJPd64Ts29cEgRWWeic93tGL8,serpapi,,,,,,,
hair,Birmingham,Harvey | Martin Hair Room,07522 250555,"Suite 109, Phenix Salon Suites, two snow hill, Snow Hill Queensway, Birmingham B4 6GA",5,67,https://www.harveymartinhair.com/?utm_source=google&utm_medium=wix_google_business_profile&utm_campaign=11197598533240860392,ChIJt5mIhoi9cEgR4pW987ky8m4,serpapi,,,,,,,
hair,Birmingham,James Bushell Hair at Harvey Nichols,0121 711 1100,"65 Wharfside St, Birmingham, B1 1RE",4.8,349,https://www.jamesbushell.co.uk/our-salons/harvey-nichols-hair-salon/,ChIJR5X90oq8cEgR8srAxnxVsu8,serpapi,,,,,,,
hair,Birmingham,BLACC + BLOND,0121 439 6430,"17 Lionel St, Birmingham, B3 1AQ",4.8,175,http://www.blaccandblond.com/,ChIJ8XH1cDy9cEgRC0pfYq4VZSA,serpapi,,,,,,,
hair,Birmingham,Jessica & Joseph Hair Atelier,07521 591242,"Unit 4, Phenix Salon Suites, Suite 104, 2 Snow Hill Queensway, Birmingham B4 6WR",5,64,https://www.jessicajosephhair.com/,ChIJNxfqLBW9cEgR42QlkskcFrc,serpapi,,,,,,,
beauty,Birmingham,J Beauty by Nilima,07301 279040,"10 The Minories, Birmingham, B4 6AG",4.9,863,https://www.fresha.com/a/j-beauty-by-nilima-birmingham-10-the-minories-df8d3591/all-offer?menu=true&pId=34082&fbclid=PAQ0xDSwL97RNleHRuA2FlbQIxMQABpy708biqsB6YdGA06c9hDhmnJrusa6Cm4oWz3F_2mTGV3OJVKJz2cLmzdo_O_aem_kCjMzPJEOQa-5DLHCEHcnw,ChIJL8U_-468cEgR0nCfI68BjWs,serpapi,,,,,,,
beauty,Birmingham,RAWR Beauty located within Primark - Birmingham,0121 448 9750,"38 High St, Birmingham, B4 7SL",4.6,965,https://rawrbeauty.co.uk/salon/birmingham-beauty-salon-worlds-biggest-primark/,ChIJu5Kg8za9cEgRBIPM_GJGczg,serpapi,,,,,,,
beauty,Birmingham,Serenity The Beauty Clinic,0121 683 0043,"8 Bennetts Hill, Birmingham, B2 5RS",4.8,173,http://www.beautyinbirmingham.co.uk/,ChIJlS0l7ou8cEgR9Y0CDL7MXcs,serpapi,,,,,,,
beauty,Birmingham,Tandis,0121 634 3434,"2 Smallbrook Queensway, Birmingham, B5 4EN",4.4,510,,ChIJv7JeIoq8cEgRzmeIn8llJRw,serpapi,,,,,,,
beauty,Birmingham,Indigo Hair & Beauty,07383 978270,"41 Vittoria St, Birmingham, B1 3ND",4.9,107,https://widget.treatwell.co.uk/place/indigo-hair-beauty-2/,ChIJNTEk5uC9cEgRLBjZIBLlVJI,serpapi,,,,,,,
beauty,Birmingham,Hair & Skin clinic,0121 643 1964,"17 Cannon St, Birmingham, B2 5EN",4.5,373,http://www.hairandskinclinic.co.uk/,ChIJ6Z5LIKa9cEgRaQEN9ioVSBg,serpapi,,,,,,,
beauty,Birmingham,Beauty by Sam,07961 234334,"Located with The Glam Angel, 26 Caroline St, Birmingham, B3 1UE",4.8,66,https://www.theglamangel.co.uk/beauty,ChIJ-23S_xClcEgR8y5grwtWmdU,serpapi,,,,,,,
beauty,Birmingham,Christodoulous Hair and Beauty,0121 236 5845,"6 N Western arcade, Birmingham, B2 5LH",4.7,220,http://www.hairbeauty.me/,ChIJ10zTAo-8cEgRbmidapETrVU,serpapi,,,,,,,
beauty,Birmingham,Allova Beauty Hair and Skin Salon Birmingham,07534 304427,"9-11 Barnabas Rd, Birmingham, B23 6SH",4.8,156,http://www.allovabeauty.co.uk/,ChIJH9DPgxSlcEgRwVO5jStITi4,serpapi,,,,,,,
beauty,Birmingham,GLAMOROUS BEAUTY SALON BIRMINGHAM,07835 163508,"15 Caroline St, Birmingham, B3 1TR",4.7,46,http://glamorousbeautysalon.co.uk/,ChIJo6a6Pe28cEgRl7TvSi-rIsY,serpapi,,,,,,,
beauty,Birmingham,Inspiration Hair Nails And Beauty,0121 440 6828,"1 Hollies Croft, Pershore Rd, Birmingham, B5 7QN",4.7,547,http://inspiration.salon/?utm_source=gmb&utm_medium=referral,ChIJN_rej0G8cEgRz6uwQB22pjo,serpapi,,,,,,,
beauty,Birmingham,"Queen Land Clinic (Hair, Beauty, Skin care & Aesthetic)",07377 770078,"182 Tennant St, Birmingham, B15 1EN",4.8,223,https://queenland.clinic/,ChIJcXFeAwC9cEgRCyu25EJiajE,serpapi,,,,,,,
beauty,Birmingham,Neelam Beauty Lounge,07810 820403,"Five Ways, 7 Calthorpe Road Cropthorne Court, Birmingham, B15 1QJ",4.9,65,https://www.jamesbushell.co.uk/bespoke-services/neelam-beauty-lounge/,ChIJsaAmcK-9cEgRRvPENdqpPoQ,serpapi,,,,,,,
beauty,Birmingham,Misbah’s Beauty Salon,07377 250029,"2 Belchers Ln, Birmingham, B8 3EU",5,30,,ChIJcXeOnGC7cEgRRe1w6BJGhGo,serpapi,,,,,,,
beauty,Birmingham,Black Swan Beauty Studio,07405 474789,"4 Greenfield Cres, Edgbaston, Birmingham, B15 3BE",5,139,https://blackswanbeautystudio.book.app/,ChIJAwZO3pa9cEgR8DyYImom-lc,serpapi,,,,,,,
beauty,Birmingham,LUMI Salon,07922 805563,"25 Mary St, Birmingham, B3 1UD",4.9,38,http://lumisalonbirmingham.com/,ChIJ-VbypN29cEgRHnfLAZ45m9c,serpapi,,,,,,,
lashes,Birmingham,The Lash Girl Studio,,"29 Caroline St, Birmingham, B3 1UQ",4.7,58,https://that-time.co.uk/the-lash-girl-studio,ChIJ7365qXO9cEgRQ07-SaAWdBA,serpapi,,,,,,,
lashes,Birmingham,Mila Rose Birmingham - Birmingham Lashes,,"98 Spencer St, Birmingham, B18 6DE",4.9,31,https://milarosebham.book.app/,ChIJ4TmvEaS9cEgR3cWyiFeiAVY,serpapi,,,,,,,
lashes,Birmingham,SugarLashSuite BIRMINGHAM LASH EXTENSIONS,07367 215530,"12 Hall Rd, Birmingham, Smethwick, B67 6SG",4.4,45,https://www.fresha.com/providers/theilashplug-tkl32wh7?pId=417896,ChIJ77SGKEy9cEgRzhrHD68UYU0,serpapi,,,,,,,
lashes,Birmingham,Nat Eyelashes,07510 186491,"36 Hurlingham Rd, Birmingham, B44 0LT",5,38,https://www.facebook.com/share/1dqN3V73aA/,ChIJw4k4yt2lcEgRBKCNXSJtkXw,serpapi,,,,,,,
lashes,Birmingham,Shavata Brow & Lashes Studio Birmingham,0121 616 6021,"65 Wharfside St, Birmingham, B1 1RE",4.8,123,http://www.shavata.co.uk/,ChIJ2yEh04q8cEgR8JMMkVSk1Ro,serpapi,,,,,,,
lashes,Birmingham,JK Salon Eyelash Extensions,07783 355451,"53 Vyse St, Birmingham, B18 6HR",4.4,118,https://ottolashuk.as.me/,ChIJ0004Qae9cEgRL1pP6ax-y6c,serpapi,,,,,,,
lashes,Birmingham,Maxka Eyelash Extensions,,"Blucher St, Birmingham, B1 1QU",5,12,https://www.instagram.com/maxka_eye?igsh=MTNvZjV1Z3FuaWp5OQ%3D%3D&utm_source=qr,ChIJO49hpT69cEgRP1IT1F3qRVw,serpapi,,,,,,,
lashes,Birmingham,Halo Lash & Brow Studio,07394 978426,"122 York Rd, Birmingham, B28 8LH",4.9,74,http://www.halolashandbrowstudio.co.uk/,ChIJ8yHHruu7cEgRFxhEB6JJyF4,serpapi,,,,,,,
lashes,Birmingham,Miss Beautique,07572 554609,"11a/b Pitsford St, Birmingham, B18 6LJ",4.7,120,http://www.missbeautique.co.uk/,ChIJq1qfX-m8cEgR02OmjNmsU08,serpapi,,,,,,,
lashes,Birmingham,Dlashed,07791 179070,"Unit 4b2, 4b Maypole Ln, Birmingham, B14 5JG",4.8,35,,ChIJ-4Y9PWK_cEgRXvvz1VPnIXU,serpapi,,,,,,,
lashes,Birmingham,Pretty & Prestige Lashes,,"429 Birmingham Rd, Wylde Green, Birmingham, Sutton Coldfield, B72 1AX",4.9,48,http://www.prettyandprestigelashes.com/,ChIJe4CSLG6lcEgRhbl6iVeT09Q,serpapi,,,,,,,
lashes,Birmingham,VALENZEE Lash studio,07904 661605,"Unit 3, 14 Hylton St, Birmingham, B18 6HN",5,17,http://valenzeebirmingham.booksy.com/,ChIJ_VOt36e9cEgR1yqtRxxEZQQ,serpapi,,,,,,,
lashes,Birmingham,LT Beauty,0121 824 1966,"1088 Stratford Rd, Hall Green, Birmingham, B28 8AD",4.8,341,https://www.ltbeautyhallgreen.co.uk/,ChIJnYSppBS7cEgRkR95vLwAsAM,serpapi,,,,,,,
lashes,Birmingham,Individual eyelash extensions,07985 782710,"Tavistock Rd, Acocks Green, Birmingham, B27 7JU",4.8,28,,ChIJEQ2iuNe7cEgRehjNQDiITVc,serpapi,,,,,,,
lashes,Birmingham,Fabulash Lash Boudoir,07496 290881,"46 High St, King's Heath, Birmingham, B14 7JZ",4.8,32,https://fabulashlashboudoir.as.me/,ChIJLZXHmYO9cEgREAhPI9QHCqU,serpapi,,,,,,,
lashes,Birmingham,Nadra Beauty & Aesthetics,07445 361521,"9 Coton Ln, Erdington, Birmingham, B23 6TP",4.9,190,https://nadrabeauty.co.uk/,ChIJD9MvESy7cEgRzawRYV-c6pc,serpapi,,,,,,,
lashes,Birmingham,LashedByAsUK,07901 545913,"Bradford Court Business Centre, 123-131 Bradford St, Birmingham, B12 0NS",4.3,28,https://lashedbyasuk.as.me/,ChIJA2nTF2K9cEgRWCc7tQEj2jE,serpapi,,,,,,,
car_detailers,Birmingham,AD auto car detailing Edgbaston,0121 790 0261,"23 Duchess Rd, Birmingham, B16 8JD",5,40,http://adcardetailing.site/,ChIJhzoM4hG9cEgRVZQoWi6am70,serpapi,,,,,,,
car_detailers,Birmingham,AD Auto Car Detailing Erdington,0121 790 0641,"149 Hawkesyard Rd, Birmingham, B24 8LJ",5,43,http://adcardetailing.site/,ChIJqXoco127cEgRuErpi0OXMUs,serpapi,,,,,,,
car_detailers,Birmingham,AD Auto car detailing Bordesly Green,0121 790 0334,"25 Imperial Rd, Birmingham, B9 5HB",4.9,29,http://adcardetailing.site/,ChIJvcUkyNS7cEgRtrWpz3ibXWM,serpapi,,,,,,,
car_detailers,Birmingham,Car Drip Detailing,07513 086936,"5 Runcorn Rd, Balsall Heath, Birmingham, B12 8RQ",4.9,40,https://linktr.ee/CarDripDetailing,ChIJc_t5l95o04QRWxNvyQGX9C8,serpapi,,,,,,,
car_detailers,Birmingham,1 Stop Detailing,07785 688882,"1-2 Anderton Rd, Sparkbrook, Birmingham, B11 1TG",5,24,https://linktr.ee/1stopdetailing,ChIJ_7DmzC27cEgREN4mdnrB5WU,serpapi,,,,,,,
car_detailers,Birmingham,The Detail Factory,07752 610592,"Unit 2 Lime Grove, Balsall Heath, Birmingham, B12 8SY",5,21,,ChIJ12R7eri9cEgR6YWpbE0oxMA,serpapi,,,,,,,
car_detailers,Birmingham,GLOSSTECH - Mobile Detailing and Valeting - Birmingham,07729 842942,"50 Longley Cres, Birmingham, B26 1EN",5,119,http://glosstechdetail.com/,ChIJvfH9ly-7cEgRnjgifkXElxw,serpapi,,,,,,,
car_detailers,Birmingham,MJ's Detailing,0121 630 3806,"304 Haunch Ln, Birmingham, B13 0QS",4.9,138,https://mjdetailing.co.uk/,ChIJfSyjEvS_cEgRw6cGJcusyhY,serpapi,,,,,,,
car_detailers,Birmingham,Top Tier Mobile Car Detailing,,"93 Harborne Rd, Birmingham, B15 3HG",4.8,24,http://toptiermobilecardetailing.site/,ChIJe3ZYYXm9cEgR3Z5MiRD2M24,serpapi,,,,,,,
car_detailers,Birmingham,Bubble Blast Detailing Ltd,07938 944150,"Spring Hl, Birmingham, B18 7BS",5,27,https://www.bubbleblastdetailingltd.co.uk/,ChIJddduw3e9cEgRhoGWwZcA1aA,serpapi,,,,,,,
car_detailers,Birmingham,Notorious Detailers,07928 603217,"Unit 1, 50 James Rd, Tyseley, Birmingham B11 2BA",5,25,https://notoriousdetailers.co.uk/,ChIJpTOqqJ67cEgRPYLVmNlOBkM,serpapi,,,,,,,
car_detailers,Birmingham,DAC Mobile Valeting,07772 101409,"11 - 15 Stoney Ln, Sparkbrook, Birmingham, B12 8DL",4.9,120,https://team-dac.com/,ChIJ4wKqzyC7cEgRnVQCV7kOZjg,serpapi,,,,,,,
car_detailers,Birmingham,Birmingham Detailing Shop,0121 400 4211,"Rear Off, 1522 Pershore Rd, Stirchley, Birmingham B30 2NW",4.8,66,https://www.birminghamdetailingshop.co.uk/,ChIJm4fkl4a-cEgRZNAsM420aZY,serpapi,,,,,,,
car_detailers,Birmingham,Sportscar Protection Car Detailing Birmingham,07970 713062,"61 Brandwood Cres, Birmingham, B30 3QQ",4.9,16,https://www.sportscarprotection.com/locations/car-detailing-west-midlands-cheshire/birmingham/,ChIJEUItVFW_cEgRW4lJcmcdasw,serpapi,,,,,,,
car_detailers,Birmingham,Car Detailing Done Right Birmingham,07526 390784,"2 Loveday St, Birmingham, B4 6NP",,,https://cardetailingdoneright.com/,ChIJPYwWmhS9cEgRePvvoIYJCnA,serpapi,,,,,,,
car_detailers,Birmingham,Lewis valets & detailing,07478 141933,"Kingfisher Dr, Birmingham, B36 0RT",5,76,https://www.lewisvaletsdetailing.co.uk/,ChIJ-YjmSBSxcEgRe8DAd4QG2ZA,serpapi,,,,,,,
car_detailers,Birmingham,Artistic Detailing,07743 907221,"Unit 7 Sydney Rd, Birmingham, B9 4QB",4.9,52,http://www.artistic-detailing.co.uk/,ChIJC2au8AC7cEgRDRiXBEz_iIo,serpapi,,,,,,,
car_detailers,Birmingham,UltraGloss Mobile Car Detailing Birmingham,07446 954204,"1 Harrisons Pleck, Birmingham, B13 8BD",5,1,,ChIJy20d1o29cEgRATsuXCEtQVk,serpapi,,,,,,,
car_detailers,Birmingham,Stone Spark,07422 530921,"91 Clarence Rd, Birmingham, B11 3LE",4.7,21,,ChIJgXg4tZq7cEgRRlcdKbZ6cfs,serpapi,,,,,,,
car_detailers,Birmingham,The detailing company,07984 576091,"40/42 Kyotts Lake Rd, Sparkbrook, Birmingham, B11 1JT",4.9,33,,ChIJ-Z1JZzu5cEgRDWGraiQ3blw,serpapi,,,,,,,
driving_instructors,Birmingham,RSM Driving School | Driving Lessons Birmingham,0121 753 2700,"171 Somerville Rd, Birmingham, B10 9EY",4.9,3898,https://rsm-drivingschool.co.uk/?utm_source=GMB&utm_medium=organic&utm_campaign=Google%20My%20Business,ChIJsfEpQ6G7cEgRgoaaevIsc0o,serpapi,,,,,,,
driving_instructors,Birmingham,Just Pass School of Motoring Ltd,0121 270 5659,"109 Percy Rd, Birmingham, B11 3NQ",4.7,984,https://justpass.co.uk/?utm_source=google&utm_medium=organic&utm_campaign=gbp,ChIJnwUcQeu7cEgR8V7fG1VB48A,serpapi,,,,,,,
driving_instructors,Birmingham,Automatic & Manual Driving Lessons Birmingham,07435 962919,"198, 202 Waterloo Rd, Birmingham, B25 8LD",4.9,219,http://www.justpass.uk/,ChIJRSN2Cbe7cEgRqihy9hZomqA,serpapi,,,,,,,
driving_instructors,Birmingham,Result Driving School,0121 242 5151,"17 School Rd, Hall Green, Birmingham, B28 8JG",4.9,1256,http://resultdrivingschool.co.uk/,ChIJpzeb4ti7cEgR-nxxRV3uCi8,serpapi,,,,,,,
driving_instructors,Birmingham,No Gears Driving Academy,0800 048 7619,"Blackthorn House Suite, 2A St Paul's Square, Birmingham, B3 1RL",5,129,http://www.nogearsdrivingacademy.uk/,ChIJZT7EzBS9cEgRfgSxGo4mBQk,serpapi,,,,,,,
driving_instructors,Birmingham,Prime Learner | Birmingham’s Premier Driving School Est. 2009,07737 108717,"number 27, 1 Langley Walk, Birmingham, B15 2EF",5,1206,https://primelearner.co.uk/,ChIJzbvIsV-8cEgR8VHd6wSdEtw,serpapi,,,,,,,
driving_instructors,Birmingham,Manual & Automatic Driving Schools Birmingham,07435 962919,"1A Highfield Rd, Birmingham, B28 0EL",5,239,http://www.justpass.uk/,ChIJt1hIo2O5cEgRcNzAZNzInfI,serpapi,,,,,,,
driving_instructors,Birmingham,Simply Automatic Driving School,07940 717115,"8 Wadhurst Rd, Edgbaston, Birmingham, B17 8JE",4.9,318,http://simplyautomatics.com/,ChIJ_c4NbHS9cEgRFQezFkVBe_Q,serpapi,,,,,,,
driving_instructors,Birmingham,Dr L Test Driving School,07977 916496,"150 New St, Birmingham, B2 4PA",4.9,200,http://www.drltestdrivingschool.co.uk/,ChIJ6RhI2Yi8cEgRzuzW_YbjPlc,serpapi,,,,,,,
driving_instructors,Birmingham,Pass & Go Birmingham,0121 441 3111,"King's Heath, Birmingham, B14 7BZ",5,254,http://www.passandgodrivingschool.co.uk/,ChIJm02JJQO8cEgRVP93u4W_yb0,serpapi,,,,,,,
driving_instructors,Birmingham,MNM Automatic Driving School - Birmingham / Edgbaston,07830 112698,"10 Springmeadow Rd, Birmingham, B15 2GA",4.9,225,https://mnmdrivingschool.co.uk/,ChIJ84ZOZGe8cEgRmKxYBwSj3P0,serpapi,,,,,,,
driving_instructors,Birmingham,WM Driving School Birmingham,07741 777222,"Shirley Rd, Birmingham, B27 7NP",5,40,https://wmdrivingschool.co.uk/,ChIJzdmZa3q7cEgRhF8h8-ma9Lo,serpapi,,,,,,,
driving_instructors,Birmingham,1Driving.co.uk Driving School Birmingham,07950 994411,"354 Windward Way, Birmingham, B36 0UH",5,36,http://www.1driving.co.uk/,ChIJfaefy0y5cEgRQM461wHT85I,serpapi,,,,,,,
driving_instructors,Birmingham,Friendly Manual & Automatic Driving School in Birmingham,07773 000669,"Granby Ave, Garrett's Green, Birmingham, B33 0TJ",5,259,https://www.friendlydrivingschool.co.uk/,ChIJNVrbXsG9cEgRUPtLZ1AscMs,serpapi,,,,,,,
driving_instructors,Birmingham,A.R.T School of Motoring Ltd,07949 846595,"Office 1, Isabella House, 24-26 Regent Pl, Birmingham B1 3NJ",5,188,https://www.artschoolofmotoring.co.uk/,ChIJpcn4CrK8cEgRKFxSIA6Oof0,serpapi,,,,,,,
driving_instructors,Birmingham,Pass2Success Driving School,0333 772 4323,"14 Dorrington Rd, Perry Barr, Birmingham, B42 1QS",4.8,241,https://www.pass2success.co.uk/,ChIJ77qQ7HtTPYgRLcUaP4IY2-E,serpapi,,,,,,,
driving_instructors,Birmingham,10DayDrive Driving School,0121 266 5867,"Guildford Dr, Birmingham, B19 2LZ",5,74,https://www.10daydrive.co.uk/,ChIJt1Dm6bm9cEgRk9FG07xMM0U,serpapi,,,,,,,
driving_instructors,Birmingham,Now Pass Driving School,07592 080769,"2 Caroline St, Birmingham, B2 0TY",5,58,https://www.nowpass.co.uk/contact-us/,ChIJr52WdNW9cEgRlmsGvVpFUEg,serpapi,,,,,,,
driving_instructors,Birmingham,Waq’s Driving School | Driving Instructor Birmingham,07888 199438,"Ward End Park Rd, Birmingham, B8 3PH",5,130,,ChIJp-NZAXMl4goR6daPE0iCzZE,serpapi,,,,,,,
driving_instructors,Birmingham,5 day pass intensive driving courses Birmingham and Solihull,07555 574123,"Clay Ln, Birmingham, B26 1ET",4.9,146,https://5daypass.co.uk/,ChIJs9KE6kW7cEgR_RQfkr7Ivww,serpapi,,,,,,,
gardeners,Birmingham,Genuine Gardener,0333 014 2847,"60-61 Tenby St N, Birmingham, B1 3EG",4.9,37,,ChIJG5DmNu68cEgRf6tPRjmpnl4,serpapi,,,,,,,
gardeners,Birmingham,T&A Birmingham Gardeners,07910 692673,"423 Court Oak Rd, Harborne, Birmingham, B32 2DY",5,40,https://tabirminghamgardeners.co.uk/,ChIJJQJUodiXcEgRt7cY364yGpg,serpapi,,,,,,,
gardeners,Birmingham,Birmingham Gardeners,07748 805122,"200B Bristol Rd, Selly Park, Birmingham, B5 7UB",5,10,http://birminghamgardeners.net/,ChIJPyEw_Qa9cEgRnnbOtZux_O8,serpapi,,,,,,,
gardeners,Birmingham,Green Gardeners,0121 647 3583,"30 Forsythia Cl, Birmingham, B31 1XN",4.8,52,https://greengardeners.co.uk/,ChIJv3U2fP-9cEgRXsOE1zkqF7A,serpapi,,,,,,,
gardeners,Birmingham,Green City Grounds Maintenance,,"72 Shorters Ave, Birmingham, B14 4BG",4.5,42,https://www.greencitygm.co.uk/,ChIJzy1ImGi_cEgRVPU0RaURo9k,serpapi,,,,,,,
gardeners,Birmingham,J Kelly gardening and landscaping services,07718 620226,"115 Hazelwell Cres, Stirchley, Birmingham, B30 2QE",4.9,112,https://jkellygardeningservices.co.uk/,ChIJWeHCXZu-cEgRDkomHdwjqvo,serpapi,,,,,,,
gardeners,Birmingham,TKL Birmingham Gardener,07356 022036,"415 Court Oak Rd, Harborne, Birmingham, B32 2DX",4.8,22,https://birminghamgardener.co.uk/?utm_source=google&utm_medium=organic&utm_content=main_button&utm_campaign=gmb,ChIJaUWCXGsCdoERZbzDUu6stNQ,serpapi,,,,,,,
gardeners,Birmingham,Gardener in Birmingham,07795 620471,"75 Tinkers Farm Rd, Birmingham, B31 1RN",5,5,https://www.gardenerinbirmingham.co.uk/contact,ChIJifT_P_SVcEgRyOfycsBQFs4,serpapi,,,,,,,
gardeners,Birmingham,MJD Local Garden Services,07724 752631,"57 Este Rd, Birmingham, B26 2ES",5,23,,ChIJv1vNWxi7cEgR2iqs9uFxV8A,serpapi,,,,,,,
gardeners,Birmingham,Dandscaping.co.uk - Home and Garden Maintenance,07586 538279,"96 Cliff Rock Rd, Rednal, Birmingham, B45 8QG",5,57,https://www.dandscaping.co.uk/,ChIJ-_GxibYiESARXsxp086jlAo,serpapi,,,,,,,
gardeners,Birmingham,Higher Groundz landscapes and lawn care,,"41 Graham Rd, Birmingham, B25 8JU",5,22,https://highergroundlandscapes.com/,ChIJtSCUXNC7cEgRQHhZq5ikaus,serpapi,,,,,,,
gardeners,Birmingham,Tec Mow,0121 582 2533,"17 Anderton Park Rd, Birmingham, B13 9BQ",4.8,19,https://tecmow.com/,ChIJP6mVt-K7cEgRIAEPTOI6k_8,serpapi,,,,,,,
gardeners,Birmingham,Bricks & Roses,07816 620841,"28 Poulton Cl, Birmingham, B13 9SD",4.8,20,https://bricksandroses.com/,ChIJMYCBSAa8cEgRhBeMBBW7whE,serpapi,,,,,,,
gardeners,Birmingham,Leaftime Gardens,07942 911635,"364 Moor Green Ln, Birmingham, B13 8QP",5,9,,ChIJhUjMDQv81wkR5lPEjNhUA_Y,serpapi,,,,,,,
gardeners,Birmingham,Flowers Landscape Gardening,07773 503816,"140 Perch Ave, Fordbridge, Birmingham, B37 5NB",4.4,240,http://www.flowers-landscaping.co.uk/,ChIJf4vE11uwcEgReF2aqWgANus,serpapi,,,,,,,
gardeners,Birmingham,Dans gardening,07365 214123,"Perry Wood Rd, Birmingham, B42 2BQ",5,4,https://www.dansgardening.co.uk/,ChIJD_LOoyrr0mgRQVCyjHc89As,serpapi,,,,,,,
gardeners,Birmingham,Harborne Garden Services,07438 328838,"66 Wheats Ave, Harborne, Birmingham, B17 0RJ",4.8,18,http://www.harbornegardenservices.co.uk/,ChIJATxGNQIB6KARC9P1_qxkbGU,serpapi,,,,,,,
gardeners,Birmingham,Apple green garden services,07716 261623,"131 Birkenshaw Rd, Birmingham, B44 8UN",5,14,,ChIJd0kxbZijcEgRDPJxpM3sP0E,serpapi,,,,,,,
gardeners,Birmingham,Worth It Home & Garden Management Co,07907 223587,,5,43,https://www.worthithomeandgarden.uk/,ChIJF3HzmWjbDUoRhsjUW-5Vr54,serpapi,,,,,,,
gardeners,Birmingham,"Caspar Clearance, Gardening & Waste Removal Services",07777 738484,"230 Bradford St, Birmingham, B12 0BE",4.9,86,https://casparclearance.co.uk/,ChIJI7fsa4u9cEgRdGEDVuJfgn4,serpapi,,,,,,,
weddings,Birmingham,Memoirz,07581 194523,"Custard Factory, Gibb St, Deritend, Birmingham B9 4AA",4.8,101,http://www.memoirz.co.uk/,ChIJ8bpoEJm7cEgR7dbRhn9_zaU,serpapi,,,,,,,
weddings,Birmingham,Adela Ceu Wedding Photographer Birmingham,07852 440906,,4.9,68,https://www.facebook.com/adelaceu11,ChIJTcBK8iXeOqAR3yh80-9O_Is,serpapi,,,,,,,
weddings,Birmingham,Premier Weddings,07795 567093,"Fairgate House, 205 Kings Rd, Tyseley, Birmingham B11 2AA",4.8,51,,ChIJT_ElyGq7cEgRuQ1uRVEhPRQ,serpapi,,,,,,,
weddings,Birmingham,Specular Visuals,07523 272594,"Ste 316, Bradford Court Business Centre, 123 -131 Bradford St, Birmingham B12 0NS",4.8,68,http://www.specularvisuals.co.uk/,ChIJmSmn9VC_cEgRKW0sxtU-SGo,serpapi,,,,,,,
weddings,Birmingham,Afaqs UK LTD | Asian Wedding Photography And Videography Birmingham,07586 504225,"406 Kingstanding Rd, Birmingham, B44 8LD",5,24,http://afaqs.co.uk/,ChIJo6eewRG7cEgRkqC8zxt0wJs,serpapi,,,,,,,
weddings,Birmingham,Amy-Rose Photography,07920 797286,"120 Vyse St, Birmingham, B18 6NF",5,37,http://www.amy-rose.co.uk/,ChIJfWhWLuy8cEgRDycHaUpwsYI,serpapi,,,,,,,
weddings,Birmingham,Ayaans Films,07479 921714,"House, Suite 109, Bridge, 509 Aldridge Rd, Great Barr, Birmingham B44 8NA",5,117,http://www.ayaans.co.uk/,ChIJCd9Pr3-8cEgRJcbbEphEjfE,serpapi,,,,,,,
weddings,Birmingham,Darron Palmer Photography,07545 353312,"23f Vyse St, Birmingham, B18 6LE",5,237,http://www.darronpalmerphotography.co.uk/,ChIJVW6HHxKWcEgRHVpT_djHi2s,serpapi,,,,,,,
weddings,Birmingham,Anastasia Jobson Photography,07956 448760,"Unit 220, Zellig Building, The Custard Factory, Gibb St, Deritend, Birmingham B9 4AT",5,204,https://www.anastasiajobson.com/,ChIJTYlNRuq9cEgRqVy1QL_1dSo,serpapi,,,,,,,
weddings,Birmingham,Ikonic Media Solutions Wedding Photography,07921 836946,"7 Vicarage Rd, Wednesbury, WS10 9DW",5,155,https://ikonicmediasolutions.co.uk/?utm_source=google&utm_medium=organic&utm_campaign=gbp&utm_content=website,ChIJ55OVIfW9cEgRYWnosfqNop0,serpapi,,,,,,,
weddings,Birmingham,Sky Light Film & Photography,07904 036662,"56 Grafton Rd, Handsworth, Birmingham, B21 8PL",4.5,15,http://www.sky-light.co.uk/,ChIJs3Re8TG9cEgRCQik_Yl7t5M,serpapi,,,,,,,
weddings,Birmingham,Kate Jackson Photography,07720 328116,"Ivy Rd, Stirchley, Birmingham, B30 2NU",5,49,http://www.katejacksonphotography.co.uk/,ChIJldY4C328cEgRfpGS7mUCK_4,serpapi,,,,,,,
weddings,Birmingham,Frank Wood Photography,,"Cornfield Rd, Birmingham, B31 2EA",5,25,https://www.frankwoodphotography.co.uk/,ChIJNZH8hwi-cEgRsUEaiIVj_Iw,serpapi,,,,,,,
weddings,Birmingham,Makesh Verma Visuals/M V Films Co.,07932 664025,"Ashcombe Ave, Birmingham, B20 1AT",5,14,http://www.makeshverma.com/,ChIJH0RL10yjcEgRfBjBzeSyemk,serpapi,,,,,,,
weddings,Birmingham,Digital Perfection - Asian Wedding Photography,07932 479429,,5,49,https://www.digitalperfection.co.uk/,ChIJczs1aFm5cEgRaJRaf7i1QME,serpapi,,,,,,,
weddings,Birmingham,Shots By Hanif,07983 275382,"205 Kings Rd, Tyseley, Birmingham, B11 2AA",4.8,142,,ChIJ7Y6-2ee7cEgR2RtDCf4zQyI,serpapi,,,,,,,
weddings,Birmingham,VIP Media Group (Asian Wedding Photography & Videography),07974 722722,"Highfield House, Buisness Centre, 1562 Stratford Rd, Birmingham B28 9HA",4.1,36,https://www.vipmediagroup.co.uk/,ChIJqU_RGZa8cEgR0ejQ5xd3pfU,serpapi,,,,,,,
weddings,Birmingham,S4 STUDIO,0121 296 8424,"94 -97 Charles Henry St, Birmingham, B12 0SJ",5,325,http://www.s4-studio.com/,ChIJURTdUHu8cEgRTXhVgdmgOik,serpapi,,,,,,,
weddings,Birmingham,Ross Jukes Photography,07870 753365,"Birmingham, B18 6HP",5,21,https://www.rossjukesphoto.co.uk/,ChIJJ8MNqJK8cEgRpCwTVBPQfjQ,serpapi,,,,,,,
weddings,Birmingham,Clive Blair Photography,07809 505242,,5,77,https://cliveblair.co.uk/,ChIJnXj3hLikcEgRAV7jv9UT_Ng,serpapi,,,,,,,
nails,London,PAINT Nails London - Oxford Street,020 8127 1121,"28 Market Pl, London, W1W 8AW",4.9,1354,https://paintnailslondon.co.uk/?utm_source=google&utm_medium=organic&utm_campaign=gbp_listing,ChIJASHDw70bdkgRU5b-RUtMFkc,serpapi,,,,,,,
nails,London,"Townhouse Nail Salon, Covent Garden",020 7947 0100,"6 Slingsby Pl, London, WC2E 9AB",4.6,788,https://townhouse.co.uk/locations/covent-garden/?utm_source=google&utm_medium=organic_gbp&utm_campaign=london,ChIJbdFqjGoFdkgR3KFvZ4DApNg,serpapi,,,,,,,
nails,London,The Loce Nails Garden - Covent Garden,07899 239616,"180 Drury Ln, London, WC2B 5QF",4.8,423,https://www.fresha.com/book-now/the-loce-nails-garden-o3pw2ivy/all-offer?pId=1299726,ChIJI_d-mQcbdkgRtYGswpKfrNU,serpapi,,,,,,,
nails,London,Trieu Nails London,020 8981 8161,"105 Roman Rd, Bethnal Green, London, E2 0QN",4.8,825,http://www.trieunails.com/,ChIJB052-9gcdkgRxP8pnYc6cB8,serpapi,,,,,,,
nails,London,Iris Avenue Nail and Beauty Bar,020 7636 8866,"32 Store St, London, WC1E 7BS",4.8,767,https://www.irisavenue.com/,ChIJp39AgCcbdkgRSd9MBU-WLOI,serpapi,,,,,,,
nails,London,The Nail Spa Marylebone,020 7486 2437,"5 George St, London, W1U 3QQ",4.7,580,https://phorest.com/book/salons/thenailspa1,ChIJXa8ICTwbdkgR-MTuQes2J_s,serpapi,,,,,,,
nails,London,Nails & Beauty Studio London | BIAB Nails Specialist - Oxford Street,07300 454609,"10 Bedford Ave, London, WC1B 3GH",5,145,https://nailsstudiolondon.co.uk/?utm_source=google&utm_medium=organic&utm_campaign=gmb,ChIJH18lt7EbdkgRmHPKqRcmC5Y,serpapi,,,,,,,
nails,London,THE NAILSCAPE - Covent Garden,07398 108089,"23 Great Queen St, London, WC2B 5BB",4.8,233,https://nailscape.co.uk/,ChIJW_16wZIbdkgRtkKtgS1kMOQ,serpapi,,,,,,,
nails,London,"Nail Salon Knightsbridge_ Beauchamp Nail Bar (Kensington, Chelsea, London)",07783 654803,"1st floor, 26 Beauchamp Pl, London, SW3 1NJ",5,180,https://www.beauchampnailbar.co.uk/,ChIJf7x5AwAFdkgR03sU-v_GPvw,serpapi,,,,,,,
nails,London,Nailstation,020 3868 9575,"82 York St, London, W1H 1QP",4.9,374,https://www.thenailstation.co.uk/,ChIJ20bVIMoadkgROMxFmB62MyY,serpapi,,,,,,,
nails,London,Your Nail Crush Soho,07915 743972,"Inside Vaisu Beauty, 10/11 Archer St, London, W1D 7AZ",5,413,https://linktr.ee/yournailcrush,ChIJv3okW9kFdkgRlFoa_9ZvOvY,serpapi,,,,,,,
nails,London,Rachel's Nails & Coffee,020 7636 6333,"34 Windmill St, London, W1T 2JR",4.5,249,https://www.rachelsnailsandcoffee.com/,ChIJuWimFCwbdkgRDSalUlLR8Qo,serpapi,,,,,,,
nails,London,"Townhouse Nail Salon, Victoria",020 7947 0100,"129 Victoria St, London, SW1E 6RD",4.8,641,https://townhouse.co.uk/locations/victoria/?utm_source=google&utm_medium=organic_gbp&utm_campaign=london,ChIJ9QAn5nUFdkgRc7vBCelt2M8,serpapi,,,,,,,
nails,London,Mia Nail Studio Covent Garden,07515 379686,"61 Endell St, London, WC2H 9AJ",4.5,244,https://www.mianailstudio.co.uk/,ChIJlS0CJmsbdkgR6MbS6Go-K4w,serpapi,,,,,,,
nails,London,Glam Touch Nails Salon (Female Only) - Korean Nails,07391 634093,"Glam Touch, Brunswick centre, London, WC1N 1AE",4.8,319,https://glamtouch.co.uk/pages/glam-nails-beauty-salon,ChIJA0WzLHsbdkgRPcplzs0JAZc,serpapi,,,,,,,
nails,London,"Townhouse Nail Salon, Mayfair",020 7947 0100,"The House of ELEMIS, 2 Lancashire Ct, London, W1S 1EX",4.7,490,https://townhouse.co.uk/locations/mayfair/?utm_source=google&utm_medium=organic_gbp&utm_campaign=london,ChIJ28bT6SEFdkgROLzbq1j9bPY,serpapi,,,,,,,
nails,London,The Nail Garden Leicester Square,020 7839 4100,"31 Whitcomb St., London, WC2H 7EP",4.3,278,https://widget.treatwell.co.uk/place/the-nail-garden-leicester-square/,ChIJWbuE1H8FdkgRhVLhguzGgr8,serpapi,,,,,,,
nails,London,Nail Spa Marylebone - Original,020 3838 8081,"5 Paddington St, London, W1U 5QF",4.7,682,http://www.nailspa.org/,ChIJW1VE49EadkgRQXopVv2jHj0,serpapi,,,,,,,
nails,London,Luxe Nails & Beauty,07576 677787,"92 Cleveland St, London, W1T 6NN",4.9,168,https://luxenailsbeauty.co.uk/,ChIJh5DaDcPie4ERx9o8DgHqEK0,serpapi,,,,,,,
nails,London,Nail Lounge,020 3583 9790,"85 Whitechapel High St, London, E1 7QX",4.5,203,https://www.fresha.com/a/the-nail-lounge-london-85-whitechapel-high-street-uruu0act,ChIJfzh8o8ocdkgR36kn0rU0OVs,serpapi,,,,,,,
electrician,London,London Electricians 24/7,020 3651 9615,"116 Edgeworth Rd, London, N3 3EZ",5,128,https://www.london-electricians-247.co.uk/,ChIJ_wdrYKSp2EcRFWO4kxHqR5k,serpapi,,,,,,,
electrician,London,London Electricians,020 8728 9179,"166 Sussex Gardens, Tyburnia, London, W2 1TP",4.7,108,https://www.london-electricians.com/,ChIJl5VFXLAadkgRN95tINrK1fI,serpapi,,,,,,,
electrician,London,London Electrics Ltd,07795 695656,"22 Margaret Way, London, IG4 5DD",5,305,https://londonelectrics.ltd/,ChIJ3SeU1TeW_wcRoi3CEV66mY0,serpapi,,,,,,,
electrician,London,Electrical Solutions 247 Ltd,07777 968288,"Flat 3, 117 Cannon St Rd, London, E1 2LX",5,330,https://www.electricalsolutions247ltd.co.uk/,ChIJSXii85EDdkgRFFUMtcUG2XM,serpapi,,,,,,,
electrician,London,Al-Amin Electrical Contractor,020 7476 2153,"20, Peninsula Court, 2 Montford Pl, London E15 2QW",4.9,526,https://www.al-aminelectrical.co.uk/,ChIJP0qjZHKo2EcRv986_aUMZlI,serpapi,,,,,,,
electrician,London,Certified Electricians London Ltd,07951 966439,"4, 156 Westferry Rd, London, E14 3QA",5,350,http://www.certifiedelectricians.london/,ChIJbYc7EXMDdkgRJ9BUyZ3vn8g,serpapi,,,,,,,
electrician,London,London 24/7 Electrical Ltd,020 7183 7974,"36 De Frene Rd, London, SE26 4AG",4.4,42,http://www.london247electrical.co.uk/contact,ChIJV5k4nYABdkgRTWfL77oRmB8,serpapi,,,,,,,
electrician,London,MK Electrical London,020 7385 5016,"Townmead Business Centre, William Morris Way, London, SW6 2SZ",5,124,https://www.mkelectricallondon.co.uk/home,ChIJtT36GYEFdkgR4eDVet8OEVo,serpapi,,,,,,,
electrician,London,BESA Electrical Services LTD,020 3633 8937,"160 City Rd, London, EC1V 2NX",5,342,https://besaelectricalservices.com/,ChIJ8WVfIucddkgR7BvX9-pw8E8,serpapi,,,,,,,
electrician,London,My Local Electrician in London,020 3685 2078,"27 Rivington Cres, London, NW7 2LE",5,149,https://my-local-electrician.co.uk/,ChIJkyY9jEUXdkgRlbcLGHJqAkY,serpapi,,,,,,,
electrician,London,One Spark Electrics,07716 174659,,5,39,https://www.onesparkelectrics.com/,ChIJT696fOHVS04R_Noydbyhd4Y,serpapi,,,,,,,
electrician,London,SES Electrical Contractors (UK) Ltd,020 7523 5373,"16 Stirling Rd, Chiswick, London, W3 8DJ",4.9,447,https://seselectricalcontractors.co.uk/?utm_source=google&utm_medium=organic&utm_campaign=gbp,ChIJe5e48VLVdUgRjn45dIBoL0g,serpapi,,,,,,,
electrician,London,KADRIEN ELECTRICAL LTD,07984 143933,"11 Grimwade Cl, London, SE15 3HN",5,121,https://www.kadrienelectrical.co.uk/,ChIJ2VK4BykDdkgR0xA5maMLvdE,serpapi,,,,,,,
electrician,London,First Strike Electrical Ltd,07931 388466,"19-21 Crawford St, London, W1H 1PJ",4.6,157,http://www.firststrikeelectrical.co.uk/,ChIJl2EpFFkbdkgRzRC8PZ7XVUI,serpapi,,,,,,,
electrician,London,London Electricians Direct,020 3794 7000,"48 Farringdon St, London, EC4A 4LL",4.2,64,http://www.londonelectriciansdirect.co.uk/,ChIJORQ-R6zuc0gRA9qSLe6Arkw,serpapi,,,,,,,
electrician,London,Prime Electricians London,07732 012159,"9 Henrietta Cl, London, SE8 3EJ",4.9,64,http://primeelectrical-sg.co.uk/,ChIJtaYfnvB29AoRtTJ9lQ7haVk,serpapi,,,,,,,
electrician,London,Wood Electrical,020 8012 8258,"3rd Floor, 207 Regent St., London, W1B 3HH",5,133,http://www.woodelectrical.uk/,ChIJAQBQT0kbdkgRAhPyHhwb8gw,serpapi,,,,,,,
electrician,London,Londoners electric,07947 140572,"Barnfield Cl, London, N4 4SG",5,95,https://londonerselectric.co.uk/,ChIJw3AV-RkbdkgR2KAhNcEmZkY,serpapi,,,,,,,
electrician,London,Pulse Electrical London Ltd,020 3504 0000,"Unit 14B, Laynes House, 526-528 Watford Wy, London NW7 4RS",4.9,159,https://www.pulse-electrical.co.uk/?utm_source=google&utm_medium=local_business&utm_campaign=gmb,ChIJyczx6k0XdkgR8Rxu0DObets,serpapi,,,,,,,
electrician,London,RCD Electrical LTD,020 3488 2928,"13 St Bride St, London, EC4A 4AS",5,142,https://rcdelectrician.co.uk/,ChIJrWlvMiAmS4cRzcD3iubY1g0,serpapi,,,,,,,
dog_groomers,London,Dog Grooming Camden,07961 861227,"13 Brecknock Rd, London, N7 0BL",5,215,http://doggroomingcamden.co.uk/,ChIJRfqTKQAbdkgRXxt0j3cr-HM,serpapi,,,,,,,
dog_groomers,London,Groomer London,020 3062 4681,"55 Kensington Church St, London, W8 4BA",4.8,174,https://groomerlondon.com/,ChIJCbaMACEPdkgRKSPbTXKlIaE,serpapi,,,,,,,
dog_groomers,London,Pawlour Spa - Dog Groomers,020 3576 1327,"426 St John St, London, EC1V 4NJ",4.9,213,http://www.pawlourspa.com/,ChIJ6VGqL3cbdkgRdPXZdhc99DE,serpapi,,,,,,,
dog_groomers,London,Hair Of The Doggy,020 4501 1298,"219-221 East St, London, SE17 2SS",4.8,250,http://www.hairofthedoggy.co.uk/,ChIJlUFzz2MDdkgRACF-WYpqdgk,serpapi,,,,,,,
dog_groomers,London,Lola's Pet Salon,07901 360283,"London, NW3 4NR",5,107,https://lolaspetsalon.com/,ChIJFcEyaQAbdkgR1xF7fp_PcTQ,serpapi,,,,,,,
dog_groomers,London,London Dog Grooming Co.Battersea,020 8127 8635,"216 Battersea Park Rd, London, SW11 4ND",4.5,133,http://www.londondoggroomingcompany.co.uk/,ChIJyRUghAoFdkgR4BcqlBVgD_0,serpapi,,,,,,,
dog_groomers,London,The Pet Spa,020 3302 3150,"309 Fulham Rd., London, SW10 9QH",4.5,229,https://thepetspalondon.co.uk/,ChIJ-RoxvWgFdkgRkFR-Z7WJK-o,serpapi,,,,,,,
dog_groomers,London,Starpets London,07427 272774,"49 Chelsea Manor St, London, SW3 5RZ",5,177,https://starpets.myonlineappointment.com/,ChIJ_8D65YcFdkgRF1mxZ7sqdZQ,serpapi,,,,,,,
dog_groomers,London,Groom Dog City,020 3487 0698,"9 Ravenscroft St, London, E2 7SH",4.5,238,http://www.groomdogcity.com/,ChIJOVmXo8Kn2EcRRvgcfNusTl0,serpapi,,,,,,,
dog_groomers,London,Pooch's Butler,020 3770 9366,"71 York St, London, W1H 1BJ",4.8,203,http://poochsbutler.co.uk/,ChIJOR8I4QkbdkgRrRQAzkzbrxE,serpapi,,,,,,,
dog_groomers,London,Hot Dogs Grooming London,07747 458866,"Unit 31, Containerville, 1 Emma St, London E2 9FP",5,33,https://www.hotdogsgroominglondon.com/?utm_source=google&utm_medium=wix_google_business_profile&utm_campaign=4743683406694539403,ChIJ71CTpAcddkgRmKE1Ym_Fqo8,serpapi,,,,,,,
dog_groomers,London,Silver Bark Grooming,07894 523547,"Flat 4, 24 Southgate Rd, London, N1 3GN",4.8,29,https://silverbarkgrooming.com/,ChIJYfPK_ZgcdkgR58wec2KHcDs,serpapi,,,,,,,
dog_groomers,London,Dog & Groom,020 8672 4888,"21 Bellevue Rd, London, SW17 7EB",4.8,72,http://dogandgroomshop.com/,ChIJn5HG_J4FdkgRxx498d7ZiX0,serpapi,,,,,,,
dog_groomers,London,Mon Joli Chien,020 3551 1129,"50 Amwell St, London, EC1R 1XS",4.8,170,http://www.mjclondon.com/,ChIJQc7cTz0ddkgRguV6ja2Xk5I,serpapi,,,,,,,
dog_groomers,London,The Spotlight Groomers Puppy & Dog Grooming Specialists,07566 224017,"23 Plough Way, London, SE16 2LS",4.7,117,https://www.instagram.com/thespotlightgroomers/,ChIJldfq9-ACdkgRNfbIXmOnbK4,serpapi,,,,,,,
dog_groomers,London,Ayla's Pet Groomers,07415 882375,"117 Dulwich Rd, London, SE24 0NG",4.9,122,https://www.theloyaltygroomers.co.uk/,ChIJZdWWfIADdkgRPEZMS9o3TDs,serpapi,,,,,,,
dog_groomers,London,Majestic Pooch,07733 744755,"39A St Mary's Rd, London, NW10 4AS",4.9,149,http://www.majesticpooch.co.uk/,ChIJFSJIcQMRdkgR8r4wAYmp1YY,serpapi,,,,,,,
dog_groomers,London,Daisy's Dogs,020 8054 6268,"44 Stoke Newington Church St, London, N16 0LU",4.9,85,http://daisysdogs.com/,ChIJPTDGwHEddkgR768engfCe30,serpapi,,,,,,,
dog_groomers,London,House Of Baxter,07904 673643,"Basement, Unit 85A, Newington Green Rd, London N1 4QX",5,98,http://www.houseofbaxter.com/,ChIJ8VDX5HwddkgRZkAqhRfbcxc,serpapi,,,,,,,
cleaners,London,Glimmr House and Office Cleaning,020 8158 8505,"108 Westbourne Terrace, London, W2 6QJ",4.4,79,https://www.glimmr.co.uk/,ChIJ1R5-kKwadkgRDd463xGAUos,serpapi,,,,,,,
cleaners,London,London Shine Cleaning,07405 589819,"17 Vine Ct, London, E1 1JH",5,29,https://www.londonshinecleaning.co.uk/,ChIJZYZqu18ddkgR6nCmrNJtJPw,serpapi,,,,,,,
cleaners,London,Top Cleaning GB,020 8813 2556,"31 Beaufort Gardens, London, SW3 1QH",4.9,253,https://www.topcleaninggb.co.uk/,ChIJ_Q4T0bsSdkgRN6OinrHuWy4,serpapi,,,,,,,
cleaners,London,Perfect Cleaning,020 3051 9081,"7 Bell Yard, London, WC2A 2JR",4.5,350,http://www.perfectcleaning.co.uk/,ChIJE_n8vM-g2EcRQJGuPBskNBA,serpapi,,,,,,,
cleaners,London,Good Old Clean,020 8092 4582,"96 Hornsey Rd, London, N7 7NJ",5,261,https://www.goodoldclean.co.uk/,ChIJGxuBsfEbdkgRvDicQkJgvm0,serpapi,,,,,,,
cleaners,London,Cleaning Express,020 3633 0390,"44, Beaufort Court, Admirals Way, London E14 9XL",4.8,469,https://cleaning-express.com/?utm_source=GMBListingE14&utm_medium=organic,ChIJcbPewVyp2EcRc2FFqfhTxIY,serpapi,,,,,,,
cleaners,London,Fantastic Cleaners,020 7846 2544,,4.3,5213,https://fantasticcleaners.com/?ot=1&utm_source=google&utm_medium=organic&utm_campaign=gmb-website,ChIJt89fqFoDdkgRsrS4jpIKF4s,serpapi,,,,,,,
cleaners,London,Cleaners of London,020 3026 0203,,4,249,https://www.cleanersoflondon.co.uk/?utm_source=google&utm_medium=organic&utm_campaign=gbp,ChIJhfRH2kUDdkgRR5wAeNrk0V4,serpapi,,,,,,,
cleaners,London,Soluxe Cleaning Services,020 7846 0024,"124 City Rd, London, EC1V 2NX",4.8,278,https://soluxecleaning.co.uk/,ChIJIV-OuTgddkgRfvYSQy6afQY,serpapi,,,,,,,
cleaners,London,Anyclean,020 7099 6964,"124 City Rd, London, EC1V 2NX",4.7,361,https://www.anyclean.co.uk/,ChIJy_urcaYcdkgRaQp2cO3qzD4,serpapi,,,,,,,
cleaners,London,London Clean 01 - Cleaning Services in London,07438 217078,"91 Upper Clapton Rd, London, E5 9BX",5,9,https://www.london-clean01.co.uk/,ChIJO9UZ8vkddkgRA3lwSADJHzE,serpapi,,,,,,,
cleaners,London,SUPER CLEANERS LONDON,020 3664 9304,"136, New King’s House, 144 New Kings Rd, London SW6 4LZ",4.8,91,http://www.supercleanerslondon.co.uk/,ChIJrdn2wnUPdkgR7dilnDNlxIc,serpapi,,,,,,,
cleaners,London,Brilliant Cleaner Chelsea,0800 061 4189,"Claverton St, Pimlico, London, SW1V 3AX",4.9,132,https://www.brilliant-cleaner.com/?utm_source=google&utm_medium=wix_google_business_profile&utm_campaign=16139394412976107676,ChIJo6plYAYFdkgRvlHAM4KR6mU,serpapi,,,,,,,
cleaners,London,City Housekeeping,020 3980 8066,"167, Fifth Floor, 169 Great Portland St, London W1W 5PF",4.9,324,https://cityhousekeeping.co.uk/?utm_source=Google+Business+Profile&utm_medium=Website+Button&utm_campaign=GBP,ChIJcXAHTa8ddkgRncV_vsKqU1Y,serpapi,,,,,,,
cleaners,London,East London Cleaners,020 8988 3912,"3rd Floor, 207 Regent St., London, W1B 3HH",4.2,23,https://www.elcleaners.co.uk/,ChIJ_yJZuDsddkgRJlw7X75sa64,serpapi,,,,,,,
cleaners,London,West Clean Ltd,020 8993 6864,"71-75 Shelton St, London, WC2H 9JQ",4.5,189,http://westclean.uk/,ChIJTfkyx8wEdkgRgEsOAP4XCTw,serpapi,,,,,,,
cleaners,London,Bloom Eco Cleaning,020 3633 0313,"71-75 Shelton St, London, WC2H 9JQ",4.9,79,https://www.bloomecocleaning.co.uk/,ChIJxXu3wcMFdkgRvNc3XKyGAWg,serpapi,,,,,,,
cleaners,London,The London Housekeepers,0800 699 0345,"9 Handyside St, London, N1C 4AY",4.8,19,https://www.thelondonhousekeepers.co.uk/,ChIJtW0GKbJkgiYRsVK5-at0Bnk,serpapi,,,,,,,
cleaners,London,Blue Bridge Cleaning Services Ltd,07948 466128,"London, E14 9FN",4.8,99,https://bluebridgecleaningservices.com/?utm_source=yell&utm_medium=referral&utm_campaign=yell,ChIJ7cSsIlkDdkgRvbVlNfTsMwQ,serpapi,,,,,,,
cleaners,London,Busy Bee Cleaning Services Ltd,07308 992013,"flat 76, altitude point, Harringay Ladder, London, N8 0EJ",4.8,215,https://www.busybee-endoftenancycleaning.co.uk/,ChIJK4lNhUGNpIwR2rxnibrgnp0,serpapi,,,,,,,
hair,London,Percy & Reed Salon,020 7637 4634,"157c Great Portland St, London, W1W 6QS",4.9,544,https://www.percyandreed.com/pages/our-salon,ChIJcZbdZdYadkgRonMh93pn2P8,serpapi,,,,,,,
hair,London,Shunji Hair & Makeup Covent Garden,07565 827184,"16 Drury Ln, London, WC2B 5RB",4.9,1254,http://www.shunji.london/,ChIJWdcFWjMbdkgRZ2SWqXHuB1o,serpapi,,,,,,,
hair,London,Jubilee Hair Salon Covent Garden,07902 317522,"170 Drury Ln, London, WC2B 5QA",4.6,585,http://www.jubileehairsalon.co.uk/,ChIJ4SgGqDIbdkgRkvHRllSB2yM,serpapi,,,,,,,
hair,London,Live True London Soho ✂,020 4531 4743,"173 Wardour St, London, W1F 8WT",4.3,1807,https://livetruelondon.com/hair-salons/soho-hair-salon/,ChIJdT2uMqkFdkgRleHMeGyKGtU,serpapi,,,,,,,
hair,London,Windle London,020 7497 2393,"41-45 Short's Gardens, London, WC2H 9AP",4.8,980,https://windlelondon.com/,ChIJ84OizcwEdkgRO-hw5pTpF1A,serpapi,,,,,,,
hair,London,FOUR London,020 7297 9600,"73 Duke St, London, W1K 5NP",4.9,701,http://www.fourlondon.com/,ChIJfylgnSoFdkgRnvM6UmsbXQY,serpapi,,,,,,,
hair,London,Ena Salon,020 3301 5451,"5 Great Queen St, London, WC2B 5DG",4.9,1789,http://www.enasalon.com/,ChIJ6aua3jQbdkgRiIO-b0ifxyk,serpapi,,,,,,,
hair,London,Gusto Hairdressing Covent Garden,020 7836 9163,"224 Shaftesbury Ave, London, WC2H 8EB",4.6,1080,https://gustohair.com/contact/gusto-covent-garden/?utm_source=Google+Business+Listing&utm_medium=Listing&utm_campaign=GMB&utm_id=GMB+,ChIJ8ZiQHjMbdkgRQPzz_seQ7qY,serpapi,,,,,,,
hair,London,Beauty Club London,020 8127 1121,"28 Market Pl, London, W1W 8AW",4.9,756,https://www.beautyclublondon.co.uk/?utm_source=google&utm_medium=organic&utm_campaign=gbp_listing,ChIJO9pCXxQbdkgRi6popnpp-kY,serpapi,,,,,,,
hair,London,Gielly Green,020 7034 3060,"42-44 George St, London, W1U 7ES",4.9,2204,http://www.giellygreen.co.uk/,ChIJcfNfn80adkgRT0K6t7n2AoE,serpapi,,,,,,,
hair,London,Trevor Sorbie,020 7379 6901,"27 Floral St, London, WC2E 9DP",4.8,832,https://trevorsorbie.com/salon/covent-garden-hair-salon/,ChIJQ94uWcwEdkgRmF_HmiCL3n4,serpapi,,,,,,,
hair,London,Halo London Hair Salon,020 7379 4518,"28 New Row, London, WC2N 4LA",4.9,378,http://www.halosalons.london/,ChIJNROwt80EdkgRWeFFecOhGow,serpapi,,,,,,,
hair,London,The Hair Club London,020 7924 4471,"169 St John's Hl, London, SW11 1TQ",5,190,http://www.thehairclublondon.com/,ChIJmUnuyY8FdkgRTmK5dTV_odM,serpapi,,,,,,,
hair,London,Santiago Figueroa London,020 3375 0660,"79 Upper St, London, N1 0NU",4.9,381,https://www.santiagofigueroasalon.com/,ChIJZTPIW0wbdkgRhCywDe8icsY,serpapi,,,,,,,
hair,London,Diva Hair Studio Diva London,07539 090247,"14 Hay Hill, London, W1S 4ND",4.7,414,https://divahairstudiolondon.co.uk/,ChIJE8beiuoFdkgRndM3rcfbqBg,serpapi,,,,,,,
hair,London,MM Hair London 🎨 𝗕𝗮𝗹𝗮𝘆𝗮𝗴𝗲 📍Covent Garden,,"Long Acre, London, WC2E 9JT",5,367,https://www.mmhairlondon.com/,ChIJA2_Kpz0ddkgRTmk_movPCC4,serpapi,,,,,,,
hair,London,Feel Hairdressers Soho,07799 319797,"83 Berwick St, London, W1F 8TS",4.8,646,http://www.feelhairdressers.co.uk/,ChIJ7cknodQEdkgR2X3a67lWbd8,serpapi,,,,,,,
hair,London,Brooks and Brooks Hairdressing,020 7405 8111,"28 Great Queen St, London, WC2B 5BB",4.9,640,http://www.brooksandbrooks.co.uk/,ChIJ66NJRjQbdkgRMgY9uOrURus,serpapi,,,,,,,
hair,London,Jeju Hair,020 7482 1219,"36 Windmill St, London, W1T 2JT",4.4,352,http://www.jejuhair.uk/,ChIJv9eeAeEadkgRAW0yYMY1-p0,serpapi,,,,,,,
hair,London,Salon64,020 3848 4130,"14 Bateman St, Greater, London, W1D 3AG",4.6,114,http://www.salon64.co.uk/,ChIJPcrSINMEdkgR4zCRoOaXzuA,serpapi,,,,,,,
beauty,London,Beauty Essence,020 7248 0127,"7 Well Ct, London, EC4M 9DN",4.9,588,http://www.beautyessence.co.uk/,ChIJE-3oZVUDdkgRDxjYhcq-eq0,serpapi,,,,,,,
beauty,London,Beauty Salon PIED-DE-POULE 67 Mortimer Street,07907 707767,"67 Mortimer St, London, W1W 7SE",4.7,701,https://mortimer.p-de-p.co.uk/,ChIJqahYYBQbdkgRJyTYRotGAOI,serpapi,,,,,,,
beauty,London,Covent Garden Beauty Ltd,020 3291 2751,"65 Endell St, London, WC2H 9AJ",4.9,203,http://www.coventgardenbeauty.co.uk/,ChIJea3bloQFdkgRw0lJzE5Z0ow,serpapi,,,,,,,
beauty,London,Luxury Beauty Room,020 7631 4991,"38 Foley St, London, W1W 7TW",4.6,115,https://luxurybeautyroom.uk/,ChIJP9vOFiobdkgRuScaNv4LXk0,serpapi,,,,,,,
beauty,London,The Covent Garden Salon,020 7836 5455,"59 Shelton St, London, WC2H 9HE",5,114,https://www.thecoventgardensalon.com/,ChIJGWPjjS8FdkgRk43VZgxqlIg,serpapi,,,,,,,
beauty,London,Victoria Beauty Salon,07466 105472,"1st floor, office, 7 Belgrave Rd, Pimlico, London SW1V 1QB",4.8,254,http://www.7victoriasalon.com/?utm_source=google&utm_medium=business&utm_campaign=search&utm_id=GMB,ChIJzeJj4Q8FdkgRhMymJTGAjKM,serpapi,,,,,,,
beauty,London,Beauty and Pampering,07718 201058,"23 A Tavistock Pl, London, WC1H 9SE",4.9,443,https://beautyandpampering.co.uk/,ChIJE9AvGjYbdkgRaf3n53qPPCQ,serpapi,,,,,,,
beauty,London,"Beauty Salon PIED-DE-POULE, 62 Old Brompton",07775 449715,"62 Old Brompton Rd, South Kensington, London, SW7 3LQ",4.7,410,https://kensington.p-de-p.co.uk/,ChIJgwcvhNIFdkgRy8SOoRF72mI,serpapi,,,,,,,
beauty,London,L.Y. Beauty | London Kensington,07761 464384,"116 Gloucester Rd, South Kensington, London, SW7 4SD",4.7,418,http://lybeauty.co.uk/,ChIJi8vxX9gFdkgR5BoagUYsY34,serpapi,,,,,,,
beauty,London,Health and Beauty Clinic London | Skin clinic,020 7064 9100,"Unit 2 and 3, 3 Mill St, London, SE1 2DF",4.8,261,http://www.healthandbeautyclinic.london/?utm_source=google_profile&utm_campaign=localo&utm_medium=mainlink,ChIJK4Mx1TMDdkgRJsqV2k6oSi4,serpapi,,,,,,,
beauty,London,Salon House,020 7404 7067,"42 Gray's Inn Rd, London, WC1X 8LR",4.8,443,http://www.salonhouse.co.uk/,ChIJR2rT-UsbdkgR8fFAoFwhqz4,serpapi,,,,,,,
beauty,London,London Ladies Hair & Beauty Clinic,07577 479367,"downstairs Nayala Hair salon, 98 Goldhawk Rd, London, am, W12 8HD",4.4,1463,http://londonladieshairandbeautyclinic.mytreatwell.co.uk/,ChIJ__l0YoIPdkgR2oe5hfNIP_g,serpapi,,,,,,,
beauty,London,Ziad London,07415 555531,"47 Beauchamp Pl, London, SW3 1NX",4.4,418,https://www.ziadlondon.uk/,ChIJpc_NRqQFdkgR3tgduS2yXdI,serpapi,,,,,,,
beauty,London,Rosie Beauty Salon,07838 448948,"35 Lisle St, London, WC2H 7BD",4.8,22,http://rosiebeauty.co.uk/,ChIJF261_t8FdkgRCGwltMoPVRg,serpapi,,,,,,,
beauty,London,Baroque Hair & Nails,020 7629 3940,"4 Pollen St, London, W1S 1ND",4.9,543,https://www.baroque-hn.com/,ChIJA3XGlSoFdkgRKArXiCl_76Y,serpapi,,,,,,,
lashes,London,Eyelash & Eyebrow Haus by GLAMOROUS Lashes London,07964 167029,"72 Great Titchfield St., London, W1W 7QW",4.9,376,https://www.glamorous-lashes.com/,ChIJ03bW-SkbdkgRnJHxjN1CJQM,serpapi,,,,,,,
lashes,London,Chic Lash Boutique - Luxury Eyelash Extensions London,07838 235425,"47 Bedford St, London, WC2E 9HA",4.9,69,https://www.chiclashboutique.co.uk/,ChIJJWrSOvoPdkgRili5siBBVyQ,serpapi,,,,,,,
lashes,London,Designer Lashes -Eyelash Extensions London,07956 420778,"5 Upper Wimpole St, London, W1G 6BP",4.7,75,http://www.designerlashes.co.uk/,ChIJk-JQNcoadkgRfxIfho_7gAA,serpapi,,,,,,,
lashes,London,LASH DESIGN LONDON,07481 894890,"95-97 Wandsworth Bridge Rd., London, SW6 2TD",4.9,254,https://lashdesignlondon.co.uk/,ChIJq6qBv0AFdkgR-hdFx_0fNBE,serpapi,,,,,,,
lashes,London,London Lash Studio,07544 181821,"97 Moore Park Rd, London, SW6 2DA",4.8,427,http://www.londonlashstudio.co.uk/,ChIJdzXw7IAFdkgRal4aYMueBZo,serpapi,,,,,,,
lashes,London,BLANCO Lash Studio Holborn,07458 304826,"2nd Floor, 5 Southampton Pl, London, WC1A 2DA",4.9,368,http://www.blancolashstudio.com/,ChIJpbYj6psQdkgR1cIQGmIY0N0,serpapi,,,,,,,
lashes,London,EDY London Lashes,020 3603 6018,"4 Manchester Square, London, W1U 3PD",4.9,142,http://www.edy.london/,ChIJBQJ_cJ0bdkgRxzSF9B38R4Y,serpapi,,,,,,,
lashes,London,The Lash Vault London,07869 165418,"202 City Rd, London, EC1V 2PH",4.9,123,http://thelashvaultlondon.square.site/,ChIJx4__e6MddkgROCu7tYRJXyk,serpapi,,,,,,,
lashes,London,Belleza Natural Eyelash Extensions London,07496 882280,"14 Devonshire Row, Liverpool St, London, EC2M 4RH",5,80,https://www.naturalbelleza.com/,ChIJxxZPFoQFdkgRQcMurVsmkXQ,serpapi,,,,,,,
lashes,London,Lash Bar London,020 8088 3459,"290 Links Rd, London, SW17 9ER",4.8,150,http://www.lashbarlondon.com/,ChIJhXAe3fkHdkgRll-HM0Dmxu4,serpapi,,,,,,,
lashes,London,Dejavu Lashes,07490 340830,"Second Floor, 33 Cavendish Square, London, W1G 0PW",5,185,https://dejavulashes.com/,ChIJczGC_RwRdkgRiv12Sd7JpUA,serpapi,,,,,,,
lashes,London,Envy Lashes London,,"Salisbury House, 29 Finsbury Circus, London, EC2M 7AQ",4.9,202,http://www.envylasheslondon.com/,ChIJpxBUpRUZdkgRrUdeUrFJ8XU,serpapi,,,,,,,
lashes,London,Eyelash Extensions by Lala Lashes London,07517 314689,"11 Howson Rd, London, SE4 2AL",4.9,131,https://www.lalalashes.co.uk/,ChIJv9Wuna4DdkgR9_iCxwfQbrI,serpapi,,,,,,,
lashes,London,Lash Lift London,020 4538 0850,"85 Charlotte St., London, W1T 4PS",5,11,,ChIJ51OayadU5i0RNlKGEvgcmls,serpapi,,,,,,,
lashes,London,Holbornlash&brow studio,07419 764915,"97 Southampton Row, London, WC1B 4HH",4.9,156,https://hehebeautybar.nl/,ChIJAwnNyJEbdkgRTa2S3ltZvlI,serpapi,,,,,,,
lashes,London,The Lash Lab London,07903 688686,"Compton Ave, London, HA0 3FD",5,300,https://instagram.com/thelashlabldn?igshid=YmMyMTA2M2Y=,ChIJMzLBGLQTdkgR1Zghxdmj1bE,serpapi,,,,,,,
lashes,London,Jiemao Lashes & Brows,020 7613 4342,"6, cleeve workshops, Boundary St, London E2 7HJ",4.7,433,https://jiemaolashes.com/,ChIJP9H-MK0cdkgR9hyQJD_XOk8,serpapi,,,,,,,
lashes,London,Blinkfairy Eyelash Extensions London,07919 884794,"45 Circus Rd, London, NW8 9JH",4.9,157,https://blinkfairy.co.uk/?utm_source=google&utm_medium=maps,ChIJnV_nSAYQdkgRFnBr1i7Zrxc,serpapi,,,,,,,
lashes,London,RC AESTHETICS & LASH |Bespoke Eyelash Extensions City of London,07517 356519,"Spaces -Liverpool Street 35 New Broad Street 2 min walk from Liverpool Street, London, EC2M 1NH",5,83,http://www.rclash.com/,ChIJ2185nMAFdkgRmeOy_TwoFog,serpapi,,,,,,,
lashes,London,London lash art,07469 885058,"157 Essex Road, Greater, London, N1 2SN",4.8,46,https://londonlashart.mytreatwell.co.uk/,ChIJ6wMM1OYbdkgRzg3e1gmGd2g,serpapi,,,,,,,
car_detailers,London,Auto Detailing London,020 8073 1802,"29 Parbury Road Forest Hill London, Forest Hill, SE23 1NZ",5,123,https://autodetailinglondon.co.uk/,ChIJL3ibiAgDdkgRWvjgv3Xqjuk,serpapi,,,,,,,
car_detailers,London,RR London Detailing,07707 523500,"249 Queenstown Rd, London, SW8 3NP",5,256,https://rrlondondetailing.co.uk/,ChIJC-7CoIgFdkgRLPxTQPRteY4,serpapi,,,,,,,
car_detailers,London,Prestige car detailing London,020 3807 4067,"38 Copeman Cl, London, SE26 6EZ",5,79,https://autodetailinglondon.co.uk/,ChIJ9XMnJYkBdkgRo2rGfb43NnA,serpapi,,,,,,,
car_detailers,London,Diamond car detailing camberwell,020 3769 9815,"7 Parkhouse St, London, SE5 7TQ",5,80,https://autodetailinglondon.co.uk/,ChIJicf80IQDdkgRekkmb3guU7c,serpapi,,,,,,,
car_detailers,London,Auto detailing Hackney,020 3807 4112,"3 Darnley Rd, London, E9 6QH",5,80,https://autodetailinglondon.co.uk/car-detailing-hackney,ChIJ6TDQedcddkgR7ppwcII8_1E,serpapi,,,,,,,
car_detailers,London,Superior Finish Mobile Car Detailing London,020 8073 2352,"212 Goswell Rd., London, EC1V 7ET",5,26,http://superiorfinishautocardetailing.site/,ChIJr04IkttUgWkRYpCpeBuw4Bk,serpapi,,,,,,,
car_detailers,London,Auto detailing Lambeth,020 3769 3668,"1 Stables Way, London, SE11 5UJ",5,104,https://autodetailinglondon.co.uk/car-detailing-lambeth,ChIJEVJiwJsFdkgRbsTp89rF534,serpapi,,,,,,,
car_detailers,London,KC Details,07426 505186,"15-17 Clyston St, Nine Elms, London, SW8 4TT",4.9,159,https://kcdetails.co.uk/,ChIJpzcYDE4FdkgRFH9nc93huvA,serpapi,,,,,,,
car_detailers,London,Royal gloss car detailing,020 3807 8728,"Blackhorse Rd, London, SE8 5HY",5,61,https://autodetailinglondon.co.uk/,ChIJawYuloEDdkgR0CWJREKK3gg,serpapi,,,,,,,
car_detailers,London,Elite Detailing & Protection(EDP),0121 744 4878,"Knightsbridge Car Park, Kinnerton St, London, SW1X 8EA",5,52,http://www.elitedetailing.co.uk/,ChIJlyU1kzsFdkgRQgztWU5AACk,serpapi,,,,,,,
car_detailers,London,Sapoo Mobile Car Valet & Detailing In London,,"8 Penywern Rd, London, SW5 9ST",5,331,https://sapoo.co.uk/,ChIJzQJvWyMGVYkR505fTH4pfgU,serpapi,,,,,,,
car_detailers,London,Bellissimoto,020 7237 6505,"36 Raymouth Rd, London, SE16 2DB",5,205,http://www.bellissimoto.london/,ChIJ70OnNBgDdkgRNvR3dWmnJVs,serpapi,,,,,,,
car_detailers,London,Jewels Passion Detailing,020 3633 8156,"297 Clare St, London, E2 9HD",4.9,147,http://www.jewelspassion.co.uk/,ChIJmyaOHGVEjYURiqaMUhke9zw,serpapi,,,,,,,
car_detailers,London,VroomGroom Car Wash and Detailing,07846 997026,"452 Holloway Rd, London, N7 6QA",5,42,http://www.vroomgroom.uk/,ChIJxyOCC4sbdkgRXgtVopG4Z2c,serpapi,,,,,,,
car_detailers,London,JC Auto Detailing London,07424 731058,,5,91,https://instagram.com/jcautodetailinglondon?,ChIJMW0dD5xdgIERSHDC793kDEY,serpapi,,,,,,,
car_detailers,London,Topaz Detailing | Luxury Car Detailing and Paint Protection Film Specialists,020 8961 9951,"Unit 13, 7 Premier Park Rd, London, NW10 7NZ",4.8,298,http://www.topazdetailing.com/,ChIJRbtGvfcPdkgRWkYaUqM-f_U,serpapi,,,,,,,
car_detailers,London,AP Car Spa,020 3960 2476,"Edith Grove, London, SW10 0ED",4.9,14,https://apcarspa.co.uk/,ChIJJ__g5IIFdkgRRHfSKWhqr00,serpapi,,,,,,,
car_detailers,London,Ks spotless car detailing london,07482 468968,,5,37,https://ksspotlessdetailing.com/,ChIJ23XOst6F4SkRiH5xXDg09So,serpapi,,,,,,,
car_detailers,London,BP Mobile Car Valeting & Detailing,07848 484050,"3 Greyhound Rd, London, W6 8NH",4.9,121,https://bpmobilevaleting.co.uk/,ChIJd993SEsJdkgR3CqAjsn7qUU,serpapi,,,,,,,
car_detailers,London,Medusa Auto Detailing - Mobile Car Valeting London I Mobile Car Wash,020 3355 6435,"Alveston Ave, Harrow, HA3 8TG",4.9,413,http://www.medusaautodetailing.co.uk/,ChIJA9mX9PsTdkgR9RcyfFgXvc8,serpapi,,,,,,,
driving_instructors,London,London Driving School,07533 296002,"2, Burford House, Stockwell Rd, London SW9 9PU",5,562,https://www.thelondondrivingschool.uk/,ChIJdbEonhUFdkgRun_x0MXqpQU,serpapi,,,,,,,
driving_instructors,London,West London Driving School,07507 594824,"62 Gloucester Gardens, London, W2 6BN",5,117,https://westlondondrivingschool.co.uk/,ChIJpVhxA6sadkgRNtLjrftDvOA,serpapi,,,,,,,
driving_instructors,London,LIDT,020 7125 0298,"355 Commercial Rd, Stepney Green, London, E1 2PS",4.9,1810,https://lidt.co.uk/,ChIJ-_Dwc84fdkgR7L7gdeDeA90,serpapi,,,,,,,
driving_instructors,London,London City Driving School,07973 305688,"Henry House, 275 New N Rd, London, N1 7AA",5,108,https://londoncitydrivingschool.co.uk/,ChIJgZq7qxUddkgR6H09W1Ov11k,serpapi,,,,,,,
driving_instructors,London,Kensington Driving School,07796 917373,"Kensington High St, London, W8 5ED",5,96,http://www.kensingtondrivinglesson.co.uk/,ChIJa3kZ9CARdkgRRXIjUxSfVQw,serpapi,,,,,,,
driving_instructors,London,East London's Finest Driving School,07884 776977,"31 White Horse Ln, London, E1 3NE",4.9,461,https://elfdrivingschool.co.uk/,ChIJaQrAzSsddkgR7cYtLnS5_aw,serpapi,,,,,,,
driving_instructors,London,Pimlico Driving School Ltd,07939 910915,"Unit 1, Ebury Edge, 43 Ebury Bridge Rd, London SW1W 8DX",4.9,308,https://www.pimlicodrivingschool.uk/,ChIJXTB_j4oFdkgRqWCpmr08Jwk,serpapi,,,,,,,
driving_instructors,London,1Driving.co.uk Driving School,07950 994411,"82 Lovett Way, London, NW10 0UN",4.9,354,http://www.1driving.co.uk/,ChIJb7y4UosRdkgR-TbOtTcVP2k,serpapi,,,,,,,
driving_instructors,London,Mutual Driving School Driving Lessons in East London,020 8880 7548,"415 Wick Ln, Bow, London, E3 2JG",4.9,1318,https://www.mutualdrivingschool.co.uk/,ChIJR92G090cdkgRUOjyZXmVrAk,serpapi,,,,,,,
driving_instructors,London,Drive Smart Driving School,07458 309157,"Ashmore Rd, London, W9 3DA",5,176,http://www.drivesmart.website/,ChIJl1hv_v0RdkgRkcXXm_5RCuc,serpapi,,,,,,,
driving_instructors,London,Ahmad Driving School,07809 432014,"15 Camden Rd, London, NW1 9LQ",5,282,https://ads.areacar.eu/,ChIJz3wfaxMbdkgRLFEIYfP7m3o,serpapi,,,,,,,
driving_instructors,London,Marylebone Sohel's driving school,07931 952281,"Flat 4, No public access, 132 Seymour Pl, London W1H 1NS",5,393,http://www.sohelsdrivingschool.co.uk/,ChIJ5VPYwXMbdkgRJQXSTJJrPVE,serpapi,,,,,,,
driving_instructors,London,AAA Driving School,07985 126999,"24 Watney Mkt, London, E1 2PR",5,740,http://www.aaadriving.co.uk/,ChIJeTsZR3Ol2EcRRSDsm9mjobo,serpapi,,,,,,,
driving_instructors,London,Herne Hill Driving School,07950 780298,"Oborne Cl, London, SE24 0HB",4.8,1026,https://www.hernehill-drivingschool.co.uk/,ChIJOdkBqnMEdkgR4c0T4exAXzk,serpapi,,,,,,,
driving_instructors,London,South East London Driving School,07771 779878,"6 Susan Rd, London, SE3 0JD",5,194,http://www.selondondrivingschool.co.uk/,ChIJ6TlRGLOp2EcRyArJwMpXLA4,serpapi,,,,,,,
driving_instructors,London,Docklands Driving School LTD,020 7127 4893,"Docklands Driving School, 85 Myrdle St, London, E1 1HQ",4.7,358,http://www.docklandsdriving.co.uk/,ChIJIdI1Q6ICdkgRPQQXwhNB2Ts,serpapi,,,,,,,
driving_instructors,London,DriveThruL Driving School,020 3397 7273,"1Q, 12, 12 Tiller Rd, London E14 8PX",4.9,794,https://www.drivethrul.co.uk/,ChIJCZnti6ADdkgR1lXQYM2tqYg,serpapi,,,,,,,
driving_instructors,London,Holborn School of Motoring,020 7837 9707,"178 Clerkenwell Rd, London, EC1R 5DD",4.8,434,https://www.holborndrivingschool.co.uk/,ChIJ5ywcPkkbdkgRzZnMI2UjLvE,serpapi,,,,,,,
driving_instructors,London,Chelsea Driving School Ltd,07510 145166,,4.9,752,http://www.chelseadrivingschool.co.uk/,ChIJzVvPFLUEdkgR8vSlNaKm8Jw,serpapi,,,,,,,
driving_instructors,London,6S Driving School,07948 000755,"10 Lipton Rd, London, E1 0LJ",5,173,https://6sdrivingschool.com/,ChIJwa3Hc9UCdkgRpkW-aVaqlXU,serpapi,,,,,,,
gardeners,London,Garden Services London Green,07922 659665,"2 Pembridge Pl, London, W2 4XB",5,22,https://www.garden-services-london.co.uk/,ChIJpS2ZMOoPdkgRcIULfPrHP2U,serpapi,,,,,,,
gardeners,London,Holland Park Gardener,07749 469410,"145 Holland Park Ave, London, W11 4UT",5,58,https://myownweb.uk/gardener/,ChIJuQ6gBTZRvmURBmZFc_e_ZyE,serpapi,,,,,,,
gardeners,London,Handy Gardeners,020 3744 0111,"53A Bollo Ln, London, W4 5LS",3.9,303,http://handygardeners.com/,ChIJbxGGhg0OdkgRLHVA3V69JOE,serpapi,,,,,,,
gardeners,London,Harry's Gardeners,020 8158 8546,"87 Bloemfontein Rd, London, W12 7DA",,,http://harrysgardeners.co.uk/,ChIJ_ZAY0dQPdkgRlTHLabPXtbI,serpapi,,,,,,,
gardeners,London,Crocus Landscapes Ltd Quality Garden Build and Maintenance in West London,07865 494363,"18 - 24 Turnham Green Terrace, Chiswick, London, W4 1QP",5,86,https://www.crocuslandscapes.co.uk/,ChIJ4yQ8lIESdkgR-aUzdvaJkQo,serpapi,,,,,,,
gardeners,London,Gardening Delight and Landscaping,07516 419588,"1a Lushington Rd, London, NW10 5UX",4.9,112,https://www.gardening-delight-and-landscaping.com/,ChIJlyfl-cU4mY4RZZMZscJOKOc,serpapi,,,,,,,
gardeners,London,KRGARDENDESIGN,,"3, Beech Terrace, Goldhawk Rd, London W12 9PF",3.2,5,http://www.krgardendesign.com/,ChIJNREIGIR4dEgRyIKxZyS2knM,serpapi,,,,,,,
gardeners,London,Home and garden maintenance,07482 042165,"26 Standard Rd, London, NW10 6EU",4.7,10,https://www.homesandgardensmaintenance.co.uk/,ChIJi5yppbwRdkgRkUi-pgiNoIo,serpapi,,,,,,,
gardeners,London,Regent Gardens & Co. (Holland Park),07365 490661,"168 Holland Park Ave, London, W11 4HU",5,28,https://www.regentgardens.com/,ChIJrzduJ9OMeqMR9QgmHtMnPm0,serpapi,,,,,,,
gardeners,London,Ace Maintenance,020 3488 1912,"249 Staveley Gardens, Chiswick, London, W4 2TF",4.9,326,http://www.acemaintenance.co.uk/,ChIJ-Vd7Fl4OdkgRPVqCe8TSJwM,serpapi,,,,,,,
gardeners,London,Gardeners Shepherd’s Bush,020 3198 2120,"21 Evesham St, London, W11 4AJ",5,1,http://gardenersshepherdsbush.org.uk/,ChIJ__8vF9kPdkgR1FvudiTKR-A,serpapi,,,,,,,
gardeners,London,MR Landscapes,020 8087 2334,"39a Avenue Gardens, London, W3 8HB",5,30,https://www.mrlandscapes.co.uk/,ChIJNfYTc6IPdkgRRftBVZHQ8EM,serpapi,,,,,,,
gardeners,London,The Garden Builders - Garden Design,020 3982 7261,"259 Munster Rd, London, SW6 6BW",4.7,75,https://gardenbuilders.co.uk/,ChIJLbSV56IPdkgRV7CgwPWlJ6A,serpapi,,,,,,,
gardeners,London,West London Gardeners,07761 303641,,4.9,53,https://www.westlondongardeners.co.uk/,ChIJt_FfV4ANdkgRgSpQ7a8JNFQ,serpapi,,,,,,,
gardeners,London,Eco Garden Construct Ltd,020 4634 9649,"23c Berghem Mews, Blythe Rd, London, W14 0HN",5,14,http://www.ecogardenconstruct.co.uk/?utm_source=GMB&utm_medium=GMB&utm_campaign=GMB,ChIJ2e0rv5HxpQIRAudLOMmjJMM,serpapi,,,,,,,
gardeners,London,Gardeners West Kensington,020 3198 2120,"68 Hammersmith Rd, London, W14 8UD",5,1,http://gardenerswestkensington.org.uk/,ChIJ0zzaDNYPdkgRDLBSTf4Moyc,serpapi,,,,,,,
gardeners,London,W6 Urban Gardens,020 8912 5685,"17 Ravenscourt Ave, London, W6 0SL",5,2,https://w6urbangardens.co.uk/,ChIJDwGNNlcJ_qUR5dJ4dxt47HQ,serpapi,,,,,,,
gardeners,London,Gardening Services Gardeners,020 3540 7140,"269 Old Marylebone Rd, London, NW1 5BJ",5,1,https://www.gardeningservicesgardeners.co.uk/,ChIJFZXerxwbdkgRpvdqVN8HUSA,serpapi,,,,,,,
gardeners,London,Gardeners Biggin Hill,020 3744 3778,"30 High St, London, TN16 1RG",,,http://gardenersbigginhill.org.uk/,ChIJwSWi0hsOdkgR5-oBCXayeCw,serpapi,,,,,,,
gardeners,London,Gardeners Holland Park,,"58 Pembroke Rd, London, W14 8PT",,,http://gardenershollandpark.org.uk/,ChIJOccTkyYPdkgRg_xDvtBBlik,serpapi,,,,,,,
weddings,London,Emma-Jane Photography,07913 743677,,5,146,http://www.emma-janephotography.co.uk/,ChIJf7IIAc_0bEgRtkLNlNYavuY,serpapi,,,,,,,
weddings,London,Philip White Wedding Photography,07753 389831,"3rd floor, 45 Albemarle St, London, W1S 4JL",5,104,https://www.philipwhite.io/london-wedding-photographer/,ChIJeZQTs5adfEgRbaKiIg4eMIs,serpapi,,,,,,,
weddings,London,Event Photographer London,020 3951 7175,"58 Fitzroy St, London, W1T 5BU",5,277,http://freelanceeventsphotographer.co.uk/,ChIJ20_cFSgbdkgR2jpZA2Pi3uY,serpapi,,,,,,,
weddings,London,UK Wedding Photography,07931 533647,"Flat 2, 44 Coldharbour, London, E14 9NT",5,20,http://www.uk-weddingphotography.com/,ChIJ0eFN7B8FdkgRQXXEetB01Is,serpapi,,,,,,,
weddings,London,Hadi Photography London,07444 946465,"9 Hammersmith Rd, London, W14 8XJ",5,99,https://www.hadiphotographylondon.com/,ChIJkyv1Y98TdkgRdIZMTQdB4qA,serpapi,,,,,,,
weddings,London,The Snapper - London Wedding Photographer,07780 994204,,5,231,https://www.the-snapper.com/,ChIJDdY8NUAEdkgRaRHczzu21W4,serpapi,,,,,,,
weddings,London,The Kensington Photographer,020 7459 4419,,4.9,155,http://www.thekensingtonphotographer.co.uk/,ChIJmZw4l7kPdkgReWmOFpLz3TA,serpapi,,,,,,,
weddings,London,London Wedding Photographer | Doville Gail Photography,07949 747779,"3 Queen St, London, W1J 5PA",5,38,http://www.doville.co.uk/,ChIJuZGhmrGo2EcR9uRe7ZBRrs4,serpapi,,,,,,,
weddings,London,The Photo Team,020 7859 4626,"3rd Floor, 207 Regent St., London, W1B 3HH",4.9,346,http://thephototeam.co.uk/,ChIJeVkoe_Et30cRUGS1Al2Y_Y0,serpapi,,,,,,,
weddings,London,Helen Abraham Photography,07894 557881,"14 Thistlewaite Rd, Lower Clapton, London, E5 0QQ",4.9,105,http://www.helenabrahamphotography.com/,ChIJ9SMoRPAadkgRM-pIxGWC0eI,serpapi,,,,,,,
weddings,London,Kristian Leven Photography,07743 720369,,5,147,https://kristianlevenphotography.co.uk/,ChIJjYAjNtgWdkgRHwAzPw0nsNo,serpapi,,,,,,,
weddings,London,Barrie Downie Wedding Photographer London,020 3026 5376,"30 New Cavendish St, London, W1G 8UA",4.6,31,https://barriedownie.com/london-wedding-photographer/,ChIJa3f21M9SdEgRqzSS3vd5TN0,serpapi,,,,,,,
weddings,London,Wedding Photography by Shiv,07833 477143,"Kemp House, 152 City Rd, London, EC1V 2NX",5,96,http://www.weddingphotographybyshiv.com/,ChIJ8_7q8_kedkgRE4eeUw9aqXU,serpapi,,,,,,,
weddings,London,John Sanders Weddings,07460 090280,"23 Prince George Rd, London, N16 8DL",5,116,http://www.johnsandersweddings.com/,ChIJVR7Gb4kcdkgR3-PCOOzmlTM,serpapi,,,,,,,
weddings,London,Jeff Oliver Photography,,,5,59,https://www.jeffoliverphotography.com/,ChIJi_XfCH0CdkgRU_5HY70pvjA,serpapi,,,,,,,
weddings,London,Emis Weddings | London Wedding Photographer,,"London, SW2 4ST",5,61,https://www.emisweddings.com/,ChIJsRpvdw0fdkgRaUShjf4Yahs,serpapi,,,,,,,
weddings,London,Wedding Photographer London,07478 823846,"1 Champions Walk, East Village, London, E15 1DN",4.6,10,https://www.hobsfilms.co.uk/,ChIJoybg9I4ddkgREU2W9eDdamA,serpapi,,,,,,,
weddings,London,Ela.Tatiana. Photography,07530 530600,"66b Manor Vale, London, TW8 9JN",5,76,http://et-photography.co.uk/,ChIJm3jqyX4OdkgRYTZ2HxZ66nA,serpapi,,,,,,,
weddings,London,Florian Weddings Photography,07767 509891,"18 Western Gateway, London, E16 1BQ",5,37,https://www.florianweddings.co.uk/,ChIJbd6-bQyo2EcRj5tP5u7aYUQ,serpapi,,,,,,,
weddings,London,Wedding Films London,07853 262024,"32-34 Albion Rd, London, SM2 5TF",5,35,https://weddingfilmslondon.co.uk/,ChIJ_eEyPd0EdkgRG6LMhA7nJoI,serpapi,,,,,,,
nails,Leeds,Townhouse Nail Salon,020 7947 0100,"Victoria Gate, Leeds, LS2 7AR",4.6,294,https://townhouse.co.uk/locations/leeds/?utm_source=google&utm_medium=organic_gbp&utm_campaign=north,ChIJOydJZBNdeUgRP_cvLL7-yos,serpapi,,,,,,,
nails,Leeds,Violet Nails Salon by Vi at Allertons Leeds| Victoria Gate,07886 163054,"23 Harewood St, Victoria Gate, Leeds, LS2 7AR",5,29,https://www.fresha.com/book-now/violet-nails-salon-by-vi-at-allertons-leeds-ovgkj60v/all-offer?share=true&pId=2701651,ChIJT52KDANdeUgRAYly-PvhHX8,serpapi,,,,,,,
nails,Leeds,Trinity Nails & beauty,0113 246 7333,"81 Albion St, Leeds, LS1 5AN",4.5,1658,https://nailsalonsuk.co.uk/west-yorkshire/leeds/trinity-nails-beauty-leeds/,ChIJZ4w5l2FdeUgRGRmxDcsjcMw,serpapi,,,,,,,
nails,Leeds,Soho Nails & Beauty,0113 318 7588,"4 Fish St, Leeds, LS1 6DB",3.6,310,http://instagram.com/soholeeds,ChIJp_wwgRlceUgRw5kwoDfpqAY,serpapi,,,,,,,
nails,Leeds,Holiday nail studio,07500 365361,"Leeds, Great George St, 邮政编码: LS1 3BB",5,37,https://www.instagram.com/holidaynail_leeds?igsh=OGQ5ZDc2ODk2ZA%3D%3D&utm_source=qr,ChIJ5dKJ21RfeUgRlniw72Zlh00,serpapi,,,,,,,
nails,Leeds,Luxury Nails,0113 244 6673,"34 Lands Ln, Leeds, LS1 6LB",3.7,319,,ChIJo_G-uh1ceUgRCkDC06MVxiE,serpapi,,,,,,,
nails,Leeds,Nails by Jen,07862 238282,"4 Farm Hill S, Leeds, LS7 2QB",5,151,https://www.instagram.com/nailsbyjennytang/,ChIJKVsD_UBZeUgRuPJ71eKDSZY,serpapi,,,,,,,
nails,Leeds,The Beauty Assembly,0113 246 0700,"3, Waterman's Place, Granary Wharf, Leeds LS1 4GL",4.7,161,https://thebeautyassembly.com/,ChIJq6p6mB9ceUgRjKGRCaBO-Ow,serpapi,,,,,,,
nails,Leeds,Glow Nail Bar,0113 225 2903,"3, North Ln, Headingley, Leeds LS6 3HP",4.8,923,https://nailsalonsuk.co.uk/west-yorkshire/leeds/glow-nail-bar-leeds/,ChIJPbt6ajZZeUgRFNlS51HdLEo,serpapi,,,,,,,
nails,Leeds,Leon&Queen Nails,07537 874965,"41d, Merrion Shopping Centre, Leeds, LS2 8LY",4.8,414,https://leonqueennails.loviebooking.co.uk/,ChIJoTJKinddeUgRMFxZT3PbJeQ,serpapi,,,,,,,
nails,Leeds,Her.Rosiee Nails,+84 932 005 098,"Well Close Rise, Woodhouse, Leeds, LS7 1HT",5,176,,ChIJK4e6alNdeUgRRNsYqzEf-v0,serpapi,,,,,,,
nails,Leeds,Blue Nails and Spa,0113 414 5777,"46 New York St, Leeds, LS2 7DY",4.1,68,https://www.facebook.com/profile.php?id=100087437637559,ChIJYW7D-JhdeUgRI1r2sOn5j3M,serpapi,,,,,,,
nails,Leeds,W Studio,07927 369664,"Kilkenny House, 7 King St, Leeds, LS1 2HH",4.9,66,https://wstudioleeds.co.uk/,ChIJ3SEMdi9deUgRqhF9x7t_9MM,serpapi,,,,,,,
nails,Leeds,Anne Nails,07769 444499,"61 Great George St, Leeds, LS1 3BB",4.3,185,https://www.instagram.com/annenails_leeds/,ChIJD7jLNchfeUgRM8LAPZOx85U,serpapi,,,,,,,
nails,Leeds,Iconic Nail Studio,07405 505528,"16 Middleton Park Circus, Middleton, Leeds, LS10 4LX",4.9,223,https://iconic-signature.com/,ChIJPccDgzhdeUgRps7DP_FMlGk,serpapi,,,,,,,
nails,Leeds,Mint Nail & Beauty,0113 242 8811,"Leeds Corn Exchange, Call Ln, Leeds, LS1 7BR",4.2,184,http://www.mintsalons.co.uk/,ChIJJV6wMBlceUgRR-7Izop7xts,serpapi,,,,,,,
nails,Leeds,Paige Jones Nails Leeds,,"The glam bar, 2 Barras St, Leeds, LS12 4JS",5,30,https://www.paigejonesnails.com/,ChIJ873wOepfeUgRtp-P6tO0nAc,serpapi,,,,,,,
nails,Leeds,AZ Nails,0113 345 0800,"61A The Headrow, Leeds, LS1 6LR",3.7,151,https://www.instagram.com/aznailsleeds/,ChIJC0zMvhtceUgRAuZUItq-Ab4,serpapi,,,,,,,
nails,Leeds,Charming Nails,0113 278 7330,"Otley Rd, Headingley, Leeds, LS6 3AB",4.6,463,,ChIJF9ZDuElZeUgRt3aIK_1SnFg,serpapi,,,,,,,
nails,Leeds,Gill's Nails Ltd,0113 245 0068,"24 New York St, Leeds, LS2 7DY",4.5,156,https://www.facebook.com/gillsnailhairandbeauty/,ChIJD1W-QxdceUgRA7uT9YXAKYw,serpapi,,,,,,,
electrician,Leeds,BRO Electrical Leeds LTD,07766 763955,"29 Walkers Grn, Leeds, LS12 4UN",5,66,https://www.broelectrical.co.uk/,ChIJsQnvsZIDzSMRM_zO9pWtHmc,serpapi,,,,,,,
electrician,Leeds,MPS Electrical Contractors Ltd,0113 390 9670,"45 Pinfold Ln, Halton, Leeds, LS15 7SX",4.9,92,https://www.mps-electrical.com/,ChIJ6YQbI8-P1SIR3-InMacqXGM,serpapi,,,,,,,
electrician,Leeds,Lee Electrical Services,07946 444484,"16 Beck Rd, Harehills, Leeds, LS8 4EJ",5,70,https://lee-electrics.co.uk/,ChIJ6cRimhGJi4kR-EPUknyHCvs,serpapi,,,,,,,
electrician,Leeds,SmartWired Electrical Contractor,07463 584628,"93-99 Mabgate, Leeds, LS9 7DR",5,168,https://smartwiredelectrical.co.uk/,ChIJQ6NubRJceUgRYvbGKR7HOj4,serpapi,,,,,,,
electrician,Leeds,Wired Electrical,07883 307888,"31 Henconner Ln, Chapel Allerton, Leeds, LS7 3NX",5,62,http://www.wiredleeds.co.uk/,ChIJgZ2VS1JbeUgRbw8i3hoxDcU,serpapi,,,,,,,
electrician,Leeds,GD Electrical,07708 223157,,4.9,45,https://www.gd-electrical.co.uk/,ChIJH_Da-FFbeUgR5KA9jyJ2C2w,serpapi,,,,,,,
electrician,Leeds,DC Electrical (Of Leeds) Ltd,0113 370 9015,"Faraday House, 192 York Rd, Leeds, LS9 9LN",5,29,http://www.yorkshire-electrician.co.uk/,ChIJk0LsqWhceUgRQp9XumWPrGA,serpapi,,,,,,,
electrician,Leeds,Fletcher Electric,0113 320 9926,"63 Stonegate Rd, Meanwood, Leeds, LS6 4HZ",5,94,http://www.fletcherelectric.co.uk/,ChIJzdDSSmBZeUgRceWCajNo3kA,serpapi,,,,,,,
electrician,Leeds,S P Electrical & General Maintenance,07908 797980,"131 Kedleston Rd, Roundhay, Leeds, LS8 2AU",5,70,http://www.spdlelectrical.co.uk/,ChIJ1RDdDbpbeUgRrbBQPth5Kcs,serpapi,,,,,,,
electrician,Leeds,Flora Electrical Services,07532 003293,"98 Stainbeck Ln, Chapel Allerton, Leeds, LS7 3QS",4.7,49,https://floraelectricalservices.co.uk/,ChIJn5qddnJbeUgRNwEixvN314k,serpapi,,,,,,,
electrician,Leeds,PL Electrical UN Limited,07423 704649,"3 Cranmore Dr, Belle Isle, Leeds, LS10 4AW",4.9,44,http://plelectricalunlimited.com/,ChIJAV9B6gRdeUgRh6iuEkCIj0E,serpapi,,,,,,,
electrician,Leeds,Lucid Electrical Services,0113 844 4197,"190 Moseley Wood Gardens, Leeds, LS16 7JE",4.9,68,https://www.lucides.co.uk/,ChIJZ_W87PVYeUgRhYcwGfdhLsM,serpapi,,,,,,,
electrician,Leeds,JC ELECTRICAL LEEDS LTD,0113 433 0135,,4.9,53,https://www.jcelectricalleeds.co.uk/,ChIJ9X0dEOGOj6YRNkcO2DWMb_o,serpapi,,,,,,,
electrician,Leeds,GH Electrical Leeds LTD,0113 292 6123,"City West Business Park, Building 3, Gelderd Rd, Leeds LS12 6LN",5,29,http://www.ghelectricalleeds.co.uk/,ChIJy3AHV_JeeUgR1POvvlWHNOs,serpapi,,,,,,,
electrician,Leeds,Leeds Bradford Electricians,07411 562115,"4 Forestdale Way, Bradford, BD18 1QP",5,52,https://leedsbradfordelectricians.co.uk/,ChIJuZJweHrje0gRLhvSxx1vlhw,serpapi,,,,,,,
electrician,Leeds,R Pearson Electrical & Plumbing Ltd,07796 000600,"22 Stairfoot Cl, Adel, Leeds, LS16 8DS",4.6,112,http://www.rpearsonelectrical.co.uk/,ChIJzWJTDwBZeUgR7zI0apzDdh0,serpapi,,,,,,,
electrician,Leeds,RM ELECTRICAL,07807 319073,"Argie Ave, Kirkstall, Leeds, LS4 2QR",5,21,https://www.instagram.com/rm.electrical_?igsh=azQ1Zm5pcjVldTBi,ChIJP1PdHZTwnY0RQFbhSe26WRk,serpapi,,,,,,,
electrician,Leeds,SS Electrical,0113 271 8353,,4.3,72,http://www.sselectricalleeds.co.uk/,ChIJ-3LOmUpceUgRyWX9jGVnaQM,serpapi,,,,,,,
electrician,Leeds,Reach Electrical Ltd,07887 738775,"31 Allerton Grange Cres, Moortown, Leeds, LS17 6LN",5,58,https://reachelectrical.co.uk/,ChIJOUEgIRBbeUgR9PERMCd_X70,serpapi,,,,,,,
electrician,Leeds,CRE Electricians,07824 773517,"10 Swithens Grove, Rothwell, Leeds, LS26 0TL",4.9,53,https://www.cre-electricians.co.uk/,ChIJgW5ML2xdeUgRcimmZjyo6m8,serpapi,,,,,,,
dog_groomers,Leeds,Grooming Lovely,07873 708779,"Unit 4 Marcon House, Leeds, LS5 3BT",5,73,https://www.facebook.com/profile.php?id=100094071611223,ChIJA-10DkpfeUgR3UsGflT-2lw,serpapi,,,,,,,
dog_groomers,Leeds,Mrs B's Dog Grooming and Dog Grooming Academy,0113 278 2061,"Car Park, Via The Headingley Taps, North Ln, Headingley, Leeds LS6 3HH",4.9,252,https://mrsbsdogs.co.uk/,ChIJawKfgt5ZeUgRnDXiKBuUbPI,serpapi,,,,,,,
dog_groomers,Leeds,"Furology Grooming, Leeds",07879 476195,"5 Lidgett Ct, Roundhay, Leeds, LS8 1HH",5,136,http://www.furologygrooming.co.uk/,ChIJu0tn3YVbeUgR5hqO0uejR5k,serpapi,,,,,,,
dog_groomers,Leeds,Mucky Pups,07718 538734,"143 Stainbeck Ln, Chapel Allerton, Leeds, LS7 2EB",4.8,70,,ChIJewfEF5FZeUgRrbyGDatdYhQ,serpapi,,,,,,,
dog_groomers,Leeds,Beauty and the Beast Luxury Dog Grooming,07575 173953,"178 Easterly Rd, Leeds, LS8 3AD",5,57,https://beautyandthebeastltd.co.uk/,ChIJq2eEtEJbeUgR2Q-S1caVMbk,serpapi,,,,,,,
dog_groomers,Leeds,Peculiar Pooches Parlour,07878 395550,"14 Highlands Cl, Belle Isle, Leeds, LS10 4RN",5,77,https://www.facebook.com/Peculiar-Pooches-Parlour-109037368080326/,ChIJTbQKVLrtiakRtlBbmy6ENRA,serpapi,,,,,,,
dog_groomers,Leeds,Dog Grooming Leeds,07890 666646,"2 Holtdale Croft, Leeds, LS16 7SQ",4.1,26,http://www.doggroomingleeds.co.uk/,ChIJVSzR1lVYeUgRi7Nc4JIRJ0s,serpapi,,,,,,,
dog_groomers,Leeds,Ruff to Fluff Grooming,07706 101889,"395a Selby Rd, Cross Gates, Leeds, LS15 7AY",4.8,61,http://www.rufftofluffgrooming.co.uk/,ChIJocPBTF1DeUgRv7RxaT0tcew,serpapi,,,,,,,
dog_groomers,Leeds,Doggy Academy,07359 119475,"Holy Family Catholic Primary S, 64 Hall Ln, Armley, Leeds LS12 2LH",4.9,146,http://doggyacademy.net/,ChIJGUDJq8hfeUgRb4jxyUYO1AQ,serpapi,,,,,,,
dog_groomers,Leeds,Short Bark & Sides,07802 444484,"Unit 1, Providence House, Authorpe Rd, Meanwood, Leeds LS6 4JB",4.5,44,http://www.shortbarksides.co.uk/,ChIJDc9G4JJbeUgRyNr9iioKTK8,serpapi,,,,,,,
dog_groomers,Leeds,Top Dog Groomers,07472 886899,"548 Scott Hall Rd, Chapel Allerton, Leeds, LS7 3RA",4.5,55,,ChIJ4XzgiONbeUgRR2eKLBI24yk,serpapi,,,,,,,
dog_groomers,Leeds,Barklife,07871 398110,"10 Talbot View, Burley, Leeds, LS4 2RQ",4.8,26,http://barklifegroomer.com/,ChIJXZ36p8NfeUgRNRE9k-Ez0CQ,serpapi,,,,,,,
dog_groomers,Leeds,Art Of Dog Grooming,0113 457 1116,"25 Kingswear Parade, Leeds, LS15 8LJ",4.7,66,http://www.artofdoggrooming.com/,ChIJJwnwP01DeUgR5JZXw9aAirE,serpapi,,,,,,,
dog_groomers,Leeds,Bow Wow Beauty,07775 797920,"45 Summerfield Dr, Leeds, LS13 1AJ",4.9,27,http://bowwowbeauty.uk/,ChIJhQYZjbFYeUgR9EpdhGB55f0,serpapi,,,,,,,
dog_groomers,Leeds,Leeds Dog Grooming Academy,07887 395154,"25 Kingswear Parade, Cross Gates, Leeds, LS15 8LJ",5,51,http://www.leedsdoggroomingacademy.co.uk/,ChIJc11uqJ9DeUgRyF9AdPbNiEs,serpapi,,,,,,,
dog_groomers,Leeds,Top Hat & Tails - Dog Grooming,07443 456528,"35 Temple Lea, Leeds, LS15 0PX",5,8,,ChIJNy2qN0VdeUgRaoJaWCp0b90,serpapi,,,,,,,
dog_groomers,Leeds,The Dog Groomer,07939 505481,"195 Town St, Rodley, Leeds, LS13 1HW",4.6,26,http://www.thedoggroomerleeds.co.uk/,ChIJwzF3uUNbeUgRBGc5rS44z4M,serpapi,,,,,,,
dog_groomers,Leeds,Nuna dog grooming,07809 837919,"Unit 4 Moorhouse Ave, Beeston, Leeds, LS11 8HA",5,73,,ChIJ3_ZjlwFfeUgRI-Q6Fosa4fY,serpapi,,,,,,,
dog_groomers,Leeds,Dogs Empire Dog Grooming Leeds,07948 706773,"Butterbowl Rd, Leeds, LS12 5JE",5,64,https://www.facebook.com/DOGSEMPIRELEEDS/,ChIJtZ7VvTVfeUgRxOWBFNW0u2I,serpapi,,,,,,,
dog_groomers,Leeds,The Barkside Grooms,07703 450411,"Harley Dr, Bramley, Leeds, LS13 4QZ",4.9,57,http://www.thebarksidegrooms.com/,ChIJWRqGhrJfeUgRwvS3WND6eSE,serpapi,,,,,,,
cleaners,Leeds,Platinum City Cleaning Services Leeds,0113 868 1125,"178 Harrogate Rd, Chapel Allerton, Leeds, LS7 4NZ",5,79,https://www.platinumcitycleaning.com/,ChIJDV0hk9LkiWQRUf_SSuAiYC0,serpapi,,,,,,,
cleaners,Leeds,CleanVerge,07442 470956,"148, The Rose Bowl, Portland Cres, Leeds LS1 3HB",5,60,https://cleanverge.co.uk/?utm_source=google&utm_medium=organic-gmb&utm_campaign=gmb-data,ChIJX0uT84VkiAcRwyytdUinPtA,serpapi,,,,,,,
cleaners,Leeds,Poppies Cleaning Service In Leeds,0113 281 8191,"13 Station Rd, Horsforth, Leeds, LS18 5PA",4.9,188,https://poppies.co.uk/leeds/,ChIJyYOrWL1YeUgRnfhn-ag4pW4,serpapi,,,,,,,
cleaners,Leeds,Clean Leeds Ltd,0113 225 5563,"Call House, Business Centre, Leeds, LS7 1RF",4.7,59,http://www.cleanleeds.co.uk/,ChIJaRTSz7tbeUgRDVFPjpeYoS8,serpapi,,,,,,,
cleaners,Leeds,TCS | Cleaning Services Leeds,0113 460 1875,,5,59,https://www.cleaningcompanyleeds.co.uk/,ChIJL9D4azZEiUcRsn-zXfrlKEk,serpapi,,,,,,,
cleaners,Leeds,Mary & K Cleaning Services,07440 399442,"42 Linden Rd, Leeds, LS11 6HA",4.9,13,http://marykcleaningservices.co.uk/,ChIJiVoCnJxdeUgR-yWrLw0ss6I,serpapi,,,,,,,
cleaners,Leeds,Clean Great,0113 460 1363,"148, The Rose Bowl, Portland Cres, Leeds LS1 3HB",4.9,24,http://www.cleangreat.co.uk/,ChIJOUSDafUxeUgRhSy80K10Zyw,serpapi,,,,,,,
cleaners,Leeds,Rubix Cleaning Services LTD,0113 257 2408,"Amberley Works, Chelsea Cl, Armley, Leeds LS12 4HP",4.9,85,http://www.rubixcleaningservices.co.uk/,ChIJH2ZRzdNZeUgR1MS6PwOFqBQ,serpapi,,,,,,,
cleaners,Leeds,Leeds Cleaning Service,0113 870 7070,"10 Silk Mill Cl, Leeds, LS16 6PW",5,10,,ChIJ91uxJ_BZeUgRfQ6PH9NGxW4,serpapi,,,,,,,
cleaners,Leeds,Smartwerter Cleaning Services,07832 937538,,4.9,145,https://www.smartwertercleaning.co.uk/,ChIJ2UVYIEslKgoR7sbxnDmJWx4,serpapi,,,,,,,
cleaners,Leeds,Sweetpea Space | Cleaning Services Leeds,0113 868 2319,"Bldg 3, City West Business Park, Holbeck, Leeds LS12 6LZ",5,4,http://sweetpeaspace.uk/,ChIJR8MNfE9deUgRtJ_YAtlxZdM,serpapi,,,,,,,
cleaners,Leeds,CS Cleaning Services By Charlotte Commercial cleaning,07549 310454,"76 Gamble Hill Dr, Leeds, LS13 4JL",4.9,29,,ChIJ39msw55feUgRCGND4x7LIPM,serpapi,,,,,,,
cleaners,Leeds,Refreshed Cleaning service,07751 073696,"Park Row, Leeds, LS1 5AB",5,6,https://refreshedcleaningservices.co.uk/,ChIJwS2_W-FdeUgRptqqWBtmKwA,serpapi,,,,,,,
cleaners,Leeds,Honest Cleaning Services Leeds,0113 345 7899,"Unite 3, Citispace Building, 45 Byron St, Leeds LS2 7QJ",4.5,32,http://www.honestcleaningservicesleeds.com/,ChIJa-jClAxceUgRSOCsotQJPfA,serpapi,,,,,,,
cleaners,Leeds,Fresh Clean Ltd.,07551 876776,"19 Rosebank Gardens, Woodhouse, Leeds, LS3 1EZ",5,30,http://contactfreshclean.co.uk/,ChIJceJsUrBeeUgRFwzZJzMWkXk,serpapi,,,,,,,
cleaners,Leeds,SimplyBuzzyBees,07592 921164,"Stonegate Rd, Meanwood, Leeds, LS6 4HZ",5,44,http://www.simplybuzzzybees.co.uk/,ChIJBSFhtYxZeUgRK0CcYpU1RPw,serpapi,,,,,,,
cleaners,Leeds,Trust Cleaner,07340 544554,"25 Malvern Grove, Holbeck, Leeds, LS11 8PB",5,875,https://trustcleaner.co.uk/,ChIJU1njAoNeeUgRz43fD-Gy2Qk,serpapi,,,,,,,
cleaners,Leeds,The Cleaners Leeds DENIS,07341 138953,"23 Sandhurst Pl, Harehills, Leeds, LS8 3QW",5,2,https://www.thecleanersleeds.com/,ChIJj_MPRE5deUgRK2EzOatymFc,serpapi,,,,,,,
cleaners,Leeds,House PA Leeds LTD,07872 121890,"Hall Park Ave, Horsforth, Leeds, LS18 5LR",5,45,https://www.housepa.co.uk/,ChIJE195sIkw9U4RrG_Uky2QaWA,serpapi,,,,,,,
cleaners,Leeds,Gab-TeK Cleaning Services,07737 239785,"6 Oaklands Grv, Leeds, LS8 3TD",5,13,,ChIJvZPPhaaAAAwRhhqzGg-flKE,serpapi,,,,,,,
hair,Leeds,Allertons Leeds,0113 359 3420,"23, Victoria Gate, Harewood St, Leeds LS2 7AR",4.8,2146,https://allertonsonline.com/,ChIJz5tVfBxceUgRiTPpHZQwTR8,serpapi,,,,,,,
hair,Leeds,Renaissance hair and beauty,0113 242 6224,"2 Albion Pl, Renaissance, Leeds, LS1 6JL",4.8,382,http://www.renaissancestyle.co.uk/,ChIJE9A5-RtceUgR5QrAHdJvGGE,serpapi,,,,,,,
hair,Leeds,RMUK Hair Beauty Day Spa,0113 243 6842,"57 Great George St, Leeds, LS1 3BB",4.8,1057,https://www.rm-uk.com/,ChIJh9dOdRpceUgRNj5ZQSLx4hI,serpapi,,,,,,,
hair,Leeds,Masters of Craft,0113 550 9905,"16 Blenheim Ter, Woodhouse, Leeds, LS2 9HN",4.9,238,http://www.mastersofcraft.co.uk/,ChIJoREjRAJceUgRS3HtUtm-o7E,serpapi,,,,,,,
hair,Leeds,Routed creative studio,,"36 Call Ln, Leeds, LS1 6DT",4.9,231,https://www.routedcreativestudio.com/,ChIJveF72aJdeUgRv7ZJxiksl5I,serpapi,,,,,,,
hair,Leeds,Renegade Hair Studio,0113 245 9374,"23 Cookridge St, Leeds, LS2 3AG",4.5,450,http://www.renegade-hair-studio.com/,ChIJQdRC9xxceUgRW14gC-8eG84,serpapi,,,,,,,
hair,Leeds,TONI&GUY Leeds,0113 244 9610,"1A Albion Pl, Leeds, LS1 6JL",4.3,235,http://toniandguy.com/,ChIJHf1iKRpceUgRKhhd19y2P5Q,serpapi,,,,,,,
hair,Leeds,Tint,0113 243 3004,"70 North St, Leeds, LS2 7PN",4.9,897,http://www.tintleeds.com/,ChIJ9UcDcxBceUgRflS-wMreplE,serpapi,,,,,,,
hair,Leeds,Saks Hair & Beauty Leeds City,0113 242 9217,"109 Vicar Ln, Leeds, LS1 6PJ",4.4,301,https://www.saks.co.uk/salons/leeds-city/,ChIJjSUVZhpceUgR_voe0bF2Aow,serpapi,,,,,,,
hair,Leeds,Harbour Hair Salon,07831 830898,"Upper Floor, Unit 15 Central Arcade, Central Rd, Leeds LS1 6DX",5,51,https://www.instagram.com/harbourhair_leeds/,ChIJz-QwH3xdeUgRGk3z4RK-dK0,serpapi,,,,,,,
hair,Leeds,Harlow's Den,0113 247 0681,"79 Great George St, Leeds, LS1 3BR",5,98,http://harlowsden.co.uk/,ChIJ6ZpBUxpceUgRQhKHXcNhTho,serpapi,,,,,,,
hair,Leeds,Russell Eaton,0113 246 9162,"57 Albion St, Leeds, LS1 5AA",4.6,382,http://www.russelleatonhair.com/,ChIJLQDSFxlceUgRd_s4hRUYP8I,serpapi,,,,,,,
hair,Leeds,Regis Salon Leeds Trinity,0113 246 1119,"Trinity Shopping Centre, 53 Boar Ln, Leeds, LS1 5EL",4.6,166,https://www.regissalons.co.uk/salon-locator/regis-leeds/?utm_source=uberall&utm_medium=listings,ChIJu7WozB5ceUgR6HIe-erVHv0,serpapi,,,,,,,
hair,Leeds,Outlaws Hair Company,0113 245 6869,"City Centre, 38-40 New York St, Leeds, LS2 7DF",4.3,97,https://rebelpinup.booksy.com/,ChIJhzGnahdceUgRLPX31AB6ZJo,serpapi,,,,,,,
hair,Leeds,HIVE Hair Salon,0113 278 1946,"88 Otley Rd, Headingley, Leeds, LS6 4BA",4.7,153,https://www.fresha.com/a/hive-hair-salon-leeds-uk-88-otley-road-amchh98b?_gl=1*1qawzf2*_ga*MTk1MTc2NTA3NS4xNjc1MjUwNzQx*_ga_SMQNG7NE8C*MTcxNTE1NDU3Mi4zOS4xLjE3MTUxNTQ4OTkuNDYuMC4w&pId=240031,ChIJOwTFvhlceUgRb7M3v4t4YC4,serpapi,,,,,,,
hair,Leeds,Antonio Guilabert-Sanz,07799 856354,"1 Cross York St, Leeds, LS2 7EE",4.8,44,,ChIJ77jb9uJdeUgRPcfz4a2h-io,serpapi,,,,,,,
hair,Leeds,WIP Hair & Beauty,0113 318 6496,"9 The Crescent, Woodhouse, Leeds, LS6 2NW",4.9,214,http://www.wiphairandbeauty.co.uk/,ChIJX0wAEvdZeUgR-XiokA48Xws,serpapi,,,,,,,
hair,Leeds,No 7 Bridge End Hair Salon,0113 243 8476,"7 Bridge End, Leeds, LS1 7HG",5,27,http://no7bridgeend.co.uk/,ChIJ58I6-hhceUgRnrdV9vwZKxc,serpapi,,,,,,,
hair,Leeds,Ego Hair Studio,0113 243 2386,"1 Cross York St, Leeds, LS2 7EE",4.6,148,http://egohairstudio.co.uk/,ChIJCwh6ahdceUgRO0Rpp9tfxe4,serpapi,,,,,,,
beauty,Leeds,AFSOO Beauty (Formerly B.You.T salon),07710 576028,"20 King Charles St, Leeds, LS1 6LT",4.8,464,https://afsoo.com/,ChIJK2kKdONdeUgRQoaoje13mvQ,serpapi,,,,,,,
beauty,Leeds,Urban Chic Beauty,0113 548 3533,"24b Lands Ln, Leeds, LS1 6LB",4.8,193,http://www.urbanchicbeauty.com/,ChIJGRKJsBlceUgRbokJtUAPL0k,serpapi,,,,,,,
beauty,Leeds,"self. | Hairdressing, Brows, Nails & Beauty Studio",07424 268347,"98 Kirkgate, Leeds, LS2 7DJ",5,90,https://www.selfleeds.co.uk/,ChIJ2Q7luadfeUgRtk0i1OLVJcU,serpapi,,,,,,,
beauty,Leeds,Eden Beauty Leeds,0113 320 2213,"Eden Beauty, 400 Kirkstall Rd, Burley, Leeds LS4 2JX",4.9,53,http://www.edenbeautyleeds.co.uk/,ChIJG_9zQMleeUgRISZof9xZ3Go,serpapi,,,,,,,
beauty,Leeds,Woodhouse Hair & Beauty,0113 403 6823,"1 Moseley Pl, Woodhouse, Leeds, LS6 2RY",4.7,24,,ChIJDbt7DThbeUgR-omtyYEvWVg,serpapi,,,,,,,
beauty,Leeds,City Beauty,0113 322 2082,"21 York Pl, Leeds, LS1 2EX",4.9,28,https://www.citybeautyuk.com/,ChIJN7AdzNZfeUgR96sI2rTSCCc,serpapi,,,,,,,
beauty,Leeds,Beauty Land5,07984 447577,"Leeds Kirkgate Market, Unit 2a 1904 Market Hall, Leeds, LS2 7HJ",4.8,58,https://beauty-land5.co.uk/,ChIJlWfulVVdeUgRMt7M1gI_yQ0,serpapi,,,,,,,
beauty,Leeds,SABLE Social Beauty,0113 244 8004,"17, Thorntons Arcade, Leeds, LS1 6LQ",4.6,88,http://www.sablesocialbeauty.com/,ChIJHVq0vhlceUgRiU7Sp4czBfs,serpapi,,,,,,,
beauty,Leeds,Gateway to Beauty,0113 512 6800,"Unit 2, East St, Leeds, LS9 8DA",4.9,77,http://www.gatewaytobeauty.co.uk/,ChIJNRsmUX9deUgRrV9tWGahN_E,serpapi,,,,,,,
beauty,Leeds,Blossom Beauty Leeds,07894 452237,"408, Oaktree Lane, Leeds, LS8 3LG",5,103,http://blossombeautyleeds.gettimely.com/,ChIJ8YbhHIBbeUgRVX_ENj2ZWAs,serpapi,,,,,,,
beauty,Leeds,Urban Beauty,07734 650408,"French Studios. 45 Gledhow park Avenue ls7, Chapel Allerton, Leeds, LS7 4JL",4.6,134,http://www.urbanbeautyleeds.co.uk/,ChIJO9b1SltZeUgRq3_s-t0o8vU,serpapi,,,,,,,
beauty,Leeds,Radiant Beauty Leeds,07375 028075,"8 North Ln, Headingley, Leeds, LS6 3HE",4.8,144,https://radiantbeautyleeds.co.uk/?utm_source=ig&utm_medium=social&utm_content=link_in_bio&fbclid=PAZXh0bgNhZW0CMTEAc3J0YwZhcHBfaWQMMjU2MjgxMDQwNTU4AAGnfz_tbTagN5FKlc9g5THHb63yS9G3jvNPvWZBeBYzwpjOHgv_b56S8vCSlyo_aem_J4sobMdACqdbMbcgyx5Mng,ChIJBXAh7HBZeUgRdVUMg19yi68,serpapi,,,,,,,
beauty,Leeds,The glam bar leeds ltd,,"Premier House, Premier House, 2 Barras St, Leeds LS12 4JS",5,108,,ChIJtVm-koBfeUgRwD6UXKKXD4w,serpapi,,,,,,,
beauty,Leeds,The Beauty Coven,0113 318 6021,"2 Methley Dr, Chapel Allerton, Leeds, LS7 3NE",4.8,65,https://thebeautycoven.book.app/,ChIJ90r3ZfxbeUgRSUpp2arpCtQ,serpapi,,,,,,,
beauty,Leeds,Villette Aesthetic SkinCenter,07742 066325,"17 Park Pl, Leeds, LS1 2SJ",5,57,,ChIJh70fX09deUgRpz2HDy2iZs8,serpapi,,,,,,,
lashes,Leeds,Lash2Lash Beauty Studio Leeds,0113 244 2607,"Suite 17, 6-8 York Pl, Leeds, LS1 2DS",4.7,40,https://www.lash2lash.co.uk/,ChIJGUFi_ZFdeUgRPJBNYjkohuQ,serpapi,,,,,,,
lashes,Leeds,Lashed Leeds,0113 871 5053,"59 Great George St, Leeds, LS1 3BB",4.3,58,https://www.lashedleeds.co.uk/,ChIJZ51GBBxceUgR4ndA2wPyNis,serpapi,,,,,,,
lashes,Leeds,LuxLashes Leeds,,"94 Armley Rd, Armley, Leeds, LS12 2EJ",4.8,141,https://partners.fresha.com/services/services,ChIJx2YoNvVfeUgRqWElfbCXoMg,serpapi,,,,,,,
lashes,Leeds,JHX Lashes,07880 332573,"Low Ln, Horsforth, Leeds, LS18 5QS",5,43,https://www.instagram.com/jhxlashes/,ChIJrdvgLDtZeUgRNhYVLot-gcI,serpapi,,,,,,,
lashes,Leeds,Atelier & Academy - Permanent Makeup - Ombre Brows - Powder Brows - Lash lift - Brow Botox,07526 923309,"36 Call Ln, Leeds, LS1 6DT",5,43,https://atelieracademyjoannaiwaniuk.co.uk/,ChIJrz3wSi1feUgR9lS9Gv-YFO4,serpapi,,,,,,,
lashes,Leeds,QBS Beauty Lounge,0113 440 6279,"311 Roundhay Rd, Harehills, Leeds, LS8 4HT",4.9,37,http://qbsbeautylounge.co.uk/,ChIJCzSZmyxbeUgRF0WUx5hKYUA,serpapi,,,,,,,
lashes,Leeds,Heavenly Eyes Lash Studio,,"The Loft, 646 King Ln, Leeds, LS17 7AN",4.7,58,,ChIJYzu1_DhZeUgRw2f4DfulMD4,serpapi,,,,,,,
lashes,Leeds,By Aleema,,"Burley Hill, FlexSpace, Burley Rd, Burley, Leeds LS4 2PU",5,35,https://www.instagram.com/byaleema,ChIJ3VpqQ6lfeUgRLoVJVNWWFQc,serpapi,,,,,,,
lashes,Leeds,Rebecca Kinsey LVL Lashes,07709 453026,"452 Roundhay Rd, Roundhay, Oakwood, Leeds, LS8 2HU",5,21,,ChIJSXWqA8NbeUgRGJPscQ-07SQ,serpapi,,,,,,,
lashes,Leeds,Egi Lashes Leeds,07710 058747,"Victoria Park Grove, Leeds, LS13 2HW",5,15,https://egilashes.simplybook.it/,ChIJMSBwDjRfeUgRbSn_mr5zbvE,serpapi,,,,,,,
lashes,Leeds,French Studios Beauty Salon & Academy,0113 300 0394,"45 Gledhow Park Ave, Chapel Allerton, Leeds, LS7 4JL",5,44,https://linktr.ee/frenchstudios,ChIJN26MsxxbeUgRU1a00QPdAUY,serpapi,,,,,,,
lashes,Leeds,Alma's Lash Lounge,020 3369 0769,"Hyde Park Rd, Leeds, LS6 1AH",5,8,https://almaslashlounge.schedulista.com/,ChIJe5ywVHdfeUgRx1zJhc4Pmlc,serpapi,,,,,,,
lashes,Leeds,SUSU CHARMANTE BEAUTE,07774 481153,"Second Floor, 55 Great George St, Leeds, LS1 3BB",5,11,http://www.susucharmantebeaute.com/,ChIJ58fJnpFfeUgRp5LPNX62QOI,serpapi,,,,,,,
lashes,Leeds,The Beauty Box Leeds,07591 281003,"141 Stainbeck Ln, Chapel Allerton, Leeds, LS7 2EB",5,26,https://thebeautyboxleeds.wixsite.com/thebeautyboxleeds,ChIJ6ZUrS_NZeUgRMkNn5oOvYBQ,serpapi,,,,,,,
lashes,Leeds,Lashes and brows by Lindsay / Lash and brow artist,,"590 Harrogate Rd, Leeds, LS17 8DP",5,20,,ChIJ0wHS-UhbeUgRZUuimo1TcU4,serpapi,,,,,,,
lashes,Leeds,Brows & Lashes Co Leeds,07402 948843,"100 Town St, Horsforth, Leeds, LS18 4AP",5,81,https://karolinalashesbeautycourses.com/,ChIJxcyXi4tZeUgRkHKPKPRj6_I,serpapi,,,,,,,
car_detailers,Leeds,Diamond Car Detailing Leeds,01226 652016,"27 Easterly Cross, Harehills, Leeds, LS8 3PB",5,11,,ChIJ1QBsBgBbeUgRnP9lbuwBqBY,serpapi,,,,,,,
car_detailers,Leeds,JXN Car Detailing,07547 889647,"239 Tinshill Rd, Leeds, LS16 7BU",5,29,https://jxncardetailing.co.uk/,ChIJF8bpUMhZeUgRtno7nCB2DdA,serpapi,,,,,,,
car_detailers,Leeds,Pro Detailing (mobile valeting),07719 717482,"408 Oakwood Ln, Leeds, LS8 3LG",4.9,141,http://www.promobiledetailing.co.uk/,ChIJb_xYCENbeUgR73Wl_pFFHu4,serpapi,,,,,,,
car_detailers,Leeds,Elite - Mobile Auto Car Detailing and Valeting,07480 255493,"21 Roper Grove, Roundhay, Leeds, LS8 1LF",5,10,https://elitecardetailing.shop/,ChIJTfrVrfRbeUgRDehiBtfF8qg,serpapi,,,,,,,
car_detailers,Leeds,Licence To Shine | Valeting & Detailing,07999 214541,"Industrial Park, Unit 3A Barras Garth Rd, Leeds, LS12 4JW",5,18,https://licencetoshine.co.uk/,ChIJV8OtlgVfeUgRDub-lJse5Fc,serpapi,,,,,,,
car_detailers,Leeds,Fresh Car Valeting Leeds,,"46 Park Pl, Leeds, LS1 2RY",4.8,474,https://www.freshcar.co.uk/england-locations/west-yorkshire/car-valeting-leeds/,ChIJv7Oeb75deUgR34ULFaUfcwM,serpapi,,,,,,,
car_detailers,Leeds,SK Detailing & Valeting,07521 214899,"21 Abbeydale Grove, Hawksworth, Leeds, LS5 3RE",5,76,https://www.facebook.com/share/mt9WUpFAWBQrLqnU/,ChIJb8RHKRZZeUgRNh96QvoLYKM,serpapi,,,,,,,
car_detailers,Leeds,Mr Detailing - Car Wash & Detailing Clinic,07818 939578,"76 Elland Rd, Holbeck, Leeds, LS11 0AB",5,20,,ChIJU826DzBfeUgRdhsoLjniusM,serpapi,,,,,,,
car_detailers,Leeds,Baba’s detailing & valeting,07477 480610,"16 Brignall Garth, Leeds, LS9 7HB",5,10,,ChIJ_XYkTQNdeUgRNlIBCBHYjS0,serpapi,,,,,,,
car_detailers,Leeds,SS DETAILING,07988 888508,"37 Ashton Rd, Harehills, Leeds, LS8 5JQ",5,54,,ChIJ71s_flhdeUgRBhgO4zlziLg,serpapi,,,,,,,
car_detailers,Leeds,Rapid - Mobile Auto Car Detailing and Valeting,07539 860460,"204 Harrogate Rd, Chapel Allerton, Leeds, LS7 4QD",5,7,https://rapidcardetailing.shop/,ChIJjS4Z7R-Nv0gRfGuLsgKNJtI,serpapi,,,,,,,
car_detailers,Leeds,Topaz Leeds | Luxury Car Detailing and Paint Protection Film Specialists,0113 322 4318,"Unit 5, Hunslet Trading Estate, Hunslet, Leeds LS10 1BL",5,112,http://topazdetailing.com/pages/leeds-branch,ChIJiVy0i09deUgRhf_B4V7bo84,serpapi,,,,,,,
car_detailers,Leeds,AB DETAILING & AUTOMOTIVE (AB Detailing.UK),07568 594844,"Roundhay Rd, Harehills, Leeds, LS8 4HS",5,16,https://abdetailing.my.canva.site/-book?fbclid=PAZXh0bgNhZW0CMTEAAaaoDdidcVLKP3oRqhAvnng9aGzZOIt2-Ca2AOqe6KMRZpj-i4y-ebGNzkw_aem_pla9rWaRutJxD-H5jNkO3g,ChIJww7AR3JbeUgRzkBQzW94Pds,serpapi,,,,,,,
car_detailers,Leeds,Slick - Mobile Auto Car Detailing and Valeting,07480 255518,"31 Sunnyview Ave, Beeston, Leeds, LS11 8QY",5,2,https://slickcardetailing.shop/,ChIJ9_Si8eNfeUgRJurWVNhggsw,serpapi,,,,,,,
car_detailers,Leeds,Premier Motor Detailing,07784 714619,"401 Harrogate Rd, Moortown, Leeds, LS17 6DJ",5,10,http://www.premiermotordetailing.com/,ChIJ861Tte-ob2ARnHTVbiSeG4U,serpapi,,,,,,,
car_detailers,Leeds,MB Valets,07914 840733,"Bletchley Ave, Horsforth, Leeds, LS18 4FA",5,69,https://www.facebook.com/profile.php?id=61550820364923,ChIJ5cxMI77je0gRwyGJVzwUrQ4,serpapi,,,,,,,
car_detailers,Leeds,KeenEye Co.,07459 478278,"Mobile Service, Leeds, LS1 2NP",5,12,https://keeneyeco.co.uk/,ChIJ72qdXP_3Tw0RTc_vcK4IpwY,serpapi,,,,,,,
car_detailers,Leeds,ItsallintheDTail Ltd,07971 565716,"21 Raynel Dr, Leeds, LS16 6BS",5,84,,ChIJNQjG92avokIRJZSjVaFTyx4,serpapi,,,,,,,
car_detailers,Leeds,ONYX - Vehicle Protection Specialists,07930 978559,"Holbeck Moor Rd, Holbeck, Leeds, LS11 9QL",5,21,http://www.onyxvps.co.uk/,ChIJp9zmJ4lfeUgRQaRVDTDugc0,serpapi,,,,,,,
car_detailers,Leeds,Fine Line Detailing,07511 952511,"59 Selby Rd, Garforth, Leeds, LS25 1LR",5,42,https://www.facebook.com/FineLineDetailingLeeds/about,ChIJQ_De9vFDeUgRKQGUIhECG3I,serpapi,,,,,,,
driving_instructors,Leeds,MB Drive,07976 735513,"34 Harold Rd, Burley, Leeds, LS6 1PR",4.9,392,https://www.mbdrive.co.uk/,ChIJYVQM0lJZeUgRRPy-PcVRSd8,serpapi,,,,,,,
driving_instructors,Leeds,MJ Driving School Leeds,07496 184021,"Primley Park Ln, Leeds, LS17 7LS",4.7,516,https://www.mjdrivingschool.co.uk/,ChIJN_b4isxbeUgR1b3pNrPnB1k,serpapi,,,,,,,
driving_instructors,Leeds,Skyline driving school leeds,07763 629988,"3 Howden Gardens, Burley, Leeds, LS6 1SH",5,344,http://skylinedrivingschool.co.uk/,ChIJl15537NeeUgRccdu9bWt_NY,serpapi,,,,,,,
driving_instructors,Leeds,JM Driving School Leeds,07468 854611,"11 Spencer Pl, Leeds, LS7 4DQ",4.7,125,http://www.jmdriving-school.co.uk/,ChIJfa3U1XRceUgRZZt0zCundcY,serpapi,,,,,,,
driving_instructors,Leeds,ZOWTH Driving School - Driving Lessons,0800 710 1132,"Sovereign Quay, 9 Bridge End, One, LS1 4RA",4.9,414,http://zowth.com/,ChIJMWprwG5feUgR7NXPriVk-k4,serpapi,,,,,,,
driving_instructors,Leeds,Learn To Drive UK | Driving School In Leeds West Yorkshire,07886 304061,"City Walk, Holbeck, Leeds, LS11 9BG",4.9,136,https://learntodriveuk.com/,ChIJ5y3XcpBeeUgRvKNq2DhSFBA,serpapi,,,,,,,
driving_instructors,Leeds,Automatic Driving Lessons,07397 866202,"84 Compton Cres, Harehills, Leeds, LS9 6DQ",4.8,88,https://drivingschools.uk/,ChIJN3XLf6VdeUgRakVzQvsecOk,serpapi,,,,,,,
driving_instructors,Leeds,Automate driving school,07448 026165,"Scott Hall Rd, Leeds, LS7 2HJ",5,137,http://passwithwaseem.com/,ChIJA7-s78wWKQkROlUNgqq5FFM,serpapi,,,,,,,
driving_instructors,Leeds,Foundation Driving School,07393 609479,"Lingmoor St, Leeds, LS9 0BF",5,31,https://foundationdrivingschool.co.uk/,ChIJsWHNRmVdeUgRaj1AkUnN6Tw,serpapi,,,,,,,
driving_instructors,Leeds,DC Parmar,07949 522871,"26 St. Annes Dr, Kirkstall, Leeds, LS4 2RZ",5,53,,ChIJe5ZJcDNZeUgRVo04hiaAwZE,serpapi,,,,,,,
driving_instructors,Leeds,Driveology-Leeds,07799 914779,"Leeds, LS1 5RD",5,101,http://driveologyleeds.co.uk/,ChIJcRZQyo5esAcRfZFvFCVVl0c,serpapi,,,,,,,
driving_instructors,Leeds,Meena's School of Motoring,07747 725026,"Park View Ave, Burley, Leeds, LS4 2LH",4.8,194,https://www.msmleeds.com/,ChIJw3E-ZLVeeUgRyA_sDNZq1z4,serpapi,,,,,,,
driving_instructors,Leeds,Kamys Driving School,,"Barkly Parade, Beeston, Leeds, LS11 7HH",5,186,http://www.kamysdrivingschool.co.uk/,ChIJqdXABk9-yaER4zc4vkuLqdE,serpapi,,,,,,,
driving_instructors,Leeds,AKSONS DRIVING SCHOOL,07306 488555,"12 Batcliffe Mount, Headingley, Leeds, LS6 3PW",5,93,http://www.aksonsdrivingschool.com/,ChIJY3DLIvDFmQ0RbVJsK-Bj8nc,serpapi,,,,,,,
driving_instructors,Leeds,KK Driving School Leeds,07979 710793,"52 Burley Lodge Rd, Burley, Leeds, LS6 1QF",5,116,http://www.aksonsdrivingschool.com/,ChIJ36JwstNZeUgRggXWpcUABds,serpapi,,,,,,,
driving_instructors,Leeds,L driving school,07745 347959,"118 Foundry Ave, Leeds, LS8 3LU",4.9,70,https://ldrivingschool.com/,ChIJXxb72CpbeUgRXTI_35vlcXw,serpapi,,,,,,,
driving_instructors,Leeds,Astra Driving School Leeds,07758 837589,"32 Easterly Cres, Roundhay, Leeds, LS8 2SF",5,7,https://astradrivingschool.com/,ChIJXRD_zWq4omYRNXJx4Dqpju0,serpapi,,,,,,,
driving_instructors,Leeds,LG Driving School,07852 943360,"Shakespeare Lawn, Leeds, LS9 7UL",4.9,109,,ChIJX51OrWRceUgRXvAbmerKeCM,serpapi,,,,,,,
driving_instructors,Leeds,RARA Driving School Leeds| Driving Lessons Leeds,0333 772 7265,"14 Derwentwater Terrace, Headingley, Leeds, LS6 3JL",4.7,46,https://www.raradrivingschool.co.uk/where-to-find-us/leeds/,ChIJlwhgSApZeUgRBRxR1x2D1q4,serpapi,,,,,,,
driving_instructors,Leeds,Smart intensive driving school,07723 089792,"341 Easterly Rd, Roundhay, Leeds, LS8 2TS",5,119,https://intensivedrivingcourseuk.co.uk/,ChIJJXK4xH5beUgRGhS9laGtPdI,serpapi,,,,,,,
gardeners,Leeds,Gardener in Leeds,07791 423754,"51 Linton Ave, Leeds, LS17 8PU",5,245,http://gardenerinleeds.com/,ChIJ3S0Uq01beUgR0hDQbgnnqQg,serpapi,,,,,,,
gardeners,Leeds,Bloom Gardening,07595 595051,"72 Woodland Ln, Chapel Allerton, Leeds, LS7 4QG",4.8,95,http://www.bloom-gardening.com/,ChIJMU3FVqpbeUgR1n1j1E2D9b4,serpapi,,,,,,,
gardeners,Leeds,GreenForge Landscape Gardeners Leeds,0113 490 0128,"6 Hawks Nest Gardens W, Leeds, LS17 7JF",5,12,https://greenforgelandscapersleeds.co.uk/,ChIJuWjgnY5beUgRLTHe7Tr9p8M,serpapi,,,,,,,
gardeners,Leeds,Landscape Gardeners Leeds,0113 320 0560,"Unit Northside Business Park, 2 Sheepscar Ct, Leeds, LS7 2BB",4.4,19,http://www.landscapingleeds.org.uk/,ChIJf0vtzQhceUgRGvnA-Dz8Mq4,serpapi,,,,,,,
gardeners,Leeds,Leeds Gardener,0113 873 0277,"575 Stanningley Rd, Bramley, Leeds, LS13 4EL",5,1,https://www.leedsgardener.com/,ChIJEzRkdT9feUgR9NqQjYzXjvc,serpapi,,,,,,,
gardeners,Leeds,All Year Gardener,07786 484005,,5,182,https://allyeargardener.com/,ChIJmZ5eHh8inCMRhTM2RRdWnTo,serpapi,,,,,,,
gardeners,Leeds,Greener Gardens,0113 418 0454,,5,27,https://greenergardensleeds.co.uk/,ChIJG7M23BtZeUgRJmbrsdnr8AA,serpapi,,,,,,,
gardeners,Leeds,Tidier Gardens,07544 043984,"14 Thorpe Cl, Middleton, Leeds, LS10 4DL",5,52,http://tidiergardens.com/,ChIJyYeELNNfeUgR7dRfBqly-tA,serpapi,,,,,,,
gardeners,Leeds,GREEN GARDEN & LANDSCAPING SERVICES,07539 259838,"106 Burley Rd, Woodhouse, Leeds, LS3 1JP",5,5,http://www.gggc.co.uk/,ChIJYbdYV0pfeUgR6T1MlD8hteo,serpapi,,,,,,,
gardeners,Leeds,First Light Landscaping,0113 258 0428,"Office One, Low Fold Business Park, Off, New Rd Side, Horsforth, Leeds LS18 4DR",5,143,http://firstlightlandscaping.co.uk/,ChIJo47GfKJYeUgRiV_nqmPvsbA,serpapi,,,,,,,
gardeners,Leeds,Yorkshire Greene Horticulturalist and Landscaping Specialist,07598 122670,"Roundhay, Leeds, LS8 1JX",5,22,https://www.facebook.com/share/1CuimmpQTy/,ChIJ9VnxzqpbeUgRQXuR0biXNlI,serpapi,,,,,,,
gardeners,Leeds,Austin's Gardens,07887 397152,"41 Roundhay Ave, Chapel Allerton, Leeds, LS8 4DU",5,17,http://austinsgardens.com/,ChIJgVnqoelbeUgRX_ijYfTfyM0,serpapi,,,,,,,
gardeners,Leeds,D&S Gardening services,07500 866910,"76 Hillidge Rd, Hunslet, Leeds, LS10 1BZ",4.8,35,http://dsgardeningservices.co.uk/,ChIJhT-1gjpceUgRiS5f9fEbbTM,serpapi,,,,,,,
gardeners,Leeds,Garden Revamps,07531 699224,"Pickups service limited, Stanningley, Leeds, LS28 6JP",4.9,32,http://www.gardenrevamps.com/,ChIJmRCPNnNZeUgRMKgHWbygaWs,serpapi,,,,,,,
gardeners,Leeds,Cut ’n’ Edge Garden Services Ltd,07966 297867,"4 Chelwood Ave, Moortown, Leeds, LS8 2AZ",4.7,13,,ChIJ___qVrdbeUgR_M6USRFh49k,serpapi,,,,,,,
gardeners,Leeds,Ramsays Home and Garden Services,07955 743522,"Talbot Rd, Roundhay, Leeds, LS8 1HA",5,15,http://wwwfacebook.com/ramsayhomegarden,ChIJYX0x5dVbeUgRpq5wsohYG0U,serpapi,,,,,,,
gardeners,Leeds,Yorkshire Gardens,0113 262 1214,"St Pauls Presbytery, Buck Stone Cres, Leeds, LS17 5ES",4.8,20,http://www.yorkshiregardens.co.uk/,ChIJXW3yvhVgeUgRbM4GirZRQRM,serpapi,,,,,,,
gardeners,Leeds,RightScapes Ltd,0113 873 0356,"Coney Park, Harrogate Rd, Leeds, LS19 7XS",5,61,http://www.rightscapes.co.uk/,ChIJ1XdP5Evje0gR48BklsXiBfc,serpapi,,,,,,,
gardeners,Leeds,Absolute Gardening,07562 377837,"43 Carr Manor Dr, Moortown, Leeds, LS17 5AP",4.3,6,http://absolute-gardening.com/,ChIJX-rgEw1beUgR8FDRweu8Yaw,serpapi,,,,,,,
gardeners,Leeds,North Leeds Garden Design Ltd,0113 868 9375,"38 Broomfield, Adel, Leeds, LS16 6AF",5,9,http://northleedsgardendesign.co.uk/,ChIJh6ubRgZZeUgRH7kE5_dGOGY,serpapi,,,,,,,
weddings,Leeds,123 Photography,07950 241918,"21 Tavistock Cl, Leeds, LS12 4DJ",5,69,https://www.123photography.co.uk/,ChIJWWyvT-peeUgR_yhtqrqxteU,serpapi,,,,,,,
weddings,Leeds,Darren Hemsley Creative,07507 853065,"Moorland Cres, Moortown, Leeds, LS17 6HY",5,60,http://www.darrenhemsleycreative.com/,ChIJH5-nZfFbeUgRutoaJbe-4BU,serpapi,,,,,,,
weddings,Leeds,Stories Of I Do - Wedding Photography,0113 534 0959,"259 Otley Rd, Weetwood, Leeds, LS16 5LQ",5,53,https://www.storiesofido.com/?utm_source=GMB&utm_medium=Website,ChIJVRVPzSJZeUgR5eL7ny5mmkY,serpapi,,,,,,,
weddings,Leeds,Peter Rollings Photography,07733 290379,"14 Milton Dr, Scholes, Leeds, LS15 4BS",5,42,https://www.rollingsphotography.com/,ChIJx1I3B3xbeUgRH5JGn0YcMxg,serpapi,,,,,,,
weddings,Leeds,Barnaby Aldrick Wedding Photography,07929 087982,"23 St Chad's View, Headingley, Leeds, LS6 3PE",5,88,http://www.barnabyaldrick.com/,ChIJB1waXTdZeUgR4hHtu1lo62Y,serpapi,,,,,,,
weddings,Leeds,Mark Swinford Photography,0113 259 1161,"95-97 Long Row, Horsforth, Leeds, LS18 5AT",4.8,449,http://www.markswinfordphotography.co.uk/,ChIJi4nvWo1YeUgRYK6_p4s1U9c,serpapi,,,,,,,
weddings,Leeds,Da Wedding Crashers | Wedding Photography + Film,07526 113637,"2 Walkers Yard, Leeds, LS6 2FJ",5,6,https://www.daweddingcrashers.com/,ChIJI9kqHs5ZeUgRGIsV3fead4w,serpapi,,,,,,,
weddings,Leeds,Howard Barnett Photography,07812 390568,"27 Sandhill Oval, Leeds, LS17 8EB",5,27,https://howardbarnettphotography.co.uk/,ChIJNRiPwjVbeUgRaQ72MMKgN6I,serpapi,,,,,,,
weddings,Leeds,Hamish Irvine Photographer,07919 887759,"Gledhow Hall, Gledhow Ln, Gledhow, Leeds LS8 1PG",5,85,https://www.hamishirvine.com/,ChIJpQmwy-9beUgRbCBBmfsir9A,serpapi,,,,,,,
weddings,Leeds,Richard Wilson Photography,0113 274 4669,"Studio One, 5 Lower Briggate, Leeds, LS1 4AF",5,188,https://richardwilsonphotography.co.uk/,ChIJYRH5pKBeeUgRExB4DFkSfDY,serpapi,,,,,,,
weddings,Leeds,Mine & Thine Photography,07906 333905,,5,132,https://www.mineandthine.co.uk/,ChIJccqG5jNfeUgRd03jDaPMpZU,serpapi,,,,,,,
weddings,Leeds,Bex Wedding Photography - Wedding Photography Middleton,07383 936618,"41 Laurel Pl, Middleton, Leeds, LS10 4SU",4.7,15,http://www.bexweddingphotography.co.uk/,ChIJqQueAHFdeUgRUF89U5s4yas,serpapi,,,,,,,
weddings,Leeds,Josh Hill Photography,,"176 Kirkstall Ln, Kirkstall, Leeds, LS5 3FA",5,26,https://www.joshhillfilm.com/,ChIJMxjl0chZeUgRqxHKvTXcMoA,serpapi,,,,,,,
weddings,Leeds,Emily Green Photography,07468 592749,"Unit 10, Emily Green Photography, Park Centre, Horsforth, Sta LS18 5NX",5,116,http://emily-green-photography.co.uk/,ChIJ79j4NFtZeUgRsUGcLlYRxjw,serpapi,,,,,,,
weddings,Leeds,Alex Abbott Wedding Photography,07845 276379,"67 Vesper Gate Mount, Hawksworth, Leeds, LS5 3NL",5,14,,ChIJpX05ONRZeUgR-L9OWdBrj-E,serpapi,,,,,,,
weddings,Leeds,Emma Stone Photo,,"Unit 7, Carlton Trading Estate, Armley, Leeds LS12 2QG",5,125,https://www.emmastonephoto.co.uk/?utm_source=google&utm_medium=wix_google_business_profile&utm_campaign=1519035664027437846,ChIJlaBtcd5feUgRh_ivyVoPphs,serpapi,,,,,,,
weddings,Leeds,Matt Sim - Wedding Photographer Yorkshire,07855 049915,"8 Neville Rd, Otley, LS21 1DJ",5,65,http://www.mattsim.co.uk/,ChIJmb_NwWZceUgRQ6qFo844Bq0,serpapi,,,,,,,
weddings,Leeds,Lou Wilcock Weddings,07903 630081,,5,34,http://louwilcockweddings.uk/,ChIJUXvRmh2_8gARMGpnuzee8w8,serpapi,,,,,,,
weddings,Leeds,Mollie Higgins Photography,,"Ring Rd Middleton, Belle Isle, Leeds, LS10 4AE",4.9,27,http://molliehigginsphoto.co.uk/,ChIJD1ZV7YpdeUgR_gt5NvleWvw,serpapi,,,,,,,
weddings,Leeds,Louise Barry Photographer,,,5,122,http://www.louisebarryphotographer.com/,ChIJe2Se9MJbeUgRe-lxFhLOf7k,serpapi,,,,,,,
nails,Liverpool,Berry Nail Spa,07879 747989,"35 Berry St, Liverpool, L1 9DF",4.9,461,https://thecrazybeauty.com/salon-detail/berry-nails-spa/634?fbclid=PAZXh0bgNhZW0CMTEAAaZAUirZEcKK1wLQ2IUsfgOsAfQ4VuF1g2xdHX0X0zHc1tjrCM3xhnUJnHs_aem_PUFeB2HZm_tWM3F1UE7vEQ,ChIJu7Q2J64he0gRf9wV9ys8Jtc,serpapi,,,,,,,
nails,Liverpool,Nails2u Luxury Liverpool,07391 497149,"69 Renshaw St, Liverpool, L1 2SJ",4.9,212,https://nails2uluxury.setmore.com/,ChIJ7c9P7bkhe0gR4xOoo7rrJms,serpapi,,,,,,,
nails,Liverpool,Honey Nails Liverpool,07938 888686,"22 Newington, Liverpool, L1 4ED",4.8,622,https://liverpoolcityguide.co.uk/business/honey-nails-liverpool/,ChIJi56-PQAhe0gREhxUX-6qIFQ,serpapi,,,,,,,
nails,Liverpool,Ruby Nails Liverpool,0151 345 5170,"17 Williamson St, Liverpool, L1 1EB",4.7,353,https://www.instagram.com/ruby_nails_liverpool,ChIJhV6KWwEhe0gRAcWEg0dPeYQ,serpapi,,,,,,,
nails,Liverpool,Nail nation by Claire,07739 173418,"25 Stanley St, Liverpool, L1 6AA",5,35,,ChIJKR8gVU0he0gRvE7Awi-L5TU,serpapi,,,,,,,
nails,Liverpool,L1 Nails,0151 236 1387,"25 Lord St, Liverpool, L2 9SA",4.6,1064,http://instagram.com/l1nails,ChIJO8XI1n4he0gRquTTRGT1bvM,serpapi,,,,,,,
nails,Liverpool,Boutique Nails Liverpool,0151 208 0899,"306 Aigburth Rd, Liverpool, L17 9PW",4.8,35,,ChIJPShb2cghe0gRLm3FoCl3p_s,serpapi,,,,,,,
nails,Liverpool,Dream Nails Kensington,07547 474125,"243 Kensington, Liverpool, L7 2RG",4.9,288,https://www.instagram.com/dreamnailsxs/,ChIJtbmAjUohe0gRVDR6Yf9713k,serpapi,,,,,,,
nails,Liverpool,Nails By Feryal & Co.,07557 518378,"Lower Ground, Harley Building, 11 Old Hall St, Liverpool L3 9HT",4.9,38,,ChIJpzQY7-khe0gRnSgHP39ej4I,serpapi,,,,,,,
nails,Liverpool,Bold St. Nails,0151 345 9620,"83 Bold St, Liverpool, L1 4HF",4.1,320,https://www.instagram.com/boldstr.nails/,ChIJy4Ja-SMhe0gR3hQK1yGLm1c,serpapi,,,,,,,
nails,Liverpool,L1 Beauty box,07493 474751,"56 Berry St, Liverpool, L1 4JQ",4.6,199,https://booking.barespace.app/beautyboxl1/?fbclid=PAAabCYxILCyKOUWqnD0QXwGbfF0Nux7YMJDmdFx1dQ7v_qyUBUA045oUTfT0_aem_AaHrImZXvXw5I_9n9C7QoYzRvx2gLCGVifvt0uS0xh32s0xiWHMMaNnVVCNJz7A_73w,ChIJDVJAlhIhe0gR1I-9k9bOtVo,serpapi,,,,,,,
nails,Liverpool,LILLY NAIL AND BEAUTY LIVERPOOL,0151 345 6788,"opposite Abakhan, 21 Stafford St, Liverpool, L3 8LX",4.7,358,http://www.lillynailnbeauty.co.uk/,ChIJv3DyoT0he0gRdr_7166HBF0,serpapi,,,,,,,
nails,Liverpool,Chloe’s Nails & Beauty,07473 086789,"660 Aigburth Rd, Liverpool, L19 0NY",5,43,,ChIJV68VVV0he0gRL-ubT1I_LAM,serpapi,,,,,,,
nails,Liverpool,Minmins Nail Studio,0151 724 2325,"199 Rose Ln, Liverpool, L18 5EA",4.9,124,http://minminsnailstudio.co.uk/,ChIJ9TBQubche0gR_wtjLOinitQ,serpapi,,,,,,,
nails,Liverpool,Pretty Nails,07852 392288,"55 Breck Rd, Liverpool, L4 2QS",5,30,https://www.instagram.com/prettynails.liverpool?igsh=MTF6MGloaGNxcmxpeg==,ChIJCzpFrtche0gRXsOHQ0K4yHw,serpapi,,,,,,,
nails,Liverpool,byCaroline | bespoke nail art & builder gel,07592 233447,"First Floor, Milk Studios, 12 Rodney St, Liverpool L1 2TE",5,14,https://www.instagram.com/bycarolinenailsx_?igsh=Y240emcwazJkYm4y,ChIJxZyR4Mshe0gRr49tolekYfY,serpapi,,,,,,,
nails,Liverpool,Luxury Nails and Spa Liverpool,0151 345 4480,"91 County Rd, Liverpool, L4 3QD",5,88,,ChIJxU0zT3Ije0gR7__avCfFMxU,serpapi,,,,,,,
nails,Liverpool,Childwall Nails & Spa,0151 476 1118,"17 Childwall Valley Rd, Liverpool, L16 4PB",5,117,https://www.instagram.com/childwallnails_spa,ChIJWf9XNMwhe0gRD75gZQ2X1Dk,serpapi,,,,,,,
nails,Liverpool,The Nail Lab,07908 593388,"80 Muirhead Ave E, Liverpool, L11 1EL",4.8,24,,ChIJGe9taC8he0gRutDjbvDJxH8,serpapi,,,,,,,
nails,Liverpool,Nail by Roya,07498 302853,"Wood St, Liverpool, L1 4AQ",5,12,,ChIJUysRijMhe0gRh2ntOpuI76I,serpapi,,,,,,,
electrician,Liverpool,Ideal Electrical Solutions,07399 676656,"5 Sir Thomas St, Liverpool, L1 6BW",5,306,https://www.idealelectricalsolutions.co.uk/,ChIJ62EE8Johe0gRGN1b1fHuQmk,serpapi,,,,,,,
electrician,Liverpool,EJC Electrical Ltd,07941 745440,"69 Caldy Rd, Liverpool, L9 4RZ",5,73,http://www.ejcelectrical.co.uk/,ChIJU-KxMiche0gRRNHlJpQJ4QA,serpapi,,,,,,,
electrician,Liverpool,Orrell Electrics - Electricians Liverpool,0151 526 9998,"163 Altway, Aintree, Liverpool, L10 6LA",4.8,150,https://www.orrellelectrics.co.uk/,ChIJ4Q8viscje0gRW3_YAFdegFs,serpapi,,,,,,,
electrician,Liverpool,"V & A Burgess Ltd, Electrical Faults Fixed",0151 351 4011,"5a Church Rd S, Woolton, Liverpool, L25 7RJ",5,447,http://www.electricalfaultsfixed.co.uk/,ChIJCVgcocAfe0gRrqUX6U67j7s,serpapi,,,,,,,
electrician,Liverpool,Nexvolt Electrical solutions,0151 380 0035,"Speke Training & Education Centre, Unit House, Evans Rd, Speke Blvd, Speke, Liverpool L24 9HZ",5,30,https://www.nexvoltelectrical.com/,ChIJ59H5grvenCoRifiQZSBirvk,serpapi,,,,,,,
electrician,Liverpool,POC Electrical,07769 225133,"Unit 2C, PHOENIX BUSINESS PARK, Goodlass Rd, Liverpool L24 8HL",5,72,http://www.pocelectrical.co.uk/,ChIJzeIr7Gshe0gRTUbBhnSYlmY,serpapi,,,,,,,
electrician,Liverpool,Fix Electrical NW LTD,07782 498471,"28 Stanley Gardens, Liverpool, L9 3AR",5,24,,ChIJE9sk5Pk3VwsRY1QG1KXycb0,serpapi,,,,,,,
electrician,Liverpool,ConneX Electrical,0151 363 2786,"Unit 42-45, Woodend Industrial Estate, Woodend Ave, Speke, Liverpool L24 9NB",5,36,https://connex-electrical.co.uk/,ChIJjeHfGMUhe0gRQpYbEPF8f0U,serpapi,,,,,,,
electrician,Liverpool,FM Electrical GB,07845 849429,"37 Lime Grove, Toxteth, Liverpool, L8 0SJ",4.9,45,http://www.emergencyelectricianmerseyside.co.uk/,ChIJk00nosIhe0gResm0T08TNJk,serpapi,,,,,,,
electrician,Liverpool,AG Electrical Services Ltd,07971 868567,"Blacksmith Pl, Liverpool, L25 9LS",5,49,https://www.agelectricalservicesltd.co.uk/,ChIJ3acwLf8fe0gRjlW0cGP5D-I,serpapi,,,,,,,
electrician,Liverpool,Ropewalks Electrical LTD,07860 210886,"Ste 4102, Charlotte House, Queens Dock Business Centre, 67-83 Norfolk St, Liverpool L1 0BG",5,12,https://ropewalkselectrical.co.uk/,ChIJ2UdZ1CIhe0gRvn6cLa6GIiU,serpapi,,,,,,,
electrician,Liverpool,Limewire Electrical & Building services limited,07598 473787,"121 Lark Ln, Liverpool, L17 8UR",5,89,http://www.limewireelectrical.co.uk/,ChIJzRmtg-JofAcR5FK884pbGI4,serpapi,,,,,,,
electrician,Liverpool,SRW Electrical Contractors Ltd,07496 471912,,5,11,https://srwelectricsltd.co.uk/,ChIJAQBFLn8he0gRirl823Tyrm0,serpapi,,,,,,,
electrician,Liverpool,Keyes Electrical Ltd,07788 279818,"Unit 169, Imperial Court, Exchange St E, Liverpool L2 3AB",5,3,https://keyes-elec.com/,ChIJE4oVVoghe0gROwiiPL05xc4,serpapi,,,,,,,
electrician,Liverpool,Dan Electrician,07400 238767,"1 Corfu St, Birkenhead, CH41 6EP",5,145,https://liverpoolelectrician.uk/,ChIJc_YXXOqbsoERrxAS_F0mITQ,serpapi,,,,,,,
electrician,Liverpool,JM Electric,07908 593608,"6, Tobacco Wharf, 51 Commercial Rd, CommerciL road, Liverpool L5 9XB",4.7,14,https://advancedelectricaltesting.co.uk/,ChIJj59y91oxqkcRCd7tWwcw_lw,serpapi,,,,,,,
electrician,Liverpool,Daniel Paul Electrical,0151 216 4103,"Suite 6a, 10 Duke St, Liverpool, L1 5AS",5,9,https://danielpaulelectrical.co.uk/,ChIJiQD9O4ZhiCkRuOBTWPlDOmg,serpapi,,,,,,,
electrician,Liverpool,DH Electrical Testing & Installation Services Ltd,07936 250380,"39, West, Oakhill Park, Liverpool L13 4BN",4.9,192,https://dh-electricalservices.co.uk/,ChIJq94RbPN8iQsR__54Hvhs6W0,serpapi,,,,,,,
electrician,Liverpool,Conaty&Co. Electrical Services LTD,0151 374 1088,"Unit 212, vanilla factory, 39 Fleet St, Liverpool L1 4AR",5,48,https://www.conatyelectrical.com/,ChIJzyGikGL1u0QRhYlUSKclOPA,serpapi,,,,,,,
electrician,Liverpool,RAP Electrical Contractors,07851 951553,"116 Linacre Rd, Litherland, Liverpool, L21 8JT",4.2,12,http://www.rapelectrical.co.uk/,ChIJcZ4Yn4wje0gRXl2FkCGllHI,serpapi,,,,,,,
dog_groomers,Liverpool,The Hairy Dog Mother,07777 513265,"94 Scarisbrick Rd, Liverpool, L11 7BW",5,16,,ChIJGQuUswgje0gR1oATmtk0cN4,serpapi,,,,,,,
dog_groomers,Liverpool,DogOne,0151 709 1974,"14 Cleveland Square, Liverpool, L1 5BE",4.9,108,,ChIJyfpStyghe0gR4FmoLP-BnCA,serpapi,,,,,,,
dog_groomers,Liverpool,Regal Paws,07946 828522,"306 Longmoor Ln, Fazakerley, Liverpool, L9 9BZ",5,66,,ChIJVztzBRwje0gR1JmEbtukfvI,serpapi,,,,,,,
dog_groomers,Liverpool,Dog Town Liverpool,07889 855980,"7 Monkswell Dr, Liverpool, L15 8JN",5,108,,ChIJd2e3ThQhe0gRlsIIKaD4D98,serpapi,,,,,,,
dog_groomers,Liverpool,The Groomers Liverpool,0151 345 9192,"2 Page Moss Ln, Liverpool, L36 2PA",4.7,91,http://www.thegroomersliverpool.co.uk/,ChIJkcwPgOgfe0gR9aDVlC7sKrM,serpapi,,,,,,,
dog_groomers,Liverpool,Milo's Dog Grooming Studios,07783 082885,"Unit 4L, phoenix Business Park, Goodlass Rd, Liverpool L24 9HL",5,12,https://mysite.vagaro.com/milosdoggroomingservice,ChIJQfir5E3hekgRxBsjy2cBhXY,serpapi,,,,,,,
dog_groomers,Liverpool,Laura's Groom Room,0151 291 7483,"42 Lawrence Rd, Liverpool, L15 0EG",4.8,85,,ChIJdf7AUFMge0gRF_f72qKqZVY,serpapi,,,,,,,
dog_groomers,Liverpool,Wags & Washes,0151 427 5381,"89 Woolton Rd, Garston, Liverpool, L19 6PL",4.9,113,https://www.wagsandwashes.co.uk/,ChIJYZ6U2AAge0gRSe-X6wYR7_k,serpapi,,,,,,,
dog_groomers,Liverpool,Lola's Dog Grooming Liverpool,07894 032456,"20 Gorsewood Rd, Liverpool, L25 2QW",5,21,http://lolasdoggroomingliverpool.co.uk/,ChIJS01hcxAfe0gRaYFWlBNtVHs,serpapi,,,,,,,
dog_groomers,Liverpool,Mandy's Fur Dressers,07983 249529,"20 Childwall Ln, Liverpool, L14 6TU",5,63,https://amandak1965.wixsite.com/website,ChIJx1Bd424fe0gR36nbhp3R0lc,serpapi,,,,,,,
dog_groomers,Liverpool,Laura's Dog Grooming,07803 849858,"146 Town Row, Liverpool, L12 8SN",4.7,126,,ChIJJ-dzzgUie0gRxYn_RbccOW4,serpapi,,,,,,,
dog_groomers,Liverpool,The Furdressers,0151 459 3186,"64 City Rd, Liverpool, L4 5TE",4.9,80,,ChIJYVJbDEgje0gRkK6AkF13bLo,serpapi,,,,,,,
dog_groomers,Liverpool,Fraser&pooch dog groomers liverpool,07711 210793,"92 N Hill St, Liverpool, L8 8AG",4.7,46,,ChIJZTCIgZshe0gRLOYsK4HEBmA,serpapi,,,,,,,
dog_groomers,Liverpool,Woofcuts,0151 260 5915,"17A Utting Ave, Anfield, Liverpool, L4 7UN",4.5,97,https://woofcuts.shop/,ChIJ6dHWLnkhe0gRf89R7otokpA,serpapi,,,,,,,
dog_groomers,Liverpool,Woofward's Dog Grooming,07597 185013,"21 Oakfield, Anfield, Liverpool, L4 2QG",5,10,https://woofwardgrooming.wixsite.com/woofward,ChIJa-rlidbGj2oRMBC9XREt7h8,serpapi,,,,,,,
dog_groomers,Liverpool,The Fab Fur,07494 321111,"109 Woolton Rd, Liverpool, L15 6TB",4.9,49,,ChIJeU_MsTMhe0gRYYl49Rgyo9Y,serpapi,,,,,,,
dog_groomers,Liverpool,Faye's Doggy Boutique,0151 427 2760,"110 Blackburne St, Liverpool, L19 8JD",4.9,72,https://www.fayesdoggyboutique.co.uk/,ChIJy2ekh3vfekgRd4tav1I4sNs,serpapi,,,,,,,
dog_groomers,Liverpool,Barkers Liverpool,07388 019590,"560 Aigburth Rd, Cressington, Liverpool, L19 3QG",4.5,52,,ChIJI4YH_nIge0gRuFhk2U6kgg4,serpapi,,,,,,,
dog_groomers,Liverpool,Hot Dog,0151 252 2666,"17 Lisburn Ln, Tuebrook, Liverpool, L13 9AE",4.8,110,,ChIJcfpdGZEhe0gR0evJdU5WEes,serpapi,,,,,,,
dog_groomers,Liverpool,Home From Home Dog Groomers,07882 043423,"32 Manor Rd, Liverpool, L25 8QG",4.9,32,,ChIJ4Rqk3-kfe0gRcLzQsl5PSGs,serpapi,,,,,,,
cleaners,Liverpool,Broom and Bucket Ltd,0151 203 4405,"Queens Dock Business Centre, 67-83 Norfolk St, Liverpool, L1 0BG",4.8,282,http://broomandbucket.co.uk/,ChIJJ0nCnBf4fScRnC1KS2aO60g,serpapi,,,,,,,
cleaners,Liverpool,Bonus Cleaning,0151 459 4599,"307, Cotton Exchange Bldg Old Hall Street, Liverpool, L3 9LQ",4.8,159,https://www.bonuscleaning.co.uk/,ChIJM5A-r3ThekgRoq4Kuku9bQ8,serpapi,,,,,,,
cleaners,Liverpool,Simply Housework UK Limited,0151 724 2222,"Office 2, Mossley Hill, 4 Rose Ln, Liverpool L18 5ED",4.6,32,https://www.cleaningliverpool.net/,ChIJB0303j4ge0gRsmfHDouBhbo,serpapi,,,,,,,
cleaners,Liverpool,Oliver's Commercial & Domestic Cleaning Ltd,0151 305 5558,"Foxdell Cl, Old Swan, Liverpool, L13 2HF",4.9,45,https://www.oliverscleaningltd.co.uk/,ChIJY4tPlsche0gRb_2SsWhp_rU,serpapi,,,,,,,
cleaners,Liverpool,Poppies (U.K.) Ltd,0333 038 9900,"140 Speke Rd, Garston, Liverpool, L19 2PH",4.6,28,http://www.poppiescleaning.co.uk/liverpool,ChIJv_NIBf7fekgRD8Lrpfooq-8,serpapi,,,,,,,
cleaners,Liverpool,ScouseCleanQueen,07938 547478,"l, 10 Westminster Rd, Liverpool, L4 4PP",5,101,http://scousecleanqueen.co.uk/,ChIJTX0fN0JKRCURq60Mf0DhCww,serpapi,,,,,,,
cleaners,Liverpool,Maid Right Cleaning Ltd,0151 440 2650,"The Tea Factory, St Peter's Square, Fleet St, Liverpool L1 4DQ",4.9,58,https://maidright.co.uk/,ChIJo7ZVFc760W4R9j89eRAw9ek,serpapi,,,,,,,
cleaners,Liverpool,BMB Cleaning Services,07498 444504,"94 Princes Rd, Liverpool, L8 8AD",5,92,https://bmbcleaning.com/,ChIJdx8ayi0he0gRUD7GoKWrX6g,serpapi,,,,,,,
cleaners,Liverpool,Bright & Beautiful Liverpool,0151 332 1901,"Templemore Ave, Liverpool, L18 8AH",5,25,https://www.brightandbeautifulhome.com/locations/liverpool,ChIJSSbhNQAhe0gR4kgZYmwPnuc,serpapi,,,,,,,
cleaners,Liverpool,Jervo cleaning,07387 397828,"99 Henry St, Liverpool, L1 5BU",5,21,https://jervoservices.com/,ChIJZaTXvbshe0gRcBu6PxnzDgM,serpapi,,,,,,,
cleaners,Liverpool,Prime Cleaners Liverpool,07354 235338,"Unit 1, annexe, The Boxworks, Heysham Rd, Bootle L30 6UR",5,30,https://www.primecleanersliv.com/,ChIJkUweNEsje0gRwj0NSzV2BR4,serpapi,,,,,,,
cleaners,Liverpool,Molly Maid in Liverpool East,0151 453 0179,"23 Goodlass Rd, Liverpool, L24 9HJ",5,48,https://www.mollymaid.co.uk/locations/merseyside/liverpool/?utm_source=gmb&utm_medium=organic&utm_campaign=liverpool-east,ChIJh21pcm_3UUIRXXsd6BWkotU,serpapi,,,,,,,
cleaners,Liverpool,Cleaning Master Liverpool,0151 428 1899,"23 Goodlass Rd, Speke, Liverpool, L24 9HJ",4.9,119,https://www.cleaningmaster.co.uk/,ChIJibgFER3gekgReQ4qTcyaeEE,serpapi,,,,,,,
cleaners,Liverpool,Mersey Gleam Cleaning,07783 415965,"Pitville Grove, Liverpool, L18 7LE",5,42,https://merseygleamcleaning.co.uk/,ChIJf73dVrL2B2cRodswfCMMa_A,serpapi,,,,,,,
cleaners,Liverpool,My Cleaners Liverpool,0151 673 0085,,5,3,http://www.mycleanersliverpool.co.uk/?utm_source=GMB&utm_medium=Places&utm_campaign=Website,ChIJa8Sfizkhe0gRcc_j-Vg_ymQ,serpapi,,,,,,,
cleaners,Liverpool,Liverpool end Of Tenancy Cleaner's,07754 942387,"11 Rocky Ln, Liverpool, L6 4BA",5,2,https://rolfgroth7.wixsite.com/g9d58_1665591631738,ChIJ-x339z4he0gRoNdlRgcLSe8,serpapi,,,,,,,
cleaners,Liverpool,Eco Fresh Cleaning Solutions,07469 721376,"53 New Bird St, L1, L1 0BW",5,39,http://ecofreshcleaning.co.uk/,ChIJXZbyng_Zt4IRXG4drI3yg8I,serpapi,,,,,,,
cleaners,Liverpool,TFW Commercial Cleaners,0151 808 0267,"99 Stanley Rd, Kirkdale, Liverpool, L20 7DA",5,189,https://www.tfwcleaning.com/,ChIJfxu_gXwje0gR1z_LD5uxjIY,serpapi,,,,,,,
cleaners,Liverpool,JM Cleaning Services Liverpool,0151 203 9410,"15 Warton St, Bootle, L20 4PX",5,21,https://www.jmcleaning.uk/,ChIJI1lXSra64A8R-ueV9bJlpzs,serpapi,,,,,,,
cleaners,Liverpool,MetroClean,0151 281 7466,"4 Canter Cl, Fazakerley, Liverpool, L9 9JE",4.9,345,,ChIJFXzyN0Uie0gRWjqH-B0LiJQ,serpapi,,,,,,,
hair,Liverpool,DOT Hair,0151 236 5421,"46 Dale St, Liverpool, L2 5SF",4.9,277,http://www.dothair.co.uk/,ChIJt2JzLIUhe0gRb4A_TSymvS0,serpapi,,,,,,,
hair,Liverpool,Voodou Hair Salon Bold Street,0151 708 4017,"98 Bold St, Liverpool, L1 4HY",4.6,1339,https://www.voodou.co.uk/?utm_source=google&utm_medium=organic&utm_campaign=gbp,ChIJZWS6ACQhe0gRCT8MNO6EXZg,serpapi,,,,,,,
hair,Liverpool,Bottega Hair Liverpool,0151 541 7366,"11 Ranelagh St, Liverpool, L1 1JW",4.5,531,https://www.bottegahairliverpool.co.uk/,ChIJ0a_s_yQhe0gR-7-GsnXTJ54,serpapi,,,,,,,
hair,Liverpool,Swanky Malone,0151 223 0220,"10-14 Jamaica St, Liverpool, L1 0AF",4.9,220,http://www.swankymalone.com/,ChIJrWFvdwsge0gRAlsDVM4pu0k,serpapi,,,,,,,
hair,Liverpool,Henry Street Collective,0151 708 7364,"Arts Village, 20 Henry St, Liverpool, L1 5BS",4.9,120,https://www.henrystreetcollective.com/,ChIJCWpOUdUhe0gRKbRs0fsS_2M,serpapi,,,,,,,
hair,Liverpool,Saints Hairdressing,0151 727 5268,"357 Aigburth Rd, Liverpool, L17 0BP",4.9,343,https://www.phorest.com/salon/saints?,ChIJN6NIomYge0gRJBMJGrHJD_Q,serpapi,,,,,,,
hair,Liverpool,Hk Hair Salon 形髮廊,07719 432245,"46 Berry St, Liverpool, L1 4JQ",4.9,406,,ChIJi8VWNyEhe0gRBrvhOVCBwTI,serpapi,,,,,,,
hair,Liverpool,House Of Colour By Kate Kelly,07981 146064,"2-6 Queen Ave, Castle St, Liverpool, L2 4TZ",4.9,346,https://www.houseofcolouracademy.com/,ChIJaT3H6CAhe0gRCJr1FXWChKE,serpapi,,,,,,,
hair,Liverpool,Collinge & Co,0151 227 2366,"45 Castle St, Liverpool, L2 9SH",4.6,233,https://www.collingeandco.com/,ChIJRZ4bEy4he0gRWSdsATLtDMQ,serpapi,,,,,,,
hair,Liverpool,Hair Transform,0151 909 8198,"2-6, Queen Avenue, Castle St, Liverpool L2 4TZ",4.8,238,http://www.hairtransform.co.uk/,ChIJhZzzBy4he0gR-MNI3gT9cjc,serpapi,,,,,,,
hair,Liverpool,Pretty Vacant Collective,,"6 Old Haymarket, Liverpool, L1 6ER",4.9,86,https://instagram.com/pretty_vacant_collective?igshid=YmMyMTA2M2Y=,ChIJ1a_KlZghe0gRign1Pi3BknQ,serpapi,,,,,,,
hair,Liverpool,Michael Franks Liverpool One,0151 345 6148,"Michael Franks, 33a The Strand, Liverpool, L1 8LT",4.6,265,http://www.michaelfrankshair.co.uk/,ChIJkd6voS4he0gRLoVKXlFJIfE,serpapi,,,,,,,
hair,Liverpool,Zest Liverpool,0151 474 0666,"17-21 Walton Rd, Liverpool, L4 4AD",4.8,232,https://zesthairandbeautystudio.com/,ChIJ57QIEV0he0gR90IH26Z9yLo,serpapi,,,,,,,
hair,Liverpool,Rosser Hairdressing & Luxury Hair Extension Specialist,0151 722 2244,"568 Aigburth Rd, Cressington, Liverpool, L19 3QG",4.8,206,http://rosserhairdressing.com/,ChIJ75fbVS4ge0gRSUzpx-ElRtQ,serpapi,,,,,,,
hair,Liverpool,The Salon Sanctuary,0151 345 3463,"61 Burlington St, Liverpool, L3 6LG",4.9,66,https://thesalonsanctuary.book.app/,ChIJ_8ed09Ehe0gREQriHGa3T10,serpapi,,,,,,,
hair,Liverpool,Root 69 Hairdressing,07884 257479,"55 Rodney St, Liverpool, L1 9ER",4.8,136,,ChIJywvpRC8he0gRqJp9h840Of4,serpapi,,,,,,,
hair,Liverpool,Parker & Dicce,0151 428 6060,"54 Allerton Rd, Liverpool, L25 7RG",4.9,301,http://www.parkeranddicce.com/,ChIJPfL4b-wfe0gRg3tOCeQrX0I,serpapi,,,,,,,
hair,Liverpool,Red Door Hair Studio,07541 398234,"64 Tithebarn St, Liverpool, L2 2EE",4.9,133,https://reddoorhair.co.uk/?utm_source=google&utm_medium=organic&utm_campaign=gbp,ChIJP6LiGU8he0gR1RxdZ9NzMTk,serpapi,,,,,,,
hair,Liverpool,Jordan Heyes Hair,07477 970908,"Ste 130, Phenix Salon Suites, The Corn Exchange, Fenwick St, Liverpool L2 7QB",5,72,http://www.jordheyeshair.co.uk/,ChIJueA9oC_ZekgR9xBUOKGQ9uk,serpapi,,,,,,,
hair,Liverpool,Ella Hair & Beauty Salon,07403 361213,"2 Smithdown Rd, Liverpool, L7 4JG",4.8,120,https://www.fresha.com/book-now/ella-hair-and-beauty-salon-qsdeiwo3/all-offer?id=608156&pId=569524,ChIJw3Qy7wEhe0gRNCMcsy14nfE,serpapi,,,,,,,
beauty,Liverpool,Studio No.5,,"The Wedding House, Liverpool, L1 7AG",5,41,https://widget.treatwell.co.uk/place/507523/menu/,ChIJIXzj810he0gRHFL7TzTRK1Q,serpapi,,,,,,,
beauty,Liverpool,Bona Beauty Spa,07907 712912,"The Waxing Spa, 8 Water St, Liverpool, L2 8TD",4.9,59,https://www.vagaro.com/bonabeautyspa,ChIJT2u7VtYhe0gREqdE3esesic,serpapi,,,,,,,
beauty,Liverpool,Urban Calm Liverpool,0151 236 0537,"Lower Tier Metquarter 35, Whitechapel, Liverpool, L1 6DA",4.8,703,https://www.urbancalmuk.com/,ChIJAXhm5i8he0gReCObe5D4Tgc,serpapi,,,,,,,
beauty,Liverpool,SRM Beauty,,"1st Floor, Great George's Place, Liverpool, L1 7AG",5,43,https://widget.treatwell.co.uk/place/srm-beauty/,ChIJIy2iim4he0gRh0E4paL9v2A,serpapi,,,,,,,
beauty,Liverpool,Body Beautiful,0151 284 8822,"258 Walton Rd, Liverpool, L4 4BE",4.9,66,http://body-beautiful.jany.io/,ChIJFxubVWAhe0gRrO0XA9E9ymk,serpapi,,,,,,,
beauty,Liverpool,The Little Beauty Company,0151 236 2005,"25 Stanley St, Liverpool, L1 6AA",4.6,58,https://clinic.thelittlebeautyco.com/,ChIJT24i7-cge0gRDzXQrf5zXxY,serpapi,,,,,,,
beauty,Liverpool,Golden Magic,07777 338767,"69 Renshaw St, Liverpool, L1 2SJ",4.9,64,,ChIJvTJ2cQAhe0gRwWtmLH8amzo,serpapi,,,,,,,
beauty,Liverpool,Tap Liverpool (Beauty Salon & Training Academy),07534 370290,"31 Rodney Street Buzzer 10, Liverpool, L1 9EH",4.8,102,http://www.tapsalon.co.uk/,ChIJYxpCVIAhe0gRkN4mWH5EYqI,serpapi,,,,,,,
beauty,Liverpool,Nirvana - House of Beauty,0151 707 8881,"72 Rodney St, Liverpool, L1 9AF",4.9,409,http://www.nirvanahouseofbeauty.com/,ChIJvR8m8tghe0gRvYGkBgd4SXU,serpapi,,,,,,,
beauty,Liverpool,Coco’s Beauty and Training,07516 422802,"26 Rodney St, Liverpool, L1 2TQ",4.5,88,http://www.cocosbeautyandtraining.com/,ChIJYWDJaXYhe0gRcqzv5I8azRM,serpapi,,,,,,,
beauty,Liverpool,House of Auburn hair & beauty studio,0151 936 0686,"8, to, 10 E Prescot Rd, Stoneycroft, Liverpool L14 1PW",4.8,23,,ChIJBRdCEo0he0gRFHvoERsz4aE,serpapi,,,,,,,
beauty,Liverpool,Radiant Skin,0151 665 0335,"1st floor, 14 Dale St, Liverpool, L2 4TH",4.8,152,https://radiantskinliverpool.co.uk/,ChIJj-mgHS4he0gRVfFeICa5npI,serpapi,,,,,,,
beauty,Liverpool,Soso Beauty,07825 494865,"1st floor, 61a Bold St, Liverpool, L1 4EZ",4.9,65,https://www.instagram.com/sosobeauty.liverpool?igsh=eW85amJ1cmc1Mnd2&utm_source=qr,ChIJVQPvGOEhe0gRAXpH5eQ-aQs,serpapi,,,,,,,
beauty,Liverpool,Angel Hair & Beauty Salon,07455 389932,"501 W Derby Rd, Tuebrook, Liverpool, L6 4BW",4.8,193,https://angelhair.uk/,ChIJc-azo2whe0gRJK41FCEqoWU,serpapi,,,,,,,
beauty,Liverpool,The Beauty Lounge,0151 727 6105,"268 Aigburth Rd, Liverpool, L17 9PJ",4.4,124,https://www.thebeautyloungeliverpool.co.uk/,ChIJpzYQFfjfekgRPeXV6GygHZE,serpapi,,,,,,,
beauty,Liverpool,So Coco Rouge - Hair and Make-up Salon in Liverpool City Centre,0151 236 6451,"5 Old Haymarket, Liverpool, L1 6ER",4.9,135,https://www.sococorouge.com/,ChIJ2asWxSEhe0gRh5gQ8OUUdaw,serpapi,,,,,,,
beauty,Liverpool,Marigold Beauty Salon & Shop,0151 445 5836,"515 W Derby Rd, Tuebrook, Liverpool, L13 8AA",5,60,http://www.marigoldsalonshop.co.uk/,ChIJj-6IAW4he0gRkh9mkcgYBuY,serpapi,,,,,,,
lashes,Liverpool,ANNA LASH STUDIO,07399 669777,"Charnock Rd, Liverpool, L9 7ET",5,30,https://www.instagram.com/anna_lash_studio_lpl?igsh=aDhseXd2d2FqOWk2,ChIJeT6Pomgje0gRmXV3JdwUXWU,serpapi,,,,,,,
lashes,Liverpool,Lash Club Liverpool,07969 889056,"Business Centre, Office 1, 27a Crofton Rd, Stoneycroft, Liverpool L13 5UJ",5,29,http://www.lashclubliverpool.com/,ChIJUYrLBN8he0gRr9dpC7Iwscs,serpapi,,,,,,,
lashes,Liverpool,The Honey House,,"2 Brindley St, Liverpool, L8 5RW",5,18,https://linktr.ee/thehoneyhouseuk,ChIJRZGcO3Ihe0gR_bfXJtTwiEY,serpapi,,,,,,,
lashes,Liverpool,Venom Beauty UK,,"1 Elsmere Ave, Aigburth, Liverpool, L17 4LB",4.9,348,https://www.venombeauty.co.uk/,ChIJ85pyhdwhe0gRIiluqeBkJkk,serpapi,,,,,,,
lashes,Liverpool,Lashes by Victoria,,"73 High Park St, Liverpool, L8 3UF",5,9,https://www.facebook.com/victoria.formanchuk,ChIJNX5jRHohe0gRrJEanq40wRQ,serpapi,,,,,,,
lashes,Liverpool,Beautifully Enhanced Aesthetics & Skin Clinic,07565 625738,"193 Queens Dr, Mossley Hill, Liverpool, L18 1JP",4.9,66,,ChIJF_yI2LIhe0gR1a04ApkxFHM,serpapi,,,,,,,
lashes,Liverpool,Ramy Lashes,,"69 Ormskirk Rd, Aintree, Liverpool, L9 5AE",5,103,http://www.ramy-lashes.com/,ChIJEz80S-gje0gRMHM0VZc_uDE,serpapi,,,,,,,
lashes,Liverpool,My Brothers Lashes,,"Brick Street Salon, 21 Brick St, Liverpool, L1 0BL",5,43,https://www.fresha.com/book-now/brick-street-salon-d80jv8zy/services?lid=900666&eid=2512237&share=true&pId=847696,ChIJffKLytQhe0gRMRlBGhecBeU,serpapi,,,,,,,
lashes,Liverpool,Shavata Brow & Lashes Studio Liverpool,020 3026 5520,"Clayton Square Shopping Centre, Merseyside, Liverpool, L1 1QR",5,59,https://shavata.co.uk/pages/liverpool,ChIJZ3AHH-she0gRozdYSKCzYh0,serpapi,,,,,,,
lashes,Liverpool,CHLOE Lash Artist,,"26 Rodney St, Liverpool, L1 2TQ",5,7,https://www.instagram.com/chlocosmetic._/,ChIJMZuCczkhe0gRCeg0Cco-U2A,serpapi,,,,,,,
lashes,Liverpool,AK lashes and brows,07858 441550,"Birchfield St, Liverpool, L3 8DY",4.8,20,https://www.fresha.com/a/ak-lashes-bootle-16-bolden-close-kmqme3pa,ChIJ8T3-wTMje0gR1DfJpWrv348,serpapi,,,,,,,
lashes,Liverpool,Mirrored beauty,,"26 Rodney St, Liverpool, L1 2TQ",5,17,https://widget.treatwell.co.uk/place/cocos-beauty-training/,ChIJI-PHkJshe0gReKdxeY9hiwE,serpapi,,,,,,,
lashes,Liverpool,By Phoebe,,"The Salon Sanctuary, 61 Burlington St, Liverpool, L3 6LG",4.8,23,http://www.by-phoebe.com/,ChIJJ9K-JKYje0gRxkyFAoY2Uas,serpapi,,,,,,,
lashes,Liverpool,UniOfLashes,07748 723048,"Broad Green Rd, Old Swan, Liverpool, L13 5SF",5,36,,ChIJ4aNAZ3Ehe0gRMpelqnpR_FQ,serpapi,,,,,,,
lashes,Liverpool,Blink lashy,07557 917591,"31 Rodney St, Liverpool, L1 9EH",4.4,19,http://blinklashy.co.uk/,ChIJ8ytwmiEhe0gRXiTe4Mzcf_4,serpapi,,,,,,,
car_detailers,Liverpool,Gleamers Car Detailing,0800 294 1778,"32 Branstree Ave, Liverpool, L11 3BY",4.9,102,https://gleamerscardetailing.com/,ChIJWfB7iBsje0gRn-jZ94qw-Mg,serpapi,,,,,,,
car_detailers,Liverpool,Sleek Detailing,07709 229894,"51 Heathfield Dr, Liverpool, Bootle, L20 6GE",5,74,https://sleekdetailinguk.wixsite.com/sleek-detailing,ChIJDeRLCWlox28RKiTDI-HI1Yc,serpapi,,,,,,,
car_detailers,Liverpool,G's Detailing,07722 597763,"Out Ln, Liverpool, L25 9NN",5,37,http://gs-detailing.com/,ChIJL5tUSy92bmMR9uFKybASBRA,serpapi,,,,,,,
car_detailers,Liverpool,ESA detailing,07841 410122,"31 Hahnemann Rd, Liverpool, L4 3RZ",4.2,5,https://www.esadetailing.co.uk/,ChIJUxH7M4Eje0gRdwpX4TjMPzY,serpapi,,,,,,,
car_detailers,Liverpool,Gleamers Mobile Car Valeting And Detailing,0151 515 6507,"100 Gainsborough Rd, Liverpool, L15 3HX",4.7,477,https://gleamerscleaning.co.uk/mobile-car-valeting,ChIJJ4s2h1Ige0gRTSZVliYy0jw,serpapi,,,,,,,
car_detailers,Liverpool,Fresh Car Valeting Liverpool,,"Rodney Chambers, 40 Rodney St, Liverpool, L1 9AA",4.7,205,https://www.freshcar.co.uk/england-locations/north-west/car-valeting-liverpool/,ChIJp7c8GkEhe0gRsAhYTfXoTa4,serpapi,,,,,,,
car_detailers,Liverpool,Dark Horse Detailing,07541 340906,"Unit 1 Powderworks Ln, Liverpool, L31 1AU",5,159,https://www.darkhorsedetailing.co.uk/,ChIJUzgci1gZe0gRMHq6Eitzb-g,serpapi,,,,,,,
car_detailers,Liverpool,Attention 2 Detail Liverpool,07835 231967,"Darby Rd, Liverpool, L19 9BP",5,16,,ChIJjTySj1Ehe0gRMISA6OOFZRM,serpapi,,,,,,,
car_detailers,Liverpool,GS Car Detailing,07482 029472,"3 Charnock Rd, Liverpool, L9 6AW",5,9,https://www.gscardetailing.uk/,ChIJO5igupQje0gRn8QN3K-rs2A,serpapi,,,,,,,
car_detailers,Liverpool,DV Car Care,07341 820311,"94 Hale Rd, Speke, Liverpool, L24 1WH",5,41,,ChIJiYyfuxjhekgRyHbahhLoV38,serpapi,,,,,,,
car_detailers,Liverpool,RT Custom Detail,,"RT Custom Detail #1A John archer Hall, 68 Upper Hill St, Liverpool, L8 1YR",4.8,18,https://www.facebook.com/RTCustomDetail,ChIJM29PleAge0gRTUxVz2JRXWc,serpapi,,,,,,,
car_detailers,Liverpool,KS Autocare,07999 421061,"Unit 13, Powderworks Industrial Estate, Powderworks Ln, Liverpool L31 1AU",5,92,http://ksautocare.co.uk/,ChIJ3QRUE14Ze0gRQOQXR4uCB-I,serpapi,,,,,,,
car_detailers,Liverpool,HEL Detailing by Hoey Enterprises Ltd,07990 331379,"1, Target point, Liverpool, L33 7AD",5,15,http://heldetailing.com/,ChIJK6aygwwhe0gR0aTrQVtAuSQ,serpapi,,,,,,,
car_detailers,Liverpool,Impeccable valeting and detailing services,07462 779257,"73 Brewster St, Bootle, L20 9NG",5,50,http://www.impeccablevaleting.co.uk/,ChIJb1PrIxMje0gRHtIHF3Waf3U,serpapi,,,,,,,
car_detailers,Liverpool,Dirty Motors Valeting,07827 916865,"8 St Luke's Way, Huyton, Liverpool, L36 8JW",5,17,https://www.dirtymotorsvaleting.co.uk/,ChIJUZ3gP1ED2UcR8mVCwPxRHGY,serpapi,,,,,,,
car_detailers,Liverpool,Viper Valeting,07368 875459,"Temple Square, Temple St, Liverpool, L2 5RH",4.9,13,http://viper-valeting.co.uk/,ChIJS-PABXJKqo4R2aU7JImIw6U,serpapi,,,,,,,
car_detailers,Liverpool,Car Cleaning Experts,,"Level One, 49 Jamaica St, Liverpool, L1 0AH",5,1,https://carcleaningexperts.co.uk/,ChIJefL4TM0he0gR-ThYMWZ4SnE,serpapi,,,,,,,
car_detailers,Liverpool,Elite detail and tint,07951 711075,"Millers Bridge Industrial Estate, unit 19 Seymour St, Liverpool, Bootle, L20 1EE",5,19,https://elitedetailandtint.co.uk/,ChIJc1Hpu1Eje0gR1PYyKWQOY7E,serpapi,,,,,,,
car_detailers,Liverpool,Exclusive Car Wash,0151 458 6200,"Vulcan St, Liverpool, L3 7BG",4.7,19,,ChIJ-52tJhshe0gRTvcuu8kWESI,serpapi,,,,,,,
car_detailers,Liverpool,Prestige Automotive,07537 970455,,5,42,http://www.prestigeautomotiveuk.com/,ChIJV8xc7jkKfWgRvVR1qrXrO-0,serpapi,,,,,,,
driving_instructors,Liverpool,Evolution Driving School Liverpool,07825 834624,"8 Gipsy Ln, Liverpool, L18 3HL",4.9,221,https://evolutiondrivingschool.com/,ChIJE6ebtH4fe0gRsP__rOaTet8,serpapi,,,,,,,
driving_instructors,Liverpool,"PassFaster Driving School, Liverpool",07852 451457,"Business Centre, 374 Penny Ln, Smithdown Rd, Liverpool L15 5AN",4.6,354,https://passfaster.org/,ChIJzzxKFkkge0gR_RmqEQ4OPIA,serpapi,,,,,,,
driving_instructors,Liverpool,Matt - Professional Driving Instructor,07870 620179,"Rosemont Rd, Aigburth, Liverpool, L17 6BY",4.9,79,https://bestdrivinginstructorinliverpool.freeindex.co.uk/,ChIJmywntfMge0gRNLftG2RlgCE,serpapi,,,,,,,
driving_instructors,Liverpool,The Driving Academy,0151 283 2929,"25 Goodlass Rd, Speke, Liverpool, L24 9HJ",4.9,434,https://thedrivingacademy.com/,ChIJlxdnh9Iie0gRXTnOwMEareI,serpapi,,,,,,,
driving_instructors,Liverpool,Kev mills @ LESSON driving school liverpool,07485 001918,"Prescot Rd, Old Swan, Liverpool, L13 3DA",5,154,,ChIJQzLwDoEhe0gRlJmTxslxeNE,serpapi,,,,,,,
driving_instructors,Liverpool,Liverpool Automatic Driving School,07490 509906,"Sunnyside, Liverpool, L8 3TD",4.8,31,http://lad-s.co.uk/,ChIJkxJpMZ3_ZkoRDmDlNpJ5Uws,serpapi,,,,,,,
driving_instructors,Liverpool,Ashley Neal Driving Instruction,0800 999 6177,"50 Whitewood Park, Fazakerley, Liverpool, L9 7LG",4.8,586,http://www.ashleyneal.com/,ChIJ2Zqs-Ugie0gRMXSfP-bIi0A,serpapi,,,,,,,
driving_instructors,Liverpool,Zell Driving School (Automatic Lessons Only),0151 909 2901,"Martensen Dr, Edge Hill, Liverpool, L7 1AG",5,61,https://zelldrivingschool.co.uk/,ChIJr3Fg2GYhe0gR_lDR3kx6R5A,serpapi,,,,,,,
driving_instructors,Liverpool,Learn 2 Pass,0151 722 5080,"24 Molesworth Grove, Liverpool, L16 3NB",4.7,41,https://www.learn2pass-liverpool.co.uk/,ChIJ5aoySHofe0gR8Y-C9xMxXX4,serpapi,,,,,,,
driving_instructors,Liverpool,Green Light Driving School Liverpool,07923 835117,"Alwyn St, Liverpool, L17 7DU",5,32,,ChIJzTvaqKqYIasRc9d7PtsjjYk,serpapi,,,,,,,
driving_instructors,Liverpool,Fastlane driving school,07761 555513,"16 Antons Rd, Liverpool, L26 9UW",5,75,http://www.liverpooldrivinginstructor.co.uk/,ChIJ23aTPSoee0gRJQzeMesvd7s,serpapi,,,,,,,
driving_instructors,Liverpool,Carls Driving School,07961 359323,"55 Orrell Ln, Bootle, Liverpool, L20 6HZ",4.9,99,https://www.carlsdrivingschool.co.uk/,ChIJxZaz8woke0gROhpNset6zRc,serpapi,,,,,,,
driving_instructors,Liverpool,Driving School Liverpool,0151 542 5400,,4.9,16,https://www.drivingschool-liverpool.co.uk/,ChIJ50nN7jagvk0RCBRmOvTgwfA,serpapi,,,,,,,
driving_instructors,Liverpool,Liverpool Driving School - Automatic,07743 062933,"50 Court Hey Rd, Liverpool, L16 2LZ",5,1,http://www.liverpooldrivingschool.co.uk/,ChIJ2zmSDu4he0gR8okmB8ZKPc8,serpapi,,,,,,,
driving_instructors,Liverpool,Pathway Driving,07523 308145,"114 Ford Ln, Litherland, Liverpool, L21 0HT",5,108,http://www.pathwaydriving.co.uk/,ChIJr0RYtE4he0gR9eJHRbNQA24,serpapi,,,,,,,
driving_instructors,Liverpool,Ste Drives Driving School. DVSA Approved Driving Instructor.,07429 612173,"2 Heydon Cl, Halewood, Liverpool, L26 9SD",5,191,,ChIJCZG9n6Mfe0gRXhVrKwlMNyo,serpapi,,,,,,,
driving_instructors,Liverpool,Seans School of Motoring Liverpool,07851 709949,"25 St Austells Rd, Liverpool, L4 5QP",4.9,8,http://www.seansschoolofmotoring.com/,ChIJYx9X4t0je0gRaRM1MRWCDTg,serpapi,,,,,,,
driving_instructors,Liverpool,Complete Driver Training,07815 189828,"12 Roby St, Bootle, Liverpool, L20 5BH",5,13,http://completedtliv.co.uk/,ChIJV_iOuuMje0gReiGPiDMh4tQ,serpapi,,,,,,,
driving_instructors,Liverpool,Hardman Driving School,0151 928 0136,"30 Rothesay Dr, Liverpool, L23 0RF",5,139,http://www.hardmandrivingschool.co.uk/,ChIJQyGVy4cke0gRpymHs7JXutE,serpapi,,,,,,,
driving_instructors,Liverpool,POD Driving School,07887 517051,"54 Portelet Rd, Liverpool, L13 6SQ",5,14,,ChIJV_ha_L8he0gRVBSiLpkoXOY,serpapi,,,,,,,
gardeners,Liverpool,Karl Fischer Garden Grounds & Tree Maintenance Limited,07711 890490,"54 St James St, Liverpool, L1 0AB",5,211,https://www.karlfischer.co.uk/,ChIJw3Q8Aqkhe0gRG-DPgMQ5QtE,serpapi,,,,,,,
gardeners,Liverpool,Liverpool Gardening Services Ltd,0151 808 5107,"117-121 Sefton Rd, Litherland, Liverpool, L21 9HG",4.8,117,https://www.liverpoolgardeners.com/,ChIJ63KbDawje0gRV_66VyH78to,serpapi,,,,,,,
gardeners,Liverpool,Liverpool Gardening Service,07999 991474,"23 Benson St, Liverpool, L1 2SS",5,2,https://www.liverpoolgardeningservice.co.uk/,ChIJE6aqvnMhe0gRPCC9m-0zn28,serpapi,,,,,,,
gardeners,Liverpool,Marks New Gardens,07940 549803,"18 Parkside Dr, Liverpool, L12 5ES",4.6,30,http://marksnewgardens.com/,ChIJiWof1_Yhe0gRD6of1qjcCjg,serpapi,,,,,,,
gardeners,Liverpool,J&L Landscapes,07940 193012,"24 Macket's Ln, Hunt's Cross, Liverpool, L25 0LQ",4.8,60,https://www.liverpool-landscaping.co.uk/,ChIJvxOmYNkfe0gRGEUl5jDD7rk,serpapi,,,,,,,
gardeners,Liverpool,CS Tree & Garden services,07799 037669,,5,109,https://cstreegardenservices.co.uk/,ChIJHUm7aqB-NkQRcyolaSf-hus,serpapi,,,,,,,
gardeners,Liverpool,Total Care Grounds Maintenance Ltd,07862 700995,"18 Helsby Rd, Aintree, Liverpool, L9 4SH",5,72,http://www.totalcaregardens.co.uk/,ChIJGwzIlb8je0gREpkqStxuxLI,serpapi,,,,,,,
gardeners,Liverpool,Wilkinson Garden and Grounds Maintenance,07887 621170,"262 Walton Hall Ave, Liverpool, L11 7BZ",5,18,http://wilkinson-maintenance.co.uk/,ChIJo4qQCz6VtgkRP05emI5oxCc,serpapi,,,,,,,
gardeners,Liverpool,North Liverpool Garden Services,07908 572336,"Quarry Rd, Bootle, L20 9LJ",5,36,,ChIJ6Vv9_PMje0gRPlhTO6waQwk,serpapi,,,,,,,
gardeners,Liverpool,Calderstones Landscaping,0151 474 0300,"51 Bulford Rd, Liverpool, L9 6AX",5,54,http://calderstoneslandscaping.co.uk/,ChIJUUd9Ncgje0gRshv_6YJQL2s,serpapi,,,,,,,
gardeners,Liverpool,JRJ Landscaping,0151 515 6599,"10 Rumford Pl, Liverpool, L3 9DG",5,21,,ChIJxVVhQ3Yhe0gRSxLYcV1NMJo,serpapi,,,,,,,
gardeners,Liverpool,Heaven On Earth Landscapes Limited,07740 554210,"10 Hadfield Grove, Woolton, Liverpool, L25 8RR",4.8,31,http://www.heavenonearthlandscapes.uk/,ChIJa2bEkM8fe0gRINtqsJelHQQ,serpapi,,,,,,,
gardeners,Liverpool,Infinity Landscaping,07388 919955,"23 Fenton Cl, Speke, Liverpool, L24 3UH",5,51,https://www.infinitylandscaping.co.uk/,ChIJ4Qjxa7_hekgRfav0XQqLLdk,serpapi,,,,,,,
gardeners,Liverpool,Gardening guys,,,5,16,https://www.instagram.com/gardeningguys/,ChIJeWAHIEwhe0gRkbISkEsneRU,serpapi,,,,,,,
gardeners,Liverpool,Greenershade Ltd.,07821 211449,"Brunswick Dock, Tower St, Liverpool, L3 4BJ",5,24,http://www.greenershade.com/,ChIJg-cdKgTybIERIlK5opbfdtE,serpapi,,,,,,,
gardeners,Liverpool,Edgar Landscapes & driveways Ltd,07504 684804,"232 Muirhead Ave E, Liverpool, L11 1EP",5,44,https://edgarlandscapesdriveways.co.uk/,ChIJExGoLSshe0gR4DV7DZDEgoo,serpapi,,,,,,,
gardeners,Liverpool,Shaun Brooks Garden Maintenance Service,07875 972384,"Lorenzo Dr, Liverpool, L11 1DR",5,12,https://www.shaunbrooksgardenmaintenance.com/,ChIJ50eiheIhe0gRdRgKSLdjJzQ,serpapi,,,,,,,
gardeners,Liverpool,SWP Garden Maintenance,07543 889451,"7 Stanley Rd, Maghull, Liverpool, L31 5JL",5,51,http://swpgardening.co.uk/,ChIJPyhjImkRBgQRCI4dVpG22tg,serpapi,,,,,,,
gardeners,Liverpool,Bellissimo Garden Services and Maintenance,07908 003081,"25 Rose St, Liverpool, L25 7SN",4.5,33,,ChIJtU3Z1GH6IaoR51ovz4Hwuj8,serpapi,,,,,,,
gardeners,Liverpool,Parkside Gardening Services,07771 636830,"7 Ruthin Wy., Liverpool, L17 7DZ",5,21,,ChIJgZOwNiQ0OC8Roeqsu4IjGvg,serpapi,,,,,,,
weddings,Liverpool,Keyhole Studios - Liverpool Wedding Photography & Film,0151 708 7077,"47A Dinas Ln, Huyton, Liverpool, L36 2NL",5,211,http://www.keyholestudios.com/,ChIJ9UjJBCQhe0gR3HhbBcXNiY0,serpapi,,,,,,,
weddings,Liverpool,Adept Photography Ltd.,07473 341696,"Flat 50, Falkner Terrace, 151 Upper Parliament St, Liverpool L8 7LD",4.7,26,http://www.adept-photography.co.uk/,ChIJYzW-CuIge0gRw76R3D_keL0,serpapi,,,,,,,
weddings,Liverpool,MyPhotosForever,0151 724 3826,"Office 622, Exchange Flags, Liverpool, L2 3DF",4.8,35,http://www.myphotosforever.co.uk/,ChIJIcHVERkge0gRVhQ2CLZY9OE,serpapi,,,,,,,
weddings,Liverpool,Gemma Cullen Photography,07548 693305,"Ullet Rd, Liverpool, L8 3SR",5,20,https://www.gemmacullen.photography/,ChIJxcnrjiche0gRPiZhCcuT438,serpapi,,,,,,,
weddings,Liverpool,Capture Your Moments Wedding Films & Photography,07456 587775,"17, 17 Childwall Ln, Pilch Ln, Liverpool L14 6TT",5,47,http://www.captureyourmomentsweddingvideo.com/,ChIJbad20G0fe0gR89M7k76Dzio,serpapi,,,,,,,
weddings,Liverpool,KrysPolkinoPhotography - Event & Wedding Photographer Liverpool,07740 838442,"51B Muirhead Ave, Liverpool, L13 9BG",5,10,https://www.kryspolkinophotography.com/,ChIJZ34BdZEhe0gRaGf326hIEHE,serpapi,,,,,,,
weddings,Liverpool,roll and stop photography shop,,"32 Bankfield St, Liverpool, L20 8EJ",5,34,http://www.rollandstop.co.uk/,ChIJpeHKEVAKwUURmLAkIc3IGrg,serpapi,,,,,,,
weddings,Liverpool,Leon Britton Photography,07764 328411,"The Secret Warehouse, Kirkdale, Liverpool, Bootle, L20 8HN",5,178,https://leonbritton.com/?utm_source=google&utm_medium=organic&utm_campaign=gbp,ChIJyeAPFfwje0gRqF7PUKRejuI,serpapi,,,,,,,
weddings,Liverpool,Exio Photography | Wedding Stories,07767 584580,"Sefton Rd, Liverpool, L9 2BP",5,32,https://www.exiophotography.com/#utm_source=Google&utm_medium=GBP&utm_campaign=UK_GBP&utm_id=UK,ChIJU6oCl4oje0gRktA-3YpW3uU,serpapi,,,,,,,
weddings,Liverpool,Liverpool Wedding Photographer - David Walters,07886 794180,,5,41,http://www.davidwaltersphotography.co.uk/,ChIJUQT-Px4he0gR-ZrGXqBiL6M,serpapi,,,,,,,
weddings,Liverpool,Kate Swerdlow Photography,07809 771143,"L18, 16 GORDON PLACE, Liverpool, L18 5EF",5,77,http://www.kateswerdlowphotography.com/,ChIJhUsFN3EWdkgRzN6haUnkTgw,serpapi,,,,,,,
weddings,Liverpool,Andrew AB Wedding Photography,,"Alt St, Liverpool, L8 2UQ",5,16,http://www.andrewab.wedding/,ChIJK5Jxbxwhe0gRInyAnG_OVq0,serpapi,,,,,,,
weddings,Liverpool,DJC Wedding Photography Liverpool,07810 321634,"Glenfield Rd, Liverpool, L15 5BJ",5,13,https://www.djc-weddings.co.uk/,ChIJC8ba60kge0gRDBSdBqJ4n_k,serpapi,,,,,,,
weddings,Liverpool,Jon Lingwood Photography,07980 841365,"116 Walsingham Rd, Liverpool, L16 3NU",5,14,https://www.jonlingwoodphotography.co.uk/,ChIJ88KT67wfe0gRz7pDvE2tI78,serpapi,,,,,,,
weddings,Liverpool,Andy J Photography,07768 189442,"Ridgeway Dr, Lydiate, Liverpool, L31 0DE",5,66,https://www.andyjphotography.co.uk/,ChIJhfG9HMwie0gRhm5ztOFKrdA,serpapi,,,,,,,
weddings,Liverpool,Xposure Studios,0151 709 2348,"211, The Tea Factory, 82 Wood St, Liverpool L1 4DQ",4.9,310,http://www.xposurestudios.co.uk/,ChIJfYeBBCQhe0gRCLP0jU6Acv0,serpapi,,,,,,,
weddings,Liverpool,Soph Studio,,"9 Catharine St, Liverpool, L8 7NH",5,3,https://www.sophstudio.de/,ChIJUaRwjqrwlGsRVBQN9WUq46Q,serpapi,,,,,,,
weddings,Liverpool,Accidentally on Purpose by Daisy,07922 805278,"York St, Liverpool, L1 5BN",5,22,https://accidentallyonpurposebydaisy.com/,ChIJk7kddKkhe0gRjc2YFAzbJ6E,serpapi,,,,,,,
weddings,Liverpool,Wes Simpson Weddings: No1 Liverpool Wedding Photographer,07766 500824,"West Tower, Brook St, Liverpool, L3 9PJ",5,8,https://wessimpson-weddings.com/,ChIJizLXz-Qhe0gRHV_gTADKjrk,serpapi,,,,,,,
weddings,Liverpool,L1 Photography,07788 748494,"Annexe, 3 Hope St, Liverpool, L13BQ",5,156,http://l1photography.co.uk/,ChIJ_d2JLyIhe0gRnUvCQA_pJw4,serpapi,,,,,,,
